entry_id,contest_id,contest_name,C,C,W,W,D,D,UTIL,UTIL,G,,Instructions,,,,,,,,,,,,,,,,,
3069768687,86982-262866008,$12K Mon NHL Breakaway ($3K to 1st),86982-113289,86982-142017,86982-152162,86982-43135,86982-12262,86982-12411,86982-62788,86982-84409,86982-117110,,1) Edit your lineup by inserting any player from this list into their appropriate position columns,,,,,,,,,,,,,,,,,
3069768688,86982-262866008,$12K Mon NHL Breakaway ($3K to 1st),86982-142017,86982-62788,86982-135875,86982-152162,86982-13742,86982-8688,86982-73949,86982-43135,86982-117110,,2) You can paste either the Player ID + Name OR ID from their respective columns,,,,,,,,,,,,,,,,,
3069768690,86982-262866008,$12K Mon NHL Breakaway ($3K to 1st),86982-113279,86982-142016,86982-43135,86982-62429,86982-12262,86982-66759,86982-62157,86982-62788,86982-117110,,3) Any information to the right of the last position column will be ignored in the upload. Don't leave blank rows. Any entries after a blank row will not be edited,,,,,,,,,,,,,,,,,
3069768691,86982-262866008,$12K Mon NHL Breakaway ($3K to 1st),86982-142017,86982-62157,86982-135654,86982-43135,86982-12262,86982-66759,86982-66408,86982-70905,86982-117110,,4) You can not use this form to create new entries,,,,,,,,,,,,,,,,,
3069768692,86982-262866008,$12K Mon NHL Breakaway ($3K to 1st),86982-142017,86982-23041,86982-43135,86982-70168,86982-12262,86982-74016,86982-82004,86982-82026,86982-117110,,,,,,,,,,,,,,,,,,,
3069768693,86982-262866008,$12K Mon NHL Breakaway ($3K to 1st),86982-43176,86982-62157,86982-135875,86982-148097,86982-101277,86982-66759,86982-152162,86982-42922,86982-117110,,Player ID + Player Name,Id,Position,First Name,Nickname,Last Name,FPPG,Played,Salary,Game,Team,Opponent,Injury Indicator,Injury Details,Tier,,,Roster Position
3069768694,86982-262866008,$12K Mon NHL Breakaway ($3K to 1st),86982-58332,86982-62788,86982-152162,86982-43135,86982-12244,86982-55607,86982-70904,86982-8556,86982-117110,,86982-70904:Matthew Tkachuk,86982-70904,W,Matthew,Matthew Tkachuk,Tkachuk,20.60192402,52,10000,FLA@MIN,FLA,MIN,,,,,,W/UTIL
3069768695,86982-262866008,$12K Mon NHL Breakaway ($3K to 1st),86982-142016,86982-62788,86982-23222,86982-43135,86982-12262,86982-66759,86982-59208,86982-62429,86982-117110,,86982-70924:Tage Thompson,86982-70924,C,Tage,Tage Thompson,Thompson,20.76470588,51,9800,BUF@LA,BUF,LA,,,,,,C/UTIL
3069768697,86982-262866008,$12K Mon NHL Breakaway ($3K to 1st),86982-142017,86982-15360,86982-43135,86982-62429,86982-12262,86982-14456,86982-62157,86982-8294,86982-117110,,86982-84409:Elias Pettersson,86982-84409,C,Elias,Elias Pettersson,Pettersson,19.4098044,51,9700,DET@VAN,VAN,DET,,,,,,C/UTIL
3069768698,86982-262866008,$12K Mon NHL Breakaway ($3K to 1st),86982-12592,86982-62788,86982-152162,86982-8640,86982-101277,86982-55607,86982-68644,86982-84409,86982-117110,,86982-135875:Kirill Kaprizov,86982-135875,W,Kirill,Kirill Kaprizov,Kaprizov,18.54038415,52,9300,FLA@MIN,MIN,FLA,,,,,,W/UTIL
3069768699,86982-262866008,$12K Mon NHL Breakaway ($3K to 1st),86982-15277,86982-68644,86982-152162,86982-171491,86982-12262,86982-82112,86982-84409,86982-70905,86982-117110,,86982-97147:Brady Tkachuk,86982-97147,W,Brady,Brady Tkachuk,Tkachuk,16.79215734,51,8800,CGY@OTT,OTT,CGY,,,,,,W/UTIL
3069768701,86982-262866008,$12K Mon NHL Breakaway ($3K to 1st),86982-142017,86982-39249,86982-152162,86982-43135,86982-12262,86982-66635,86982-58332,86982-84409,86982-117110,,86982-84395:Kevin Lankinen,86982-84395,G,Kevin,Kevin Lankinen,Lankinen,15.77142879,14,8600,ARI@NSH,NSH,ARI,,,,,,G
3069768702,86982-262866008,$12K Mon NHL Breakaway ($3K to 1st),86982-15360,86982-58332,86982-66686,86982-70905,86982-12262,86982-55607,86982-68644,86982-82004,86982-117110,,86982-70168:Alex Tuch,86982-70168,W,Alex,Alex Tuch,Tuch,16.23137231,51,8600,BUF@LA,BUF,LA,,,,,,W/UTIL
3069768703,86982-262866008,$12K Mon NHL Breakaway ($3K to 1st),86982-142016,86982-82004,86982-107994,86982-59207,86982-55607,86982-66759,86982-70904,86982-8275,86982-117110,,86982-66411:Juuse Saros,86982-66411,G,Juuse,Juuse Saros,Saros,20.02051251,39,8600,ARI@NSH,NSH,ARI,,,,,,G
3069768704,86982-262866008,$12K Mon NHL Breakaway ($3K to 1st),86982-142016,86982-62788,86982-43135,86982-62429,86982-12262,86982-70375,86982-82190,86982-8275,86982-70509,,86982-12262:Roman Josi,86982-12262,D,Roman,Roman Josi,Josi,18.26,50,8500,ARI@NSH,NSH,ARI,,,,,,D/UTIL
3069768706,86982-262866008,$12K Mon NHL Breakaway ($3K to 1st),86982-142017,86982-15360,86982-151490,86982-152162,86982-66759,86982-8406,86982-97108,86982-70905,86982-117110,,86982-8412:Jonathan Quick,86982-8412,G,Jonathan,Jonathan Quick,Quick,9.351724559,29,8400,BUF@LA,LA,BUF,,,,,,G
3069768708,86982-262866008,$12K Mon NHL Breakaway ($3K to 1st),86982-142017,86982-23041,86982-43135,86982-70904,86982-55607,86982-70375,86982-82004,86982-8275,86982-117110,,86982-142017:Tim Stuetzle,86982-142017,C,Tim,Tim Stuetzle,Stuetzle,15.94042579,47,8400,CGY@OTT,OTT,CGY,,,,,,C/UTIL
3069768709,86982-262866008,$12K Mon NHL Breakaway ($3K to 1st),86982-142017,86982-62157,86982-152162,86982-43028,86982-8406,86982-97173,86982-82026,86982-84409,86982-117110,,86982-54028:Pheonix Copley,86982-54028,G,Pheonix,Pheonix Copley,Copley,18.20952352,21,8400,BUF@LA,LA,BUF,,,,,,G
3069768711,86982-262866008,$12K Mon NHL Breakaway ($3K to 1st),86982-113289,86982-82004,86982-148097,86982-62429,86982-12262,86982-23438,86982-79935,86982-97147,86982-117110,,86982-85132:Rasmus Dahlin,86982-85132,D,Rasmus,Rasmus Dahlin,Dahlin,17.69,50,8200,BUF@LA,BUF,LA,,,,,,D/UTIL
3069768713,86982-262866008,$12K Mon NHL Breakaway ($3K to 1st),86982-12592,86982-82004,86982-12728,86982-135875,86982-23438,86982-66759,86982-148097,86982-82190,86982-117110,,86982-68665:Alex Lyon,86982-68665,G,Alex,Alex Lyon,Lyon,14.66666667,6,8000,FLA@MIN,FLA,MIN,,,,,,G
3069768715,86982-262866008,$12K Mon NHL Breakaway ($3K to 1st),86982-142017,86982-15277,86982-73889,86982-82190,86982-12262,86982-12411,86982-68644,86982-97108,86982-117110,,86982-148103:Spencer Knight,86982-148103,G,Spencer,Spencer Knight,Knight,16.03999939,20,8000,FLA@MIN,FLA,MIN,,,,,,G
3069768716,86982-262866008,$12K Mon NHL Breakaway ($3K to 1st),86982-103276,86982-15360,86982-12728,86982-74112,86982-12262,86982-66759,86982-82004,86982-79857,86982-117110,,86982-8612:Marc-Andre Fleury,86982-8612,G,Marc-Andre,Marc-Andre Fleury,Fleury,15.15294154,34,7900,FLA@MIN,MIN,FLA,,,,,,G
3069768717,86982-262866008,$12K Mon NHL Breakaway ($3K to 1st),86982-12592,86982-62157,86982-12439,86982-43135,86982-12262,86982-66759,86982-68644,86982-85132,86982-117110,,86982-82752:Filip Gustavsson,86982-82752,G,Filip,Filip Gustavsson,Gustavsson,16.70400024,25,7900,FLA@MIN,MIN,FLA,,,,,,G
3069768718,86982-262866008,$12K Mon NHL Breakaway ($3K to 1st),86982-62788,86982-97108,86982-103624,86982-12253,86982-12262,86982-12411,86982-43135,86982-8275,86982-82752,,86982-12253:Mats Zuccarello,86982-12253,W,Mats,Mats Zuccarello,Zuccarello,15.5,50,7900,FLA@MIN,MIN,FLA,,,,,,W/UTIL
3069768719,86982-262866008,$12K Mon NHL Breakaway ($3K to 1st),86982-62157,86982-62788,86982-12728,86982-135875,86982-12262,86982-23438,86982-43135,86982-66686,86982-117110,,86982-73885:Alex DeBrincat,86982-73885,W,Alex,Alex DeBrincat,DeBrincat,14.1823527,51,7800,CGY@OTT,OTT,CGY,,,,,,W/UTIL
3069768720,86982-262866008,$12K Mon NHL Breakaway ($3K to 1st),86982-12592,86982-142017,86982-70904,86982-70905,86982-12411,86982-82112,86982-74008,86982-8275,86982-117110,,86982-66610:Dan Vladar,86982-66610,G,Dan,Dan Vladar,Vladar,15.0857137,21,7700,CGY@OTT,CGY,OTT,,,,,,G
3069768721,86982-262866008,$12K Mon NHL Breakaway ($3K to 1st),86982-142017,86982-15277,86982-148097,86982-152162,86982-12812,86982-66759,86982-66686,86982-79857,86982-117110,,86982-41393:Aleksander Barkov,86982-41393,C,Aleksander,Aleksander Barkov,Barkov,16.33863692,44,7700,FLA@MIN,FLA,MIN,,,,,,C/UTIL
3069768722,86982-262866008,$12K Mon NHL Breakaway ($3K to 1st),86982-142016,86982-15277,86982-135875,86982-66686,86982-23438,86982-42862,86982-8394,86982-84409,86982-117110,,86982-12283:Jacob Markstrom,86982-12283,G,Jacob,Jacob Markstrom,Markstrom,11.79999966,36,7700,CGY@OTT,CGY,OTT,,,,,,G
3069768723,86982-262866008,$12K Mon NHL Breakaway ($3K to 1st),86982-12592,86982-142017,86982-135875,86982-62429,86982-12411,86982-55607,86982-23041,86982-66754,86982-117110,,86982-59208:Kevin Fiala,86982-59208,W,Kevin,Kevin Fiala,Fiala,15.0796294,54,7600,BUF@LA,LA,BUF,,,,,,W/UTIL
3069768724,86982-262866008,$12K Mon NHL Breakaway ($3K to 1st),86982-41390,86982-82026,86982-152162,86982-43135,86982-12262,86982-66635,86982-84409,86982-8640,86982-54028,,86982-12439:Jeff Skinner,86982-12439,W,Jeff,Jeff Skinner,Skinner,15.24583308,48,7500,BUF@LA,BUF,LA,,,,,,W/UTIL
3069768725,86982-262866008,$12K Mon NHL Breakaway ($3K to 1st),86982-12592,86982-23041,86982-12253,86982-152162,86982-101277,86982-12812,86982-84409,86982-8502,86982-117110,,86982-15360:J.T. Miller,86982-15360,C,J.T.,J.T. Miller,Miller,14.16415117,53,7400,DET@VAN,VAN,DET,,,,,,C/UTIL
3069768726,86982-262866008,$12K Mon NHL Breakaway ($3K to 1st),86982-142016,86982-84409,86982-142022,86982-148097,86982-66759,86982-8406,86982-152162,86982-70168,86982-117110,,86982-8292:Craig Anderson,86982-8292,G,Craig,Craig Anderson,Anderson,16.48000031,20,7400,BUF@LA,BUF,LA,,,,,,G
3069768727,86982-262866008,$12K Mon NHL Breakaway ($3K to 1st),86982-142017,86982-84409,86982-103624,86982-66686,86982-12812,86982-23225,86982-97108,86982-70905,86982-117110,,86982-70914:Jakob Chychrun,86982-70914,D,Jakob,Jakob Chychrun,Chychrun,14.65277778,36,7400,ARI@NSH,ARI,NSH,,,,,,D/UTIL
3069768728,86982-262866008,$12K Mon NHL Breakaway ($3K to 1st),86982-142017,86982-43176,86982-135875,86982-148097,86982-82112,86982-8406,86982-152162,86982-59207,86982-117110,,86982-39253:Filip Forsberg,86982-39253,W,Filip,Filip Forsberg,Forsberg,14.03400024,50,7400,ARI@NSH,NSH,ARI,DTD,Upper body,,,,W/UTIL
3069768729,86982-262866008,$12K Mon NHL Breakaway ($3K to 1st),86982-62157,86982-8741,86982-117058,86982-43135,86982-101277,86982-12262,86982-66686,86982-79857,86982-54028,,86982-97029:Ukko-Pekka Luukkonen,86982-97029,G,Ukko-Pekka,Ukko-Pekka Luukkonen,Luukkonen,16.87272783,22,7400,BUF@LA,BUF,LA,,,,,,G
3069768730,86982-262866008,$12K Mon NHL Breakaway ($3K to 1st),86982-142016,86982-15277,86982-12253,86982-66611,86982-12262,86982-82112,86982-62788,86982-82004,86982-54028,,86982-42982:Eric Comrie,86982-42982,G,Eric,Eric Comrie,Comrie,10.85714286,14,7400,BUF@LA,BUF,LA,,,,,,G
3069768731,86982-262866008,$12K Mon NHL Breakaway ($3K to 1st),86982-62157,86982-62788,86982-12253,86982-152162,86982-12262,86982-13742,86982-97108,86982-79857,86982-82752,,86982-43028:Carter Verhaeghe,86982-43028,W,Carter,Carter Verhaeghe,Verhaeghe,14.92777733,54,7300,FLA@MIN,FLA,MIN,,,,,,W/UTIL
3069768732,86982-262866008,$12K Mon NHL Breakaway ($3K to 1st),86982-15277,86982-23041,86982-152162,86982-15395,86982-12262,86982-66759,86982-8741,86982-62429,86982-54028,,86982-42710:Magnus Hellberg,86982-42710,G,Magnus,Magnus Hellberg,Hellberg,8.799999873,12,7300,DET@VAN,DET,VAN,,,,,,G
3069768734,86982-262866008,$12K Mon NHL Breakaway ($3K to 1st),86982-82004,86982-82026,86982-152162,86982-66686,86982-12262,86982-23438,86982-84409,86982-70168,86982-82752,,86982-70509:Ville Husso,86982-70509,G,Ville,Ville Husso,Husso,15.85641088,39,7300,DET@VAN,DET,VAN,,,,,,G
3069768735,86982-262866008,$12K Mon NHL Breakaway ($3K to 1st),86982-15360,86982-62157,86982-135875,86982-152162,86982-43042,86982-8956,86982-62788,86982-73949,86982-82752,,86982-101277:Quinn Hughes,86982-101277,D,Quinn,Quinn Hughes,Hughes,13.26734644,49,7300,DET@VAN,VAN,DET,,,,,,D/UTIL
3069768736,86982-262866008,$12K Mon NHL Breakaway ($3K to 1st),86982-142016,86982-15277,86982-12253,86982-79857,86982-12262,86982-23438,86982-68644,86982-8741,86982-54028,,86982-8394:Anze Kopitar,86982-8394,C,Anze,Anze Kopitar,Kopitar,13.27407385,54,7200,BUF@LA,LA,BUF,,,,,,C/UTIL
3069768738,86982-262866008,$12K Mon NHL Breakaway ($3K to 1st),86982-12592,86982-142016,86982-12253,86982-62429,86982-64101,86982-66759,86982-82004,86982-82190,86982-54028,,86982-82190:Drake Batherson,86982-82190,W,Drake,Drake Batherson,Batherson,13.47058824,51,7200,CGY@OTT,OTT,CGY,,,,,,W/UTIL
3069768741,86982-262866008,$12K Mon NHL Breakaway ($3K to 1st),86982-142016,86982-142017,86982-152162,86982-82190,86982-64101,86982-66759,86982-15277,86982-73949,86982-82752,,86982-62788:Dylan Larkin,86982-62788,C,Dylan,Dylan Larkin,Larkin,15.05800049,50,7200,DET@VAN,DET,VAN,,,,,,C/UTIL
3069768744,86982-262866008,$12K Mon NHL Breakaway ($3K to 1st),86982-142016,86982-62788,86982-12439,86982-135875,86982-113276,86982-66759,86982-82850,86982-97140,86982-117110,,86982-11301:Cam Talbot,86982-11301,G,Cam,Cam Talbot,Talbot,14.85714286,28,7100,CGY@OTT,OTT,CGY,IR,Lower body,,,,G
3069768745,86982-262866008,$12K Mon NHL Breakaway ($3K to 1st),86982-15360,86982-23041,86982-70904,86982-74008,86982-23438,86982-66759,86982-43176,86982-8275,86982-117110,,86982-40023:Anton Forsberg,86982-40023,G,Anton,Anton Forsberg,Forsberg,14.40000021,29,7100,CGY@OTT,OTT,CGY,O,Knee,,,,G
3069768746,86982-262866008,$12K Mon NHL Breakaway ($3K to 1st),86982-103276,86982-15360,86982-135875,86982-152162,86982-101277,86982-66759,86982-62157,86982-43135,86982-82752,,86982-66759:Thomas Chabot,86982-66759,D,Thomas,Thomas Chabot,Chabot,12.89347773,46,7100,CGY@OTT,OTT,CGY,,,,,,D/UTIL
3069768747,86982-262866008,$12K Mon NHL Breakaway ($3K to 1st),86982-142016,86982-15360,86982-42860,86982-43135,86982-12262,86982-60674,86982-62788,86982-8275,86982-54028,,86982-73949:Joel Eriksson Ek,86982-73949,C,Joel,Joel Eriksson Ek,Eriksson Ek,14.63653799,52,7100,FLA@MIN,MIN,FLA,,,,,,C/UTIL
3069768749,86982-262866008,$12K Mon NHL Breakaway ($3K to 1st),86982-142017,86982-82004,86982-43135,86982-62429,86982-103753,86982-66759,86982-70904,86982-73951,86982-117110,,86982-8556:Claude Giroux,86982-8556,W,Claude,Claude Giroux,Giroux,14.07647107,51,7100,CGY@OTT,OTT,CGY,,,,,,W/UTIL
3069768750,86982-262866008,$12K Mon NHL Breakaway ($3K to 1st),86982-12592,86982-170839,86982-148097,86982-79857,86982-113276,86982-23438,86982-62788,86982-84409,86982-117110,,86982-97135:Kevin Mandolese,86982-97135,G,Kevin,Kevin Mandolese,Mandolese,0,1,7100,CGY@OTT,OTT,CGY,,,,,,G
3069768751,86982-262866008,$12K Mon NHL Breakaway ($3K to 1st),86982-15277,86982-62157,86982-43135,86982-55375,86982-66635,86982-8406,86982-70904,86982-82190,86982-117110,,86982-55375:Sam Reinhart,86982-55375,W,Sam,Sam Reinhart,Reinhart,13.07090953,55,7000,FLA@MIN,FLA,MIN,,,,,,W/UTIL
3069768752,86982-262866008,$12K Mon NHL Breakaway ($3K to 1st),86982-43176,86982-62788,86982-117058,86982-12253,86982-12262,86982-70915,86982-8741,86982-43135,86982-82752,,86982-82001:Collin Delia,86982-82001,G,Collin,Collin Delia,Delia,13.35384662,13,7000,DET@VAN,VAN,DET,,,,,,G
3069768756,86982-262866008,$12K Mon NHL Breakaway ($3K to 1st),86982-12592,86982-142017,86982-43135,86982-66600,86982-12262,86982-66759,86982-74086,86982-8966,86982-70509,,86982-61859:Brandon Montour,86982-61859,D,Brandon,Brandon Montour,Montour,13.9358486,53,7000,FLA@MIN,FLA,MIN,,,,,,D/UTIL
3069768757,86982-262866008,$12K Mon NHL Breakaway ($3K to 1st),86982-103276,86982-142016,86982-12253,86982-43135,86982-12262,86982-70915,86982-62788,86982-70168,86982-70509,,86982-70251:Thatcher Demko,86982-70251,G,Thatcher,Thatcher Demko,Demko,9.399999619,16,7000,DET@VAN,VAN,DET,IR,Lower body,,,,G
3069768759,86982-262866008,$12K Mon NHL Breakaway ($3K to 1st),86982-142016,86982-15360,86982-15395,86982-43135,86982-101277,86982-23438,86982-41390,86982-84409,86982-54028,,86982-62429:Adrian Kempe,86982-62429,W,Adrian,Adrian Kempe,Kempe,13.34259259,54,7000,BUF@LA,LA,BUF,,,,,,W/UTIL
3069768761,86982-262866008,$12K Mon NHL Breakaway ($3K to 1st),86982-15360,86982-170839,86982-152162,86982-74112,86982-113276,86982-12262,86982-8275,86982-8640,86982-82752,,86982-70905:Clayton Keller,86982-70905,W,Clayton,Clayton Keller,Keller,13.23962287,53,6900,ARI@NSH,ARI,NSH,,,,,,W/UTIL
3069768762,86982-262866008,$12K Mon NHL Breakaway ($3K to 1st),86982-12592,86982-15360,86982-12728,86982-152162,86982-113276,86982-12411,86982-62788,86982-84409,86982-82752,,86982-12624:Tyler Toffoli,86982-12624,W,Tyler,Tyler Toffoli,Toffoli,13.85094294,53,6900,CGY@OTT,CGY,OTT,,,,,,W/UTIL
3069768764,86982-262866008,$12K Mon NHL Breakaway ($3K to 1st),86982-15360,86982-82026,86982-12253,86982-135875,86982-12244,86982-23438,86982-43135,86982-66686,86982-54028,,86982-66688:Rasmus Andersson,86982-66688,D,Rasmus,Rasmus Andersson,Andersson,12.34313725,51,6800,CGY@OTT,CGY,OTT,DTD,Undisclosed,,,,D/UTIL
3069768766,86982-262866008,$12K Mon NHL Breakaway ($3K to 1st),86982-113279,86982-15277,86982-148097,86982-43135,86982-12262,86982-23225,86982-62788,86982-70908,86982-82752,,86982-8741:Nazem Kadri,86982-8741,C,Nazem,Nazem Kadri,Kadri,13.69622688,53,6800,CGY@OTT,CGY,OTT,,,,,,C/UTIL
3069768767,86982-262866008,$12K Mon NHL Breakaway ($3K to 1st),86982-142016,86982-15360,86982-12253,86982-62429,86982-23225,86982-85132,86982-82850,86982-74086,86982-82752,,86982-42643:Spencer Martin,86982-42643,G,Spencer,Spencer Martin,Martin,8.824999809,32,6800,DET@VAN,VAN,DET,,,,,,G
3069768769,86982-262866008,$12K Mon NHL Breakaway ($3K to 1st),86982-12592,86982-142017,86982-152162,86982-66686,86982-113276,86982-12262,86982-15277,86982-74112,86982-54028,,86982-66572:Connor Ingram,86982-66572,G,Connor,Connor Ingram,Ingram,11.70526284,19,6700,ARI@NSH,ARI,NSH,,,,,,G
3069768770,86982-262866008,$12K Mon NHL Breakaway ($3K to 1st),86982-142016,86982-142017,86982-12253,86982-148097,86982-23438,86982-9036,86982-74086,86982-8275,86982-54028,,86982-8275:Matt Duchene,86982-8275,W,Matt,Matt Duchene,Duchene,12.39183698,49,6700,ARI@NSH,NSH,ARI,,,,,,W/UTIL
3069768771,86982-262866008,$12K Mon NHL Breakaway ($3K to 1st),86982-62157,86982-8741,86982-12253,86982-135875,86982-43042,86982-64101,86982-152162,86982-66622,86982-54028,,86982-149734:Karel Vejmelka,86982-149734,G,Karel,Karel Vejmelka,Vejmelka,16.14358912,39,6700,ARI@NSH,ARI,NSH,,,,,,G
3069768774,86982-262866008,$12K Mon NHL Breakaway ($3K to 1st),86982-68644,86982-8394,86982-12253,86982-151490,86982-12262,86982-23438,86982-43135,86982-59207,86982-70509,,86982-41390:Elias Lindholm,86982-41390,C,Elias,Elias Lindholm,Lindholm,13.02884615,52,6700,CGY@OTT,CGY,OTT,,,,,,C/UTIL
3069768777,86982-262866008,$12K Mon NHL Breakaway ($3K to 1st),86982-142016,86982-142017,86982-107994,86982-11150,86982-12262,86982-55607,86982-12253,86982-152162,86982-54028,,86982-113279:Dylan Cozens,86982-113279,C,Dylan,Dylan Cozens,Cozens,13.31,50,6700,BUF@LA,BUF,LA,,,,,,C/UTIL
3069768779,86982-262866008,$12K Mon NHL Breakaway ($3K to 1st),86982-41390,86982-8741,86982-113287,86982-148097,86982-12262,86982-64101,86982-152162,86982-8640,86982-82752,,86982-55607:Aaron Ekblad,86982-55607,D,Aaron,Aaron Ekblad,Ekblad,12.64772727,44,6600,FLA@MIN,FLA,MIN,,,,,,D/UTIL
3069768780,86982-262866008,$12K Mon NHL Breakaway ($3K to 1st),86982-142017,86982-15277,86982-148097,86982-152162,86982-12812,86982-66759,86982-82167,86982-59207,86982-82752,,86982-148097:Matt Boldy,86982-148097,W,Matt,Matt Boldy,Boldy,12.61346201,52,6600,FLA@MIN,MIN,FLA,,,,,,W/UTIL
3069768782,86982-262866008,$12K Mon NHL Breakaway ($3K to 1st),86982-142016,86982-142017,86982-152162,86982-66622,86982-43042,86982-74016,86982-84409,86982-8741,86982-54028,,86982-43033:Antoine Bibeau,86982-43033,G,Antoine,Antoine Bibeau,Bibeau,,,6500,CGY@OTT,OTT,CGY,,,,,,G
3069768783,86982-262866008,$12K Mon NHL Breakaway ($3K to 1st),86982-12592,86982-142016,86982-12253,86982-12439,86982-12262,86982-85132,86982-82026,86982-8887,86982-82752,,86982-66586:C.J. Motte,86982-66586,G,C.J.,C.J. Motte,Motte,,,6500,FLA@MIN,MIN,FLA,,,,,,G
3069768784,86982-262866008,$12K Mon NHL Breakaway ($3K to 1st),86982-142017,86982-15360,86982-152162,86982-59207,86982-12262,86982-9036,86982-39249,86982-82004,86982-54028,,86982-43045:Michael Houser,86982-43045,G,Michael,Michael Houser,Houser,33.20000076,2,6500,BUF@LA,BUF,LA,,,,,,G
3069768785,86982-262866008,$12K Mon NHL Breakaway ($3K to 1st),86982-15360,86982-82051,86982-43135,86982-8640,86982-23438,86982-43042,86982-84409,86982-9189,86982-54028,,86982-66599:Zane McIntyre,86982-66599,G,Zane,Zane McIntyre,McIntyre,,,6500,FLA@MIN,MIN,FLA,,,,,,G
3069768787,86982-262866008,$12K Mon NHL Breakaway ($3K to 1st),86982-142016,86982-15277,86982-70168,86982-74086,86982-12262,86982-12411,86982-41390,86982-79935,86982-70509,,86982-180271:Brad Arvanitis,86982-180271,G,Brad,Brad Arvanitis,Arvanitis,,,6500,CGY@OTT,CGY,OTT,,,,,,G
3069768789,86982-262866008,$12K Mon NHL Breakaway ($3K to 1st),86982-15360,86982-23041,86982-12253,86982-135875,86982-66608,86982-66635,86982-8741,86982-152162,86982-82752,,86982-180268:Daniil Chechelev,86982-180268,G,Daniil,Daniil Chechelev,Chechelev,,,6500,CGY@OTT,CGY,OTT,,,,,,G
3069768791,86982-262866008,$12K Mon NHL Breakaway ($3K to 1st),86982-142016,86982-148186,86982-70904,86982-8640,86982-64101,86982-66759,86982-62157,86982-8741,86982-70509,,86982-159805:Sebastian Cossa,86982-159805,G,Sebastian,Sebastian Cossa,Cossa,,,6500,DET@VAN,DET,VAN,,,,,,G
3069768792,86982-262866008,$12K Mon NHL Breakaway ($3K to 1st),86982-142016,86982-142017,86982-135875,86982-8640,86982-12812,86982-64101,86982-62157,86982-97108,86982-70509,,86982-180285:Logan Flodell,86982-180285,G,Logan,Logan Flodell,Flodell,,,6500,CGY@OTT,OTT,CGY,,,,,,G
3069768793,86982-262866008,$12K Mon NHL Breakaway ($3K to 1st),86982-62788,86982-8741,86982-135875,86982-43135,86982-23438,86982-74079,86982-55375,86982-66756,86982-70509,,86982-148544:Tomas Vomacka,86982-148544,G,Tomas,Tomas Vomacka,Vomacka,,,6500,ARI@NSH,NSH,ARI,,,,,,G
3069768795,86982-262866008,$12K Mon NHL Breakaway ($3K to 1st),86982-142016,86982-15277,86982-135875,86982-70905,86982-12812,86982-23438,86982-73889,86982-74086,86982-54028,,86982-180303:Thomas Milic,86982-180303,G,Thomas,Thomas Milic,Milic,,,6500,FLA@MIN,MIN,FLA,,,,,,G
3069768797,86982-262866008,$12K Mon NHL Breakaway ($3K to 1st),86982-142017,86982-62157,86982-152162,86982-66622,86982-113276,86982-66759,86982-82051,86982-70904,86982-12163,,86982-82035:Cal Petersen,86982-82035,G,Cal,Cal Petersen,Petersen,8.53333346,12,6500,BUF@LA,LA,BUF,,,,,,G
3069768799,86982-262866008,$12K Mon NHL Breakaway ($3K to 1st),86982-142016,86982-15277,86982-107994,86982-135875,86982-61859,86982-66759,86982-43135,86982-8640,86982-70509,,86982-82036:Matt Villalta,86982-82036,G,Matt,Matt Villalta,Villalta,,,6500,BUF@LA,LA,BUF,,,,,,G
3069768802,86982-262866008,$12K Mon NHL Breakaway ($3K to 1st),86982-148186,86982-15360,86982-12253,86982-152162,86982-113276,86982-12411,86982-62788,86982-73949,86982-82752,,86982-43131:Malcolm Subban,86982-43131,G,Malcolm,Malcolm Subban,Subban,6,4,6500,BUF@LA,BUF,LA,,,,,,G
3069768805,86982-262866008,$12K Mon NHL Breakaway ($3K to 1st),86982-142017,86982-82004,86982-135875,86982-148097,86982-12244,86982-74016,86982-151490,86982-152162,86982-82752,,86982-145546:Yaroslav Askarov,86982-145546,G,Yaroslav,Yaroslav Askarov,Askarov,8.800000191,1,6500,ARI@NSH,NSH,ARI,,,,,,G
3069768806,86982-262866008,$12K Mon NHL Breakaway ($3K to 1st),86982-142016,86982-142017,86982-12439,86982-43135,86982-23438,86982-8406,86982-59208,86982-83057,86982-82752,,86982-161955:Jan Bednar,86982-161955,G,Jan,Jan Bednar,Bednar,,,6500,DET@VAN,DET,VAN,,,,,,G
3069768808,86982-262866008,$12K Mon NHL Breakaway ($3K to 1st),86982-62157,86982-62788,86982-12439,86982-152162,86982-23438,86982-85132,86982-73889,86982-8640,86982-82752,,86982-168116:David Hrenak,86982-168116,G,David,David Hrenak,Hrenak,,,6500,BUF@LA,LA,BUF,,,,,,G
3069768810,86982-262866008,$12K Mon NHL Breakaway ($3K to 1st),86982-62788,86982-82051,86982-135875,86982-43135,86982-23438,86982-8956,86982-9189,86982-62429,86982-54028,,86982-180410:Ty Young,86982-180410,G,Ty,Ty Young,Young,,,6500,DET@VAN,VAN,DET,,,,,,G
3069768812,86982-262866008,$12K Mon NHL Breakaway ($3K to 1st),86982-142016,86982-62788,86982-152162,86982-8640,86982-13742,86982-61859,86982-8394,86982-84409,86982-12163,,86982-116948:Arturs Silovs,86982-116948,G,Arturs,Arturs Silovs,Silovs,,,6500,DET@VAN,VAN,DET,,,,,,G
3069768814,86982-262866008,$12K Mon NHL Breakaway ($3K to 1st),86982-12592,86982-142017,86982-12253,86982-43135,86982-12812,86982-9036,86982-23041,86982-62788,86982-70509,,86982-73942:Evan Fitzpatrick,86982-73942,G,Evan,Evan Fitzpatrick,Fitzpatrick,,,6500,FLA@MIN,FLA,MIN,,,,,,G
3069768815,86982-262866008,$12K Mon NHL Breakaway ($3K to 1st),86982-142017,86982-73949,86982-66622,86982-82190,86982-23438,86982-66635,86982-82004,86982-8275,86982-82752,,86982-162068:Anson Thornton,86982-162068,G,Anson,Anson Thornton,Thornton,,,6500,ARI@NSH,ARI,NSH,,,,,,G
3069768817,86982-262866008,$12K Mon NHL Breakaway ($3K to 1st),86982-142016,86982-62788,86982-12253,86982-142022,86982-23225,86982-55607,86982-43135,86982-70904,86982-70509,,86982-117021:Hunter Jones,86982-117021,G,Hunter,Hunter Jones,Jones,,,6500,FLA@MIN,MIN,FLA,,,,,,G
3069768819,86982-262866008,$12K Mon NHL Breakaway ($3K to 1st),86982-142016,86982-8394,86982-107994,86982-148097,86982-43042,86982-64101,86982-59209,86982-70904,86982-54028,,86982-170275:Jesper Wallstedt,86982-170275,G,Jesper,Jesper Wallstedt,Wallstedt,,,6500,FLA@MIN,MIN,FLA,,,,,,G
3069768821,86982-262866008,$12K Mon NHL Breakaway ($3K to 1st),86982-103276,86982-142016,86982-135875,86982-43135,86982-12291,86982-23438,86982-62788,86982-84409,86982-54028,,86982-117041:Beck Warm,86982-117041,G,Beck,Beck Warm,Warm,,,6500,BUF@LA,BUF,LA,,,,,,G
3069768824,86982-262866008,$12K Mon NHL Breakaway ($3K to 1st),86982-142016,86982-15360,86982-12253,86982-152162,86982-101277,86982-8956,86982-62788,86982-8741,86982-82752,,86982-117055:Dustin Wolf,86982-117055,G,Dustin,Dustin Wolf,Wolf,,,6500,CGY@OTT,CGY,OTT,,,,,,G
3069768825,86982-262866008,$12K Mon NHL Breakaway ($3K to 1st),86982-142016,86982-9189,86982-148097,86982-66756,86982-55607,86982-8406,86982-70904,86982-74086,86982-70509,,86982-39268:Jussi Olkinuora,86982-39268,G,Jussi,Jussi Olkinuora,Olkinuora,,,6500,DET@VAN,DET,VAN,,,,,,G
3069768828,86982-262866008,$12K Mon NHL Breakaway ($3K to 1st),86982-142016,86982-142017,86982-82190,86982-8640,86982-23225,86982-66759,86982-62788,86982-82026,86982-82752,,86982-117110:Mads Sogaard,86982-117110,G,Mads,Mads Sogaard,Sogaard,2.400000095,1,6500,CGY@OTT,OTT,CGY,,,,,,G
3069768831,86982-262866008,$12K Mon NHL Breakaway ($3K to 1st),86982-142016,86982-15307,86982-12253,86982-135875,86982-101277,86982-66635,86982-148097,86982-43135,86982-54028,,86982-12749:J-F Berube,86982-12749,G,J-F,J-F Berube,Berube,17.06666692,6,6500,FLA@MIN,FLA,MIN,,,,,,G
3069768834,86982-262866008,$12K Mon NHL Breakaway ($3K to 1st),86982-142016,86982-142017,86982-12624,86982-62429,86982-12812,86982-43042,86982-8294,86982-8394,86982-82752,,86982-162281:John Lethemon,86982-162281,G,John,John Lethemon,Lethemon,,,6500,DET@VAN,DET,VAN,,,,,,G
3069768835,86982-262866008,$12K Mon NHL Breakaway ($3K to 1st),86982-142016,86982-142017,86982-62429,86982-66756,86982-43042,86982-8406,86982-8275,86982-8556,86982-70509,,86982-135685:Victor Brattstrom,86982-135685,G,Victor,Victor Brattstrom,Brattstrom,,,6500,DET@VAN,DET,VAN,,,,,,G
3069768838,86982-262866008,$12K Mon NHL Breakaway ($3K to 1st),86982-142016,86982-142017,86982-117058,86982-70168,86982-169056,86982-64101,86982-15277,86982-15360,86982-82752,,86982-154165:Leevi Merilainen,86982-154165,G,Leevi,Leevi Merilainen,Merilainen,,,6500,CGY@OTT,OTT,CGY,,,,,,G
,,,,,,,,,,,,,86982-8883:Ben Bishop,86982-8883,G,Ben,Ben Bishop,Bishop,,,6500,BUF@LA,BUF,LA,IR,Knee,,,,G
,,,,,,,,,,,,,86982-42782:Oscar Dansk,86982-42782,G,Oscar,Oscar Dansk,Dansk,,,6500,CGY@OTT,CGY,OTT,,,,,,G
,,,,,,,,,,,,,86982-97105:David Tendeck,86982-97105,G,David,David Tendeck,Tendeck,,,6500,ARI@NSH,ARI,NSH,,,,,,G
,,,,,,,,,,,,,86982-97104:Ivan Prosvetov,86982-97104,G,Ivan,Ivan Prosvetov,Prosvetov,3.46666654,6,6500,ARI@NSH,ARI,NSH,,,,,,G
,,,,,,,,,,,,,86982-59226:Alex Nedeljkovic,86982-59226,G,Alex,Alex Nedeljkovic,Nedeljkovic,7.46666654,12,6500,DET@VAN,DET,VAN,,,,,,G
,,,,,,,,,,,,,86982-12163:Sergei Bobrovsky,86982-12163,G,Sergei,Sergei Bobrovsky,Bobrovsky,14.11111111,36,6500,FLA@MIN,FLA,MIN,,,,,,G
,,,,,,,,,,,,,86982-97161:Jacob Ingham,86982-97161,G,Jacob,Jacob Ingham,Ingham,,,6500,BUF@LA,LA,BUF,O,Back,,,,G
,,,,,,,,,,,,,86982-146375:Devin Cooley,86982-146375,G,Devin,Devin Cooley,Cooley,,,6500,ARI@NSH,NSH,ARI,,,,,,G
,,,,,,,,,,,,,86982-165828:Mack Guzda,86982-165828,G,Mack,Mack Guzda,Guzda,,,6500,FLA@MIN,FLA,MIN,,,,,,G
,,,,,,,,,,,,,86982-62430:Jon Gillies,86982-62430,G,Jon,Jon Gillies,Gillies,8.919999695,20,6500,ARI@NSH,ARI,NSH,,,,,,G
,,,,,,,,,,,,,86982-180201:Andrew Oke,86982-180201,G,Andrew,Andrew Oke,Oke,,,6500,DET@VAN,DET,VAN,,,,,,G
,,,,,,,,,,,,,86982-79857:Brock Boeser,86982-79857,W,Brock,Brock Boeser,Boeser,11.2173913,46,6500,DET@VAN,VAN,DET,,,,,,W/UTIL
,,,,,,,,,,,,,86982-171491:Andrei Kuzmenko,86982-171491,W,Andrei,Andrei Kuzmenko,Kuzmenko,11.79807692,52,6400,DET@VAN,VAN,DET,,,,,,W/UTIL
,,,,,,,,,,,,,86982-73889:Nick Schmaltz,86982-73889,W,Nick,Nick Schmaltz,Schmaltz,11.62926799,41,6300,ARI@NSH,ARI,NSH,,,,,,W/UTIL
,,,,,,,,,,,,,86982-8640:David Perron,86982-8640,W,David,David Perron,Perron,10.53333357,51,6200,DET@VAN,DET,VAN,,,,,,W/UTIL
,,,,,,,,,,,,,86982-12812:Jared Spurgeon,86982-12812,D,Jared,Jared Spurgeon,Spurgeon,11.22115385,52,6100,FLA@MIN,MIN,FLA,,,,,,D/UTIL
,,,,,,,,,,,,,86982-59207:Viktor Arvidsson,86982-59207,W,Viktor,Viktor Arvidsson,Arvidsson,11.54285664,49,6100,BUF@LA,LA,BUF,,,,,,W/UTIL
,,,,,,,,,,,,,86982-66611:Lawson Crouse,86982-66611,W,Lawson,Lawson Crouse,Crouse,10.44791667,48,6000,ARI@NSH,ARI,NSH,,,,,,W/UTIL
,,,,,,,,,,,,,86982-74016:Filip Hronek,86982-74016,D,Filip,Filip Hronek,Hronek,10.95098039,51,6000,DET@VAN,DET,VAN,,,,,,D/UTIL
,,,,,,,,,,,,,86982-42922:Dominik Kubalik,86982-42922,W,Dominik,Dominik Kubalik,Kubalik,10.99800049,50,6000,DET@VAN,DET,VAN,,,,,,W/UTIL
,,,,,,,,,,,,,86982-79935:Alex Iafallo,86982-79935,W,Alex,Alex Iafallo,Iafallo,10.85161271,31,5900,BUF@LA,LA,BUF,,,,,,W/UTIL
,,,,,,,,,,,,,86982-83057:Victor Olofsson,86982-83057,W,Victor,Victor Olofsson,Olofsson,10.65686275,51,5900,BUF@LA,BUF,LA,,,,,,W/UTIL
,,,,,,,,,,,,,86982-8406:Drew Doughty,86982-8406,D,Drew,Drew Doughty,Doughty,10.90188656,53,5900,BUF@LA,LA,BUF,,,,,,D/UTIL
,,,,,,,,,,,,,86982-58332:Sam Bennett,86982-58332,C,Sam,Sam Bennett,Bennett,12.2018523,54,5900,FLA@MIN,FLA,MIN,,,,,,C/UTIL
,,,,,,,,,,,,,86982-60674:Gustav Forsling,86982-60674,D,Gustav,Gustav Forsling,Forsling,11.09272683,55,5800,FLA@MIN,FLA,MIN,,,,,,D/UTIL
,,,,,,,,,,,,,86982-74112:Trevor Moore,86982-74112,W,Trevor,Trevor Moore,Moore,10.34210526,38,5700,BUF@LA,LA,BUF,,,,,,W/UTIL
,,,,,,,,,,,,,86982-113276:Moritz Seider,86982-113276,D,Moritz,Moritz Seider,Seider,11.32156911,51,5700,DET@VAN,DET,VAN,,,,,,D/UTIL
,,,,,,,,,,,,,86982-97173:Sean Durzi,86982-97173,D,Sean,Sean Durzi,Durzi,10.25098015,51,5700,BUF@LA,LA,BUF,,,,,,D/UTIL
,,,,,,,,,,,,,86982-15277:Phillip Danault,86982-15277,C,Phillip,Phillip Danault,Danault,11.23703681,54,5600,BUF@LA,LA,BUF,,,,,,C/UTIL
,,,,,,,,,,,,,86982-82024:Gabriel Vilardi,86982-82024,W,Gabriel,Gabriel Vilardi,Vilardi,11.0933336,45,5500,BUF@LA,LA,BUF,DTD,Upper body,,,,W/UTIL
,,,,,,,,,,,,,86982-64101:Noah Hanifin,86982-64101,D,Noah,Noah Hanifin,Hanifin,10.25192261,52,5500,CGY@OTT,CGY,OTT,,,,,,D/UTIL
,,,,,,,,,,,,,86982-104140:Ilya Mikheyev,86982-104140,W,Ilya,Ilya Mikheyev,Mikheyev,9.684782609,46,5500,DET@VAN,VAN,DET,IR,Knee,,,,W/UTIL
,,,,,,,,,,,,,86982-9189:Mikael Backlund,86982-9189,C,Mikael,Mikael Backlund,Backlund,11.26415094,53,5500,CGY@OTT,CGY,OTT,,,,,,C/UTIL
,,,,,,,,,,,,,86982-117093:Arthur Kaliyev,86982-117093,W,Arthur,Arthur Kaliyev,Kaliyev,9.614285714,35,5400,BUF@LA,LA,BUF,,,,,,W/UTIL
,,,,,,,,,,,,,86982-142018:Lucas Raymond,86982-142018,W,Lucas,Lucas Raymond,Raymond,9.884000244,50,5400,DET@VAN,DET,VAN,DTD,Lower body,,,,W/UTIL
,,,,,,,,,,,,,86982-79877:Jake Walman,86982-79877,D,Jake,Jake Walman,Walman,9.355882532,34,5300,DET@VAN,DET,VAN,DTD,Upper body,,,,D/UTIL
,,,,,,,,,,,,,86982-15217:Jonathan Huberdeau,86982-15217,W,Jonathan,Jonathan Huberdeau,Huberdeau,9.677999878,50,5300,CGY@OTT,CGY,OTT,,,,,,W/UTIL
,,,,,,,,,,,,,86982-151490:Jonatan Berggren,86982-151490,W,Jonatan,Jonatan Berggren,Berggren,8.526315789,38,5300,DET@VAN,DET,VAN,,,,,,W/UTIL
,,,,,,,,,,,,,86982-66600:Blake Coleman,86982-66600,W,Blake,Blake Coleman,Coleman,9.728301426,53,5200,CGY@OTT,CGY,OTT,,,,,,W/UTIL
,,,,,,,,,,,,,86982-12728:Nino Niederreiter,86982-12728,W,Nino,Nino Niederreiter,Niederreiter,9.447999878,50,5200,ARI@NSH,NSH,ARI,,,,,,W/UTIL
,,,,,,,,,,,,,86982-142019:Jake Sanderson,86982-142019,D,Jake,Jake Sanderson,Sanderson,9.064705643,51,5200,CGY@OTT,OTT,CGY,O,Upper body,,,,D/UTIL
,,,,,,,,,,,,,86982-66622:Conor Garland,86982-66622,W,Conor,Conor Garland,Garland,8.673076923,52,5100,DET@VAN,VAN,DET,,,,,,W/UTIL
,,,,,,,,,,,,,86982-66686:Anthony Beauvillier,86982-66686,W,Anthony,Anthony Beauvillier,Beauvillier,8.477777552,54,5100,DET@VAN,VAN,DET,,,,,,W/UTIL
,,,,,,,,,,,,,86982-8502:Kyle Okposo,86982-8502,W,Kyle,Kyle Okposo,Okposo,8.290908813,44,5100,BUF@LA,BUF,LA,,,,,,W/UTIL
,,,,,,,,,,,,,86982-66756:Andrew Mangiapane,86982-66756,W,Andrew,Andrew Mangiapane,Mangiapane,9.216981132,53,5000,CGY@OTT,CGY,OTT,,,,,,W/UTIL
,,,,,,,,,,,,,86982-74086:Dillon Dube,86982-74086,W,Dillon,Dillon Dube,Dube,9.045282904,53,5000,CGY@OTT,CGY,OTT,,,,,,W/UTIL
,,,,,,,,,,,,,86982-13742:Ben Chiarot,86982-13742,D,Ben,Ben Chiarot,Chiarot,8.847059063,51,5000,DET@VAN,DET,VAN,,,,,,D/UTIL
,,,,,,,,,,,,,86982-117104:Tommy Novak,86982-117104,C,Tommy,Tommy Novak,Novak,8.875,20,4900,ARI@NSH,NSH,ARI,,,,,,C/UTIL
,,,,,,,,,,,,,86982-107994:Eetu Luostarinen,86982-107994,W,Eetu,Eetu Luostarinen,Luostarinen,7.990909091,55,4900,FLA@MIN,FLA,MIN,,,,,,W/UTIL
,,,,,,,,,,,,,86982-169056:Owen Power,86982-169056,D,Owen,Owen Power,Power,7.96666654,48,4800,BUF@LA,BUF,LA,,,,,,D/UTIL
,,,,,,,,,,,,,86982-43176:Ryan Hartman,86982-43176,C,Ryan,Ryan Hartman,Hartman,9.732258458,31,4800,FLA@MIN,MIN,FLA,,,,,,C/UTIL
,,,,,,,,,,,,,86982-97184:Josh Norris,86982-97184,C,Josh,Josh Norris,Norris,8.199999809,8,4800,CGY@OTT,OTT,CGY,IR,Shoulder,,,,C/UTIL
,,,,,,,,,,,,,86982-79865:Matt Roy,86982-79865,D,Matt,Matt Roy,Roy,8.518518519,54,4800,BUF@LA,LA,BUF,,,,,,D/UTIL
,,,,,,,,,,,,,86982-14456:Mattias Ekholm,86982-14456,D,Mattias,Mattias Ekholm,Ekholm,8.014000244,50,4700,ARI@NSH,NSH,ARI,,,,,,D/UTIL
,,,,,,,,,,,,,86982-152882:Anton Lundell,86982-152882,C,Anton,Anton Lundell,Lundell,9.376086691,46,4700,FLA@MIN,FLA,MIN,,,,,,C/UTIL
,,,,,,,,,,,,,86982-23041:Mikael Granlund,86982-23041,C,Mikael,Mikael Granlund,Granlund,8.217999878,50,4700,ARI@NSH,NSH,ARI,,,,,,C/UTIL
,,,,,,,,,,,,,86982-58883:Robby Fabbri,86982-58883,W,Robby,Robby Fabbri,Fabbri,7.533333333,15,4700,DET@VAN,DET,VAN,,,,,,W/UTIL
,,,,,,,,,,,,,86982-59209:Frederick Gaudreau,86982-59209,W,Frederick,Frederick Gaudreau,Gaudreau,8.201923077,52,4700,FLA@MIN,MIN,FLA,,,,,,W/UTIL
,,,,,,,,,,,,,86982-82051:Michael Rasmussen,86982-82051,C,Michael,Michael Rasmussen,Rasmussen,8.401960784,51,4600,DET@VAN,DET,VAN,,,,,,C/UTIL
,,,,,,,,,,,,,86982-12592:Ryan Johansen,86982-12592,C,Ryan,Ryan Johansen,Johansen,8.234000244,50,4600,ARI@NSH,NSH,ARI,,,,,,C/UTIL
,,,,,,,,,,,,,86982-39249:Nick Bjugstad,86982-39249,C,Nick,Nick Bjugstad,Bjugstad,8.213207317,53,4600,ARI@NSH,ARI,NSH,,,,,,C/UTIL
,,,,,,,,,,,,,86982-66408:Yakov Trenin,86982-66408,W,Yakov,Yakov Trenin,Trenin,6.480000136,45,4600,ARI@NSH,NSH,ARI,,,,,,W/UTIL
,,,,,,,,,,,,,86982-68667:Tyler Motte,86982-68667,W,Tyler,Tyler Motte,Motte,6.84571446,35,4500,CGY@OTT,OTT,CGY,,,,,,W/UTIL
,,,,,,,,,,,,,86982-142022:Jack Quinn,86982-142022,W,Jack,Jack Quinn,Quinn,7.340909091,44,4500,BUF@LA,BUF,LA,,,,,,W/UTIL
,,,,,,,,,,,,,86982-148186:Shane Pinto,86982-148186,C,Shane,Shane Pinto,Pinto,7.911764706,51,4500,CGY@OTT,OTT,CGY,,,,,,C/UTIL
,,,,,,,,,,,,,86982-59117:Nick Ritchie,86982-59117,W,Nick,Nick Ritchie,Ritchie,7.412000122,50,4500,ARI@NSH,ARI,NSH,,,,,,W/UTIL
,,,,,,,,,,,,,86982-8966:Trevor Lewis,86982-8966,W,Trevor,Trevor Lewis,Lewis,6.749056834,53,4500,CGY@OTT,CGY,OTT,,,,,,W/UTIL
,,,,,,,,,,,,,86982-97108:Barrett Hayton,86982-97108,C,Barrett,Barrett Hayton,Hayton,7.48867913,53,4500,ARI@NSH,ARI,NSH,,,,,,C/UTIL
,,,,,,,,,,,,,86982-82850:Casey Mittelstadt,86982-82850,C,Casey,Casey Mittelstadt,Mittelstadt,8.062745337,51,4500,BUF@LA,BUF,LA,,,,,,C/UTIL
,,,,,,,,,,,,,86982-12291:Chris Tanev,86982-12291,D,Chris,Chris Tanev,Tanev,6.913953204,43,4400,CGY@OTT,CGY,OTT,,,,,,D/UTIL
,,,,,,,,,,,,,86982-43042:MacKenzie Weegar,86982-43042,D,MacKenzie,MacKenzie Weegar,Weegar,7.601922842,52,4400,CGY@OTT,CGY,OTT,,,,,,D/UTIL
,,,,,,,,,,,,,86982-8234:Eric Staal,86982-8234,C,Eric,Eric Staal,Staal,7.600000133,46,4400,FLA@MIN,FLA,MIN,,,,,,C/UTIL
,,,,,,,,,,,,,86982-159801:J.J. Moser,86982-159801,D,J.J.,J.J. Moser,Moser,7.42641521,53,4400,ARI@NSH,ARI,NSH,,,,,,D/UTIL
,,,,,,,,,,,,,86982-151978:Juuso Parssinen,86982-151978,C,Juuso,Juuso Parssinen,Parssinen,7.808333503,36,4400,ARI@NSH,NSH,ARI,,,,,,C/UTIL
,,,,,,,,,,,,,86982-62157:Andrew Copp,86982-62157,C,Andrew,Andrew Copp,Copp,7.596078312,51,4400,DET@VAN,DET,VAN,,,,,,C/UTIL
,,,,,,,,,,,,,86982-97055:Calen Addison,86982-97055,D,Calen,Calen Addison,Addison,7.501960904,51,4400,FLA@MIN,MIN,FLA,,,,,,D/UTIL
,,,,,,,,,,,,,86982-9036:Travis Hamonic,86982-9036,D,Travis,Travis Hamonic,Hamonic,7.082353181,51,4400,CGY@OTT,OTT,CGY,,,,,,D/UTIL
,,,,,,,,,,,,,86982-12244:Oliver Ekman-Larsson,86982-12244,D,Oliver,Oliver Ekman-Larsson,Ekman-Larsson,7.707692073,52,4400,DET@VAN,VAN,DET,,,,,,D/UTIL
,,,,,,,,,,,,,86982-43135:Tyler Bertuzzi,86982-43135,W,Tyler,Tyler Bertuzzi,Bertuzzi,7.275,20,4300,DET@VAN,DET,VAN,,,,,,W/UTIL
,,,,,,,,,,,,,86982-82112:Juuso Valimaki,86982-82112,D,Juuso,Juuso Valimaki,Valimaki,6.220407914,49,4300,ARI@NSH,ARI,NSH,,,,,,D/UTIL
,,,,,,,,,,,,,86982-8956:Michael Stone,86982-8956,D,Michael,Michael Stone,Stone,7.186046512,43,4300,CGY@OTT,CGY,OTT,,,,,,D/UTIL
,,,,,,,,,,,,,86982-23438:Jonas Brodin,86982-23438,D,Jonas,Jonas Brodin,Brodin,7.718181957,44,4300,FLA@MIN,MIN,FLA,,,,,,D/UTIL
,,,,,,,,,,,,,86982-66716:Mathieu Joseph,86982-66716,W,Mathieu,Mathieu Joseph,Joseph,6.581250191,32,4200,CGY@OTT,OTT,CGY,,,,,,W/UTIL
,,,,,,,,,,,,,86982-82114:Adam Ruzicka,86982-82114,C,Adam,Adam Ruzicka,Ruzicka,7.115000153,40,4200,CGY@OTT,CGY,OTT,,,,,,C/UTIL
,,,,,,,,,,,,,86982-70908:Tyson Jost,86982-70908,W,Tyson,Tyson Jost,Jost,5.889361442,47,4200,BUF@LA,BUF,LA,,,,,,W/UTIL
,,,,,,,,,,,,,86982-12613:Radko Gudas,86982-12613,D,Radko,Radko Gudas,Gudas,7.039999729,45,4200,FLA@MIN,FLA,MIN,,,,,,D/UTIL
,,,,,,,,,,,,,86982-153985:JJ Peterka,86982-153985,W,JJ,JJ Peterka,Peterka,6.414285465,49,4200,BUF@LA,BUF,LA,,,,,,W/UTIL
,,,,,,,,,,,,,86982-135654:Matias Maccelli,86982-135654,W,Matias,Matias Maccelli,Maccelli,7.268571254,35,4200,ARI@NSH,ARI,NSH,,,,,,W/UTIL
,,,,,,,,,,,,,86982-8688:Luke Schenn,86982-8688,D,Luke,Luke Schenn,Schenn,7.469230652,52,4200,DET@VAN,VAN,DET,,,,,,D/UTIL
,,,,,,,,,,,,,86982-66635:Ethan Bear,86982-66635,D,Ethan,Ethan Bear,Bear,6.495237805,42,4100,DET@VAN,VAN,DET,,,,,,D/UTIL
,,,,,,,,,,,,,86982-12411:Ryan McDonagh,86982-12411,D,Ryan,Ryan McDonagh,McDonagh,7.162790698,43,4100,ARI@NSH,NSH,ARI,,,,,,D/UTIL
,,,,,,,,,,,,,86982-66689:Oliver Kylington,86982-66689,D,Oliver,Oliver Kylington,Kylington,8.394117647,85,4100,CGY@OTT,CGY,OTT,IR,Personal,,,,D/UTIL
,,,,,,,,,,,,,86982-82167:Sheldon Dries,86982-82167,C,Sheldon,Sheldon Dries,Dries,6.255882263,34,4100,DET@VAN,VAN,DET,,,,,,C/UTIL
,,,,,,,,,,,,,86982-103276:Blake Lizotte,86982-103276,C,Blake,Blake Lizotte,Lizotte,6.599999887,54,4100,BUF@LA,LA,BUF,,,,,,C/UTIL
,,,,,,,,,,,,,86982-42862:Olli Maatta,86982-42862,D,Olli,Olli Maatta,Maatta,6.910638038,47,4100,DET@VAN,DET,VAN,,,,,,D/UTIL
,,,,,,,,,,,,,86982-79898:Colin White,86982-79898,W,Colin,Colin White,White,5.395348837,43,4000,FLA@MIN,FLA,MIN,,,,,,W/UTIL
,,,,,,,,,,,,,86982-66620:Christian Fischer,86982-66620,W,Christian,Christian Fischer,Fischer,6.90000023,53,4000,ARI@NSH,ARI,NSH,,,,,,W/UTIL
,,,,,,,,,,,,,86982-82004:Cody Glass,86982-82004,C,Cody,Cody Glass,Glass,7.431707615,41,4000,ARI@NSH,NSH,ARI,,,,,,C/UTIL
,,,,,,,,,,,,,86982-43212:Adam Erne,86982-43212,W,Adam,Adam Erne,Erne,6.223255956,43,4000,DET@VAN,DET,VAN,,,,,,W/UTIL
,,,,,,,,,,,,,86982-70928:Sam Steel,86982-70928,C,Sam,Sam Steel,Steel,6.521153964,52,4000,FLA@MIN,MIN,FLA,,,,,,C/UTIL
,,,,,,,,,,,,,86982-8765:Patric Hornqvist,86982-8765,W,Patric,Patric Hornqvist,Hornqvist,4.786363775,22,4000,FLA@MIN,FLA,MIN,IR,Concussion,,,,W/UTIL
,,,,,,,,,,,,,86982-161390:Dylan Guenther,86982-161390,W,Dylan,Dylan Guenther,Guenther,7.557575573,33,4000,ARI@NSH,ARI,NSH,,,,,,W/UTIL
,,,,,,,,,,,,,86982-23225:Matt Dumba,86982-23225,D,Matt,Matt Dumba,Dumba,6.847999878,50,4000,FLA@MIN,MIN,FLA,,,,,,D/UTIL
,,,,,,,,,,,,,86982-11150:Marcus Foligno,86982-11150,W,Marcus,Marcus Foligno,Foligno,5.877272866,44,4000,FLA@MIN,MIN,FLA,,,,,,W/UTIL
,,,,,,,,,,,,,86982-8211:Tyler Myers,86982-8211,D,Tyler,Tyler Myers,Myers,6.224000244,50,3900,DET@VAN,VAN,DET,,,,,,D/UTIL
,,,,,,,,,,,,,86982-68644:Mark Jankowski,86982-68644,C,Mark,Mark Jankowski,Jankowski,5.967999878,25,3900,ARI@NSH,NSH,ARI,,,,,,C/UTIL
,,,,,,,,,,,,,86982-81999:Henri Jokiharju,86982-81999,D,Henri,Henri Jokiharju,Jokiharju,6.041379205,29,3900,BUF@LA,BUF,LA,,,,,,D/UTIL
,,,,,,,,,,,,,86982-82026:Jaret Anderson-Dolan,86982-82026,C,Jaret,Jaret Anderson-Dolan,Anderson-Dolan,5.745238168,42,3900,BUF@LA,LA,BUF,,,,,,C/UTIL
,,,,,,,,,,,,,86982-82029:Sean Walker,86982-82029,D,Sean,Sean Walker,Walker,6.133333206,48,3900,BUF@LA,LA,BUF,,,,,,D/UTIL
,,,,,,,,,,,,,86982-73951:Tanner Jeannot,86982-73951,W,Tanner,Tanner Jeannot,Jeannot,6.575999756,50,3900,ARI@NSH,NSH,ARI,,,,,,W/UTIL
,,,,,,,,,,,,,86982-70915:Dante Fabbro,86982-70915,D,Dante,Dante Fabbro,Fabbro,5.906383109,47,3900,ARI@NSH,NSH,ARI,,,,,,D/UTIL
,,,,,,,,,,,,,86982-82191:Alex Formenton,86982-82191,W,Alex,Alex Formenton,Formenton,8.070885767,79,3900,CGY@OTT,OTT,CGY,O,Contract dispute,,,,W/UTIL
,,,,,,,,,,,,,86982-135674:Artem Zub,86982-135674,D,Artem,Artem Zub,Zub,6.145454407,22,3900,CGY@OTT,OTT,CGY,,,,,,D/UTIL
,,,,,,,,,,,,,86982-66409:Alexandre Carrier,86982-66409,D,Alexandre,Alexandre Carrier,Carrier,6.120000076,40,3900,ARI@NSH,NSH,ARI,O,Upper body,,,,D/UTIL
,,,,,,,,,,,,,86982-97140:Joe Veleno,86982-97140,C,Joe,Joe Veleno,Veleno,5.572000122,50,3900,DET@VAN,DET,VAN,,,,,,C/UTIL
,,,,,,,,,,,,,86982-59269:Robert Hagg,86982-59269,D,Robert,Robert Hagg,Hagg,5.866666667,15,3900,DET@VAN,DET,VAN,,,,,,D/UTIL
,,,,,,,,,,,,,86982-39870:Tanner Pearson,86982-39870,W,Tanner,Tanner Pearson,Pearson,5.464285714,14,3900,DET@VAN,VAN,DET,IR,Hand,,,,W/UTIL
,,,,,,,,,,,,,86982-8178:Milan Lucic,86982-8178,W,Milan,Milan Lucic,Lucic,4.416000061,50,3900,CGY@OTT,CGY,OTT,,,,,,W/UTIL
,,,,,,,,,,,,,86982-66608:Jeremy Lauzon,86982-66608,D,Jeremy,Jeremy Lauzon,Lauzon,5.237209231,43,3800,ARI@NSH,NSH,ARI,,,,,,D/UTIL
,,,,,,,,,,,,,86982-8294:Derick Brassard,86982-8294,C,Derick,Derick Brassard,Brassard,6.292856852,42,3800,CGY@OTT,OTT,CGY,,,,,,C/UTIL
,,,,,,,,,,,,,86982-82122:Mason Shaw,86982-82122,C,Mason,Mason Shaw,Shaw,6.37714277,35,3800,FLA@MIN,MIN,FLA,,,,,,C/UTIL
,,,,,,,,,,,,,86982-73987:Riley Stillman,86982-73987,D,Riley,Riley Stillman,Stillman,4.303448381,29,3800,DET@VAN,VAN,DET,,,,,,D/UTIL
,,,,,,,,,,,,,86982-8528:Marc Staal,86982-8528,D,Marc,Marc Staal,Staal,4.189090798,55,3800,FLA@MIN,FLA,MIN,,,,,,D/UTIL
,,,,,,,,,,,,,86982-58878:Oskar Sundqvist,86982-58878,C,Oskar,Oskar Sundqvist,Sundqvist,6.388888889,45,3800,DET@VAN,DET,VAN,,,,,,C/UTIL
,,,,,,,,,,,,,86982-113287:Dakota Joshua,86982-113287,W,Dakota,Dakota Joshua,Joshua,4.65,50,3800,DET@VAN,VAN,DET,,,,,,W/UTIL
,,,,,,,,,,,,,86982-42705:Colton Sissons,86982-42705,C,Colton,Colton Sissons,Sissons,6.127999878,50,3800,ARI@NSH,NSH,ARI,,,,,,C/UTIL
,,,,,,,,,,,,,86982-42795:Michael McCarron,86982-42795,W,Michael,Michael McCarron,McCarron,4.960000102,15,3800,ARI@NSH,NSH,ARI,,,,,,W/UTIL
,,,,,,,,,,,,,86982-170839:Nils Aman,86982-170839,C,Nils,Nils Aman,Aman,3.487179487,39,3800,DET@VAN,VAN,DET,,,,,,C/UTIL
,,,,,,,,,,,,,86982-15307:Nick Cousins,86982-15307,C,Nick,Nick Cousins,Cousins,5.774545566,55,3800,FLA@MIN,FLA,MIN,,,,,,C/UTIL
,,,,,,,,,,,,,86982-15395:Brett Ritchie,86982-15395,W,Brett,Brett Ritchie,Ritchie,5.264516031,31,3700,CGY@OTT,CGY,OTT,,,,,,W/UTIL
,,,,,,,,,,,,,86982-8259:Andrew Ladd,86982-8259,W,Andrew,Andrew Ladd,Ladd,5.294117647,51,3700,ARI@NSH,ARI,NSH,IR,Knee,,,,W/UTIL
,,,,,,,,,,,,,86982-103573:Jacob Bryson,86982-103573,D,Jacob,Jacob Bryson,Bryson,4.381395207,43,3700,BUF@LA,BUF,LA,,,,,,D/UTIL
,,,,,,,,,,,,,86982-103624:Brandon Duhaime,86982-103624,W,Brandon,Brandon Duhaime,Duhaime,4.703448065,29,3700,FLA@MIN,MIN,FLA,,,,,,W/UTIL
,,,,,,,,,,,,,86982-117058:Jakob Pelletier,86982-117058,W,Jakob,Jakob Pelletier,Pelletier,5.371428353,7,3700,CGY@OTT,CGY,OTT,,,,,,W/UTIL
,,,,,,,,,,,,,86982-103753:Mikey Anderson,86982-103753,D,Mikey,Mikey Anderson,Anderson,6.43703715,54,3700,BUF@LA,LA,BUF,,,,,,D/UTIL
,,,,,,,,,,,,,86982-74079:Josh Mahura,86982-74079,D,Josh,Josh Mahura,Mahura,4.945454545,55,3700,FLA@MIN,FLA,MIN,,,,,,D/UTIL
,,,,,,,,,,,,,86982-8611:Alex Goligoski,86982-8611,D,Alex,Alex Goligoski,Goligoski,5.087999878,25,3700,FLA@MIN,MIN,FLA,,,,,,D/UTIL
,,,,,,,,,,,,,86982-84404:Ilya Lyubushkin,86982-84404,D,Ilya,Ilya Lyubushkin,Lyubushkin,4.25,40,3700,BUF@LA,BUF,LA,,,,,,D/UTIL
,,,,,,,,,,,,,86982-128488:Connor Mackey,86982-128488,D,Connor,Connor Mackey,Mackey,4.399999936,12,3700,CGY@OTT,CGY,OTT,,,,,,D/UTIL
,,,,,,,,,,,,,86982-128490:Cole Smith,86982-128490,W,Cole,Cole Smith,Smith,4.590909091,44,3700,ARI@NSH,NSH,ARI,,,,,,W/UTIL
,,,,,,,,,,,,,86982-135666:Nils Hoglander,86982-135666,W,Nils,Nils Hoglander,Hoglander,5.727999878,25,3700,DET@VAN,VAN,DET,,,,,,W/UTIL
,,,,,,,,,,,,,86982-128509:Mattias Samuelsson,86982-128509,D,Mattias,Mattias Samuelsson,Samuelsson,5.988889058,36,3700,BUF@LA,BUF,LA,,,,,,D/UTIL
,,,,,,,,,,,,,86982-8709:Alexander Edler,86982-8709,D,Alexander,Alexander Edler,Edler,5.686956654,46,3700,BUF@LA,LA,BUF,,,,,,D/UTIL
,,,,,,,,,,,,,86982-70169:Troy Stecher,86982-70169,D,Troy,Troy Stecher,Stecher,4.498113092,53,3700,ARI@NSH,ARI,NSH,,,,,,D/UTIL
,,,,,,,,,,,,,86982-41591:Jon Merrill,86982-41591,D,Jon,Jon Merrill,Merrill,4.96666654,48,3700,FLA@MIN,MIN,FLA,,,,,,D/UTIL
,,,,,,,,,,,,,86982-23222:Zemgus Girgensons,86982-23222,W,Zemgus,Zemgus Girgensons,Girgensons,5.012245023,49,3700,BUF@LA,BUF,LA,,,,,,W/UTIL
,,,,,,,,,,,,,86982-148182:Jacob Bernard-Docker,86982-148182,D,Jacob,Jacob Bernard-Docker,Bernard-Docker,5.292307927,13,3700,CGY@OTT,OTT,CGY,,,,,,D/UTIL
,,,,,,,,,,,,,86982-97056:Connor Dewar,86982-97056,W,Connor,Connor Dewar,Dewar,5.160784553,51,3700,FLA@MIN,MIN,FLA,,,,,,W/UTIL
,,,,,,,,,,,,,86982-103212:Casey Fitzgerald,86982-103212,D,Casey,Casey Fitzgerald,Fitzgerald,2.713043545,23,3700,FLA@MIN,FLA,MIN,,,,,,D/UTIL
,,,,,,,,,,,,,86982-59256:Kyle Burroughs,86982-59256,D,Kyle,Kyle Burroughs,Burroughs,5.426087089,23,3700,DET@VAN,VAN,DET,,,,,,D/UTIL
,,,,,,,,,,,,,86982-14217:Patrik Nemeth,86982-14217,D,Patrik,Patrik Nemeth,Nemeth,3.866666794,48,3700,ARI@NSH,ARI,NSH,,,,,,D/UTIL
,,,,,,,,,,,,,86982-54193:Phillip Di Giuseppe,86982-54193,W,Phillip,Phillip Di Giuseppe,Di Giuseppe,8.8,5,3700,DET@VAN,VAN,DET,,,,,,W/UTIL
,,,,,,,,,,,,,86982-42994:Nikita Zadorov,86982-42994,D,Nikita,Nikita Zadorov,Zadorov,6.801886792,53,3700,CGY@OTT,CGY,OTT,,,,,,D/UTIL
,,,,,,,,,,,,,86982-43041:Josh Brown,86982-43041,D,Josh,Josh Brown,Brown,5.077551083,49,3600,ARI@NSH,ARI,NSH,,,,,,D/UTIL
,,,,,,,,,,,,,86982-79965:Carl Grundstrom,86982-79965,W,Carl,Carl Grundstrom,Grundstrom,5.505405323,37,3600,BUF@LA,LA,BUF,IR,Lower body,,,,W/UTIL
,,,,,,,,,,,,,86982-66682:Travis Dermott,86982-66682,D,Travis,Travis Dermott,Dermott,3.563636433,11,3600,DET@VAN,VAN,DET,,,,,,D/UTIL
,,,,,,,,,,,,,86982-84116:Erik Brannstrom,86982-84116,D,Erik,Erik Brannstrom,Brannstrom,4.921738998,46,3600,CGY@OTT,OTT,CGY,,,,,,D/UTIL
,,,,,,,,,,,,,86982-66741:Nicolas Meloche,86982-66741,D,Nicolas,Nicolas Meloche,Meloche,4.2,50,3600,CGY@OTT,CGY,OTT,,,,,,D/UTIL
,,,,,,,,,,,,,86982-54457:Jordan Oesterle,86982-54457,D,Jordan,Jordan Oesterle,Oesterle,4.279999924,40,3600,DET@VAN,DET,VAN,,,,,,D/UTIL
,,,,,,,,,,,,,86982-66754:Ryan Lomberg,86982-66754,W,Ryan,Ryan Lomberg,Lomberg,4.989090798,55,3600,FLA@MIN,FLA,MIN,,,,,,W/UTIL
,,,,,,,,,,,,,86982-82176:Jack Studnicka,86982-82176,C,Jack,Jack Studnicka,Studnicka,4.65882335,34,3600,DET@VAN,VAN,DET,DTD,Illness,,,,C/UTIL
,,,,,,,,,,,,,86982-82193:Pius Suter,86982-82193,C,Pius,Pius Suter,Suter,5.274999936,48,3600,DET@VAN,DET,VAN,,,,,,C/UTIL
,,,,,,,,,,,,,86982-82198:Mark Kastelic,86982-82198,C,Mark,Mark Kastelic,Kastelic,4.167441789,43,3600,CGY@OTT,OTT,CGY,,,,,,C/UTIL
,,,,,,,,,,,,,86982-167209:Jack McBain,86982-167209,C,Jack,Jack McBain,McBain,5.026414979,53,3600,ARI@NSH,ARI,NSH,,,,,,C/UTIL
,,,,,,,,,,,,,86982-74092:Kale Clague,86982-74092,D,Kale,Kale Clague,Clague,3.272727273,22,3600,BUF@LA,BUF,LA,,,,,,D/UTIL
,,,,,,,,,,,,,86982-84410:Gustav Lindstrom,86982-84410,D,Gustav,Gustav Lindstrom,Lindstrom,2.763636329,22,3600,DET@VAN,DET,VAN,,,,,,D/UTIL
,,,,,,,,,,,,,86982-12744:Mark Pysyk,86982-12744,D,Mark,Mark Pysyk,Pysyk,5.094117557,68,3600,DET@VAN,DET,VAN,IR,Achilles,,,,D/UTIL
,,,,,,,,,,,,,86982-10842:Nick Holden,86982-10842,D,Nick,Nick Holden,Holden,5.234042553,47,3600,CGY@OTT,OTT,CGY,,,,,,D/UTIL
,,,,,,,,,,,,,86982-70375:Nikita Zaitsev,86982-70375,D,Nikita,Nikita Zaitsev,Zaitsev,4.46666654,24,3600,CGY@OTT,OTT,CGY,,,,,,D/UTIL
,,,,,,,,,,,,,86982-59147:Jake Middleton,86982-59147,D,Jake,Jake Middleton,Middleton,5.780391918,51,3600,FLA@MIN,MIN,FLA,,,,,,D/UTIL
,,,,,,,,,,,,,86982-14151:Austin Watson,86982-14151,W,Austin,Austin Watson,Watson,4.21666654,48,3600,CGY@OTT,OTT,CGY,,,,,,W/UTIL
,,,,,,,,,,,,,86982-82828:Christian Wolanin,86982-82828,D,Christian,Christian Wolanin,Wolanin,4.436363567,11,3600,DET@VAN,VAN,DET,,,,,,D/UTIL
,,,,,,,,,,,,,86982-148401:Walker Duehr,86982-148401,W,Walker,Walker Duehr,Duehr,5.599999905,8,3600,CGY@OTT,CGY,OTT,,,,,,W/UTIL
,,,,,,,,,,,,,86982-79881:Tucker Poolman,86982-79881,D,Tucker,Tucker Poolman,Poolman,5.333333333,3,3500,DET@VAN,VAN,DET,IR,Undisclosed,,,,D/UTIL
,,,,,,,,,,,,,86982-171018:Filip Johansson,86982-171018,D,Filip,Filip Johansson,Johansson,,,3500,DET@VAN,VAN,DET,,,,,,D/UTIL
,,,,,,,,,,,,,86982-9230:Cameron Gaunce,86982-9230,D,Cameron,Cameron Gaunce,Gaunce,,,3500,BUF@LA,LA,BUF,,,,,,D/UTIL
,,,,,,,,,,,,,86982-38947:Andrej Sustr,86982-38947,D,Andrej,Andrej Sustr,Sustr,4.063157734,38,3500,FLA@MIN,MIN,FLA,,,,,,D/UTIL
,,,,,,,,,,,,,86982-68642:Ethan Prow,86982-68642,D,Ethan,Ethan Prow,Prow,5,4,3500,BUF@LA,BUF,LA,,,,,,D/UTIL
,,,,,,,,,,,,,86982-82985:Jordan Gross,86982-82985,D,Jordan,Jordan Gross,Gross,7.972726995,11,3500,ARI@NSH,NSH,ARI,,,,,,D/UTIL
,,,,,,,,,,,,,86982-66614:Dysin Mayo,86982-66614,D,Dysin,Dysin Mayo,Mayo,2.352941176,17,3500,ARI@NSH,ARI,NSH,,,,,,D/UTIL
,,,,,,,,,,,,,86982-66616:Dakota Mermis,86982-66616,D,Dakota,Dakota Mermis,Mermis,1.600000024,2,3500,FLA@MIN,MIN,FLA,,,,,,D/UTIL
,,,,,,,,,,,,,86982-8270:Niklas Hjalmarsson,86982-8270,D,Niklas,Niklas Hjalmarsson,Hjalmarsson,,,3500,ARI@NSH,ARI,NSH,,,,,,D/UTIL
,,,,,,,,,,,,,86982-180301:David Spacek,86982-180301,D,David,David Spacek,Spacek,,,3500,FLA@MIN,MIN,FLA,,,,,,D/UTIL
,,,,,,,,,,,,,86982-180305:Benjamin Finkelstein,86982-180305,D,Benjamin,Benjamin Finkelstein,Finkelstein,,,3500,FLA@MIN,MIN,FLA,,,,,,D/UTIL
,,,,,,,,,,,,,86982-43120:Anthony Duclair,86982-43120,W,Anthony,Anthony Duclair,Duclair,11.38658551,82,3500,FLA@MIN,FLA,MIN,IR,Achilles,,,,W/UTIL
,,,,,,,,,,,,,86982-180352:Angus Booth,86982-180352,D,Angus,Angus Booth,Booth,,,3500,BUF@LA,LA,BUF,,,,,,D/UTIL
,,,,,,,,,,,,,86982-180353:Marc Lajoie,86982-180353,D,Marc,Marc Lajoie,Lajoie,,,3500,BUF@LA,LA,BUF,,,,,,D/UTIL
,,,,,,,,,,,,,86982-161940:Kyle Masters,86982-161940,D,Kyle,Kyle Masters,Masters,,,3500,FLA@MIN,MIN,FLA,,,,,,D/UTIL
,,,,,,,,,,,,,86982-66712:Noah Juulsen,86982-66712,D,Noah,Noah Juulsen,Juulsen,1.280000019,5,3500,DET@VAN,VAN,DET,,,,,,D/UTIL
,,,,,,,,,,,,,86982-73907:Frederic Allard,86982-73907,D,Frederic,Frederic Allard,Allard,,,3500,BUF@LA,LA,BUF,,,,,,D/UTIL
,,,,,,,,,,,,,86982-180407:Kirill Kudryavtsev,86982-180407,D,Kirill,Kirill Kudryavtsev,Kudryavtsev,,,3500,DET@VAN,VAN,DET,,,,,,D/UTIL
,,,,,,,,,,,,,86982-73913:Cam Dineen,86982-73913,D,Cam,Cam Dineen,Dineen,5.515789634,38,3500,ARI@NSH,ARI,NSH,,,,,,D/UTIL
,,,,,,,,,,,,,86982-180408:Matt Anderson,86982-180408,D,Matt,Matt Anderson,Anderson,,,3500,DET@VAN,VAN,DET,,,,,,D/UTIL
,,,,,,,,,,,,,86982-180409:Chad Nychuk,86982-180409,D,Chad,Chad Nychuk,Nychuk,,,3500,DET@VAN,VAN,DET,,,,,,D/UTIL
,,,,,,,,,,,,,86982-160964:Carson Lambos,86982-160964,D,Carson,Carson Lambos,Lambos,,,3500,FLA@MIN,MIN,FLA,,,,,,D/UTIL
,,,,,,,,,,,,,86982-39145:Danny DeKeyser,86982-39145,D,Danny,Danny DeKeyser,DeKeyser,5.803389727,59,3500,DET@VAN,VAN,DET,,,,,,D/UTIL
,,,,,,,,,,,,,86982-152815:Helge Grans,86982-152815,D,Helge,Helge Grans,Grans,,,3500,BUF@LA,LA,BUF,,,,,,D/UTIL
,,,,,,,,,,,,,86982-66798:Guillaume Brisebois,86982-66798,D,Guillaume,Guillaume Brisebois,Brisebois,6.400000254,3,3500,DET@VAN,VAN,DET,,,,,,D/UTIL
,,,,,,,,,,,,,86982-82162:Turner Ottenbreit,86982-82162,D,Turner,Turner Ottenbreit,Ottenbreit,,,3500,FLA@MIN,MIN,FLA,,,,,,D/UTIL
,,,,,,,,,,,,,86982-54521:Shayne Gostisbehere,86982-54521,D,Shayne,Shayne Gostisbehere,Gostisbehere,11.26249949,48,3500,ARI@NSH,ARI,NSH,O,Upper body,,,,D/UTIL
,,,,,,,,,,,,,86982-162081:Tobie Bisson,86982-162081,D,Tobie,Tobie Bisson,Bisson,,,3500,BUF@LA,LA,BUF,,,,,,D/UTIL
,,,,,,,,,,,,,86982-117046:Quinn Schmiemann,86982-117046,D,Quinn,Quinn Schmiemann,Schmiemann,,,3500,DET@VAN,VAN,DET,,,,,,D/UTIL
,,,,,,,,,,,,,86982-117048:Peyton Krebs,86982-117048,C,Peyton,Peyton Krebs,Krebs,4.920930375,43,3500,BUF@LA,BUF,LA,,,,,,C/UTIL
,,,,,,,,,,,,,86982-82236:Chase Priskie,86982-82236,D,Chase,Chase Priskie,Priskie,2.799999952,4,3500,BUF@LA,BUF,LA,,,,,,D/UTIL
,,,,,,,,,,,,,86982-84289:Lawrence Pilut,86982-84289,D,Lawrence,Lawrence Pilut,Pilut,4.470588235,17,3500,BUF@LA,BUF,LA,,,,,,D/UTIL
,,,,,,,,,,,,,86982-149830:Daemon Hunt,86982-149830,D,Daemon,Daemon Hunt,Hunt,,,3500,FLA@MIN,MIN,FLA,,,,,,D/UTIL
,,,,,,,,,,,,,86982-149831:Ryan O'Rourke,86982-149831,D,Ryan,Ryan O'Rourke,O'Rourke,,,3500,FLA@MIN,MIN,FLA,,,,,,D/UTIL
,,,,,,,,,,,,,86982-117084:Vladislav Kolyachonok,86982-117084,D,Vladislav,Vladislav Kolyachonok,Kolyachonok,3.875,32,3500,ARI@NSH,ARI,NSH,,,,,,D/UTIL
,,,,,,,,,,,,,86982-117092:Jordan Spence,86982-117092,D,Jordan,Jordan Spence,Spence,3.73333327,3,3500,BUF@LA,LA,BUF,,,,,,D/UTIL
,,,,,,,,,,,,,86982-74096:Jacob Moverare,86982-74096,D,Jacob,Jacob Moverare,Moverare,8,2,3500,BUF@LA,LA,BUF,,,,,,D/UTIL
,,,,,,,,,,,,,86982-159098:Brandt Clarke,86982-159098,D,Brandt,Brandt Clarke,Clarke,5.136363636,11,3500,BUF@LA,LA,BUF,,,,,,D/UTIL
,,,,,,,,,,,,,86982-167291:Tyler Inamoto,86982-167291,D,Tyler,Tyler Inamoto,Inamoto,,,3500,BUF@LA,LA,BUF,,,,,,D/UTIL
,,,,,,,,,,,,,86982-168321:Kim Nousiainen,86982-168321,D,Kim,Kim Nousiainen,Nousiainen,,,3500,BUF@LA,LA,BUF,,,,,,D/UTIL
,,,,,,,,,,,,,86982-84394:Lucas Carlsson,86982-84394,D,Lucas,Lucas Carlsson,Carlsson,0.960000038,5,3500,FLA@MIN,FLA,MIN,,,,,,D/UTIL
,,,,,,,,,,,,,86982-13743:Mark Borowiecki,86982-13743,D,Mark,Mark Borowiecki,Borowiecki,0.533333341,6,3500,ARI@NSH,NSH,ARI,IR,Upper body,,,,D/UTIL
,,,,,,,,,,,,,86982-162278:Landon Kosior,86982-162278,D,Landon,Landon Kosior,Kosior,,,3500,BUF@LA,LA,BUF,,,,,,D/UTIL
,,,,,,,,,,,,,86982-162277:Cameron Supryka,86982-162277,D,Cameron,Cameron Supryka,Supryka,,,3500,BUF@LA,LA,BUF,,,,,,D/UTIL
,,,,,,,,,,,,,86982-58983:Liam O'Brien,86982-58983,W,Liam,Liam O'Brien,O'Brien,3.33793114,29,3500,ARI@NSH,ARI,NSH,DTD,Upper body,,,,W/UTIL
,,,,,,,,,,,,,86982-103033:Jett Woo,86982-103033,D,Jett,Jett Woo,Woo,,,3500,DET@VAN,VAN,DET,,,,,,D/UTIL
,,,,,,,,,,,,,86982-113273:Tobias Bjornfot,86982-113273,D,Tobias,Tobias Bjornfot,Bjornfot,5.066666603,6,3500,BUF@LA,LA,BUF,,,,,,D/UTIL
,,,,,,,,,,,,,86982-113277:Victor Soderstrom,86982-113277,D,Victor,Victor Soderstrom,Soderstrom,1.600000024,1,3500,ARI@NSH,ARI,NSH,,,,,,D/UTIL
,,,,,,,,,,,,,86982-113283:Lassi Thomson,86982-113283,D,Lassi,Lassi Thomson,Thomson,0.800000012,2,3500,CGY@OTT,OTT,CGY,,,,,,D/UTIL
,,,,,,,,,,,,,86982-103079:Brady Keeper,86982-103079,D,Brady,Brady Keeper,Keeper,,,3500,DET@VAN,VAN,DET,,,,,,D/UTIL
,,,,,,,,,,,,,86982-148183:Matt Kiersted,86982-148183,D,Matt,Matt Kiersted,Kiersted,3.314285642,21,3500,FLA@MIN,FLA,MIN,,,,,,D/UTIL
,,,,,,,,,,,,,86982-169736:Simon Johansson,86982-169736,D,Simon,Simon Johansson,Johansson,,,3500,FLA@MIN,MIN,FLA,,,,,,D/UTIL
,,,,,,,,,,,,,86982-42780:Dillon Heatherington,86982-42780,D,Dillon,Dillon Heatherington,Heatherington,1.600000064,3,3500,CGY@OTT,OTT,CGY,,,,,,D/UTIL
,,,,,,,,,,,,,86982-135978:Jack Rathbone,86982-135978,D,Jack,Jack Rathbone,Rathbone,3.428571429,7,3500,DET@VAN,VAN,DET,,,,,,D/UTIL
,,,,,,,,,,,,,86982-62275:Travis Boyd,86982-62275,C,Travis,Travis Boyd,Boyd,5.933962264,53,3500,ARI@NSH,ARI,NSH,,,,,,C/UTIL
,,,,,,,,,,,,,86982-62276:Austin Czarnik,86982-62276,W,Austin,Austin Czarnik,Czarnik,5.200000127,12,3500,DET@VAN,DET,VAN,,,,,,W/UTIL
,,,,,,,,,,,,,86982-97092:Alex Kannok-Leipert,86982-97092,D,Alex,Alex Kannok-Leipert,Kannok-Leipert,,,3500,DET@VAN,VAN,DET,,,,,,D/UTIL
,,,,,,,,,,,,,86982-59239:Joe Hicketts,86982-59239,D,Joe,Joe Hicketts,Hicketts,,,3500,FLA@MIN,MIN,FLA,,,,,,D/UTIL
,,,,,,,,,,,,,86982-170867:Elmer Soderblom,86982-170867,W,Elmer,Elmer Soderblom,Soderblom,7.123809814,21,3500,DET@VAN,DET,VAN,,,,,,W/UTIL
,,,,,,,,,,,,,86982-97177:Kristians Rubins,86982-97177,D,Kristians,Kristians Rubins,Rubins,3.73333327,3,3500,CGY@OTT,OTT,CGY,,,,,,D/UTIL
,,,,,,,,,,,,,86982-11162:Zac Dalpe,86982-11162,C,Zac,Zac Dalpe,Dalpe,6.545454545,11,3500,FLA@MIN,FLA,MIN,,,,,,C/UTIL
,,,,,,,,,,,,,86982-97181:Dylan MacPherson,86982-97181,D,Dylan,Dylan MacPherson,MacPherson,,,3500,DET@VAN,VAN,DET,,,,,,D/UTIL
,,,,,,,,,,,,,86982-82851:Jordan Greenway,86982-82851,W,Jordan,Jordan Greenway,Greenway,4.84571446,35,3500,FLA@MIN,MIN,FLA,,,,,,W/UTIL
,,,,,,,,,,,,,86982-70565:Jacob Larsson,86982-70565,D,Jacob,Jacob Larsson,Larsson,2.133333365,3,3500,CGY@OTT,OTT,CGY,,,,,,D/UTIL
,,,,,,,,,,,,,86982-97242:Jeremy Davies,86982-97242,D,Jeremy,Jeremy Davies,Davies,1.066666683,3,3500,BUF@LA,BUF,LA,,,,,,D/UTIL
,,,,,,,,,,,,,86982-136184:Wyatt Kalynuk,86982-136184,D,Wyatt,Wyatt Kalynuk,Kalynuk,0.320000005,5,3500,DET@VAN,VAN,DET,,,,,,D/UTIL
,,,,,,,,,,,,,86982-82047:Aleksi Heponiemi,86982-82047,W,Aleksi,Aleksi Heponiemi,Heponiemi,3.920000076,10,3400,FLA@MIN,FLA,MIN,,,,,,W/UTIL
,,,,,,,,,,,,,86982-74144:Michael Carcone,86982-74144,W,Michael,Michael Carcone,Carcone,6.39999983,9,3400,ARI@NSH,ARI,NSH,,,,,,W/UTIL
,,,,,,,,,,,,,86982-85571:Filip Zadina,86982-85571,W,Filip,Filip Zadina,Zadina,3.70909084,11,3400,DET@VAN,DET,VAN,,,,,,W/UTIL
,,,,,,,,,,,,,86982-42860:Curtis Lazar,86982-42860,W,Curtis,Curtis Lazar,Lazar,4.539534813,43,3400,DET@VAN,VAN,DET,,,,,,W/UTIL
,,,,,,,,,,,,,86982-82834:Kiefer Sherwood,86982-82834,W,Kiefer,Kiefer Sherwood,Sherwood,3.771428517,7,3400,ARI@NSH,NSH,ARI,,,,,,W/UTIL
,,,,,,,,,,,,,86982-74008:Givani Smith,86982-74008,W,Givani,Givani Smith,Smith,3.4,20,3300,FLA@MIN,FLA,MIN,,,,,,W/UTIL
,,,,,,,,,,,,,86982-74041:Zach Sanford,86982-74041,W,Zach,Zach Sanford,Sanford,4.888888889,9,3300,ARI@NSH,NSH,ARI,,,,,,W/UTIL
,,,,,,,,,,,,,86982-62032:Vinnie Hinostroza,86982-62032,W,Vinnie,Vinnie Hinostroza,Hinostroza,5.276190622,21,3300,BUF@LA,BUF,LA,,,,,,W/UTIL
,,,,,,,,,,,,,86982-82192:Parker Kelly,86982-82192,W,Parker,Parker Kelly,Kelly,3.159183736,49,3200,CGY@OTT,OTT,CGY,,,,,,W/UTIL
,,,,,,,,,,,,,86982-58678:Brendan Lemieux,86982-58678,W,Brendan,Brendan Lemieux,Lemieux,2.666666667,27,3200,BUF@LA,LA,BUF,,,,,,W/UTIL
,,,,,,,,,,,,,86982-39235:Chris Tierney,86982-39235,C,Chris,Chris Tierney,Tierney,4.399999936,12,3200,FLA@MIN,FLA,MIN,,,,,,C/UTIL
,,,,,,,,,,,,,86982-84403:Rasmus Asplund,86982-84403,C,Rasmus,Rasmus Asplund,Asplund,4.814285823,28,3200,BUF@LA,BUF,LA,,,,,,C/UTIL
,,,,,,,,,,,,,86982-135675:Radim Zohorna,86982-135675,C,Radim,Radim Zohorna,Zohorna,0.800000012,8,3200,CGY@OTT,CGY,OTT,,,,,,C/UTIL
,,,,,,,,,,,,,86982-135673:Grigori Denisenko,86982-135673,W,Grigori,Grigori Denisenko,Denisenko,4.53333346,12,3200,FLA@MIN,FLA,MIN,,,,,,W/UTIL
,,,,,,,,,,,,,86982-113289:Rasmus Kupari,86982-113289,C,Rasmus,Rasmus Kupari,Kupari,4.326315629,38,3200,BUF@LA,LA,BUF,,,,,,C/UTIL
,,,,,,,,,,,,,86982-8887:Ryan Reaves,86982-8887,W,Ryan,Ryan Reaves,Reaves,2.346666633,45,3200,FLA@MIN,MIN,FLA,,,,,,W/UTIL
,,,,,,,,,,,,,86982-11284:Cody Eakin,86982-11284,C,Cody,Cody Eakin,Eakin,3.997142683,70,3100,CGY@OTT,CGY,OTT,,,,,,C/UTIL
,,,,,,,,,,,,,86982-82011:Ben Jones,86982-82011,C,Ben,Ben Jones,Jones,1.600000024,2,3100,CGY@OTT,CGY,OTT,,,,,,C/UTIL
,,,,,,,,,,,,,86982-74067:Kevin Rooney,86982-74067,C,Kevin,Kevin Rooney,Rooney,2.577777863,18,3100,CGY@OTT,CGY,OTT,,,,,,C/UTIL
,,,,,,,,,,,,,86982-117087:Cole Schwindt,86982-117087,W,Cole,Cole Schwindt,Schwindt,2.666666667,3,3100,CGY@OTT,CGY,OTT,,,,,,W/UTIL
,,,,,,,,,,,,,86982-142016:Quinton Byfield,86982-142016,C,Quinton,Quinton Byfield,Byfield,5.479310134,29,3100,BUF@LA,LA,BUF,,,,,,C/UTIL
,,,,,,,,,,,,,86982-59222:Clark Bishop,86982-59222,W,Clark,Clark Bishop,Bishop,2.844444487,9,3100,CGY@OTT,CGY,OTT,,,,,,W/UTIL
,,,,,,,,,,,,,86982-11152:Zack Kassian,86982-11152,W,Zack,Zack Kassian,Kassian,1.535135115,37,3100,ARI@NSH,ARI,NSH,,,,,,W/UTIL
,,,,,,,,,,,,,86982-82909:Dylan Gambrell,86982-82909,C,Dylan,Dylan Gambrell,Gambrell,2.308571516,35,3100,CGY@OTT,OTT,CGY,,,,,,C/UTIL
,,,,,,,,,,,,,86982-43011:Laurent Dauphin,86982-43011,C,Laurent,Laurent Dauphin,Dauphin,3.200000127,3,3000,ARI@NSH,ARI,NSH,,,,,,C/UTIL
,,,,,,,,,,,,,86982-43015:Jacob Doty,86982-43015,C,Jacob,Jacob Doty,Doty,,,3000,BUF@LA,LA,BUF,,,,,,C/UTIL
,,,,,,,,,,,,,86982-117783:Brett Murray,86982-117783,W,Brett,Brett Murray,Murray,4.104999924,20,3000,BUF@LA,BUF,LA,,,,,,W/UTIL
,,,,,,,,,,,,,86982-68639:Steven Fogarty,86982-68639,W,Steven,Steven Fogarty,Fogarty,0,2,3000,FLA@MIN,MIN,FLA,,,,,,W/UTIL
,,,,,,,,,,,,,86982-68658:Danny O'Regan,86982-68658,C,Danny,Danny O'Regan,O'Regan,3.520000076,5,3000,DET@VAN,DET,VAN,,,,,,C/UTIL
,,,,,,,,,,,,,86982-161858:Kaleb Lawrence,86982-161858,C,Kaleb,Kaleb Lawrence,Lawrence,,,3000,BUF@LA,LA,BUF,,,,,,C/UTIL
,,,,,,,,,,,,,86982-180299:Hunter Haight,86982-180299,C,Hunter,Hunter Haight,Haight,,,3000,FLA@MIN,MIN,FLA,,,,,,C/UTIL
,,,,,,,,,,,,,86982-180302:Josh Pillar,86982-180302,C,Josh,Josh Pillar,Pillar,,,3000,FLA@MIN,MIN,FLA,,,,,,C/UTIL
,,,,,,,,,,,,,86982-180306:Michael Milne,86982-180306,W,Michael,Michael Milne,Milne,,,3000,FLA@MIN,MIN,FLA,,,,,,W/UTIL
,,,,,,,,,,,,,86982-180304:Servac Petrovsky,86982-180304,C,Servac,Servac Petrovsky,Petrovsky,,,3000,FLA@MIN,MIN,FLA,,,,,,C/UTIL
,,,,,,,,,,,,,86982-66642:Austin Wagner,86982-66642,W,Austin,Austin Wagner,Wagner,,,3000,BUF@LA,LA,BUF,,,,,,W/UTIL
,,,,,,,,,,,,,86982-161884:Mike O'Leary,86982-161884,W,Mike,Mike O'Leary,O'Leary,,,3000,FLA@MIN,MIN,FLA,,,,,,W/UTIL
,,,,,,,,,,,,,86982-180347:James Stefan,86982-180347,W,James,James Stefan,Stefan,,,3000,BUF@LA,LA,BUF,,,,,,W/UTIL
,,,,,,,,,,,,,86982-180350:Riley Fiddler-Schultz,86982-180350,C,Riley,Riley Fiddler-Schultz,Fiddler-Schultz,,,3000,BUF@LA,LA,BUF,,,,,,C/UTIL
,,,,,,,,,,,,,86982-180349:Eric Alarie,86982-180349,W,Eric,Eric Alarie,Alarie,,,3000,BUF@LA,LA,BUF,,,,,,W/UTIL
,,,,,,,,,,,,,86982-8322:Loui Eriksson,86982-8322,W,Loui,Loui Eriksson,Eriksson,4.498648566,74,3000,ARI@NSH,ARI,NSH,,,,,,W/UTIL
,,,,,,,,,,,,,86982-161938:Caedan Bankier,86982-161938,C,Caedan,Caedan Bankier,Bankier,,,3000,FLA@MIN,MIN,FLA,,,,,,C/UTIL
,,,,,,,,,,,,,86982-161939:Pavel Novak,86982-161939,W,Pavel,Pavel Novak,Novak,,,3000,FLA@MIN,MIN,FLA,O,Illness,,,,W/UTIL
,,,,,,,,,,,,,86982-12438:Riley Nash,86982-12438,C,Riley,Riley Nash,Nash,2.329824615,57,3000,FLA@MIN,FLA,MIN,,,,,,C/UTIL
,,,,,,,,,,,,,86982-66715:Bokondji Imama,86982-66715,W,Bokondji,Bokondji Imama,Imama,4.199999809,4,3000,ARI@NSH,ARI,NSH,,,,,,W/UTIL
,,,,,,,,,,,,,86982-82083:Lias Andersson,86982-82083,W,Lias,Lias Andersson,Andersson,1.600000024,1,3000,BUF@LA,LA,BUF,,,,,,W/UTIL
,,,,,,,,,,,,,86982-180402:Matt Alfaro,86982-180402,W,Matt,Matt Alfaro,Alfaro,,,3000,DET@VAN,VAN,DET,,,,,,W/UTIL
,,,,,,,,,,,,,86982-180403:Cole Shepard,86982-180403,W,Cole,Cole Shepard,Shepard,,,3000,DET@VAN,VAN,DET,,,,,,W/UTIL
,,,,,,,,,,,,,86982-180406:Yushiro Hirano,86982-180406,W,Yushiro,Yushiro Hirano,Hirano,,,3000,DET@VAN,VAN,DET,,,,,,W/UTIL
,,,,,,,,,,,,,86982-180404:Michael Regush,86982-180404,W,Michael,Michael Regush,Regush,,,3000,DET@VAN,VAN,DET,,,,,,W/UTIL
,,,,,,,,,,,,,86982-180405:Marc Gatcomb,86982-180405,W,Marc,Marc Gatcomb,Gatcomb,,,3000,DET@VAN,VAN,DET,,,,,,W/UTIL
,,,,,,,,,,,,,86982-43196:Alan Quine,86982-43196,W,Alan,Alan Quine,Quine,,,3000,BUF@LA,LA,BUF,,,,,,W/UTIL
,,,,,,,,,,,,,86982-82123:Gerry Mayhew,86982-82123,W,Gerry,Gerry Mayhew,Mayhew,6.672499847,40,3000,FLA@MIN,FLA,MIN,,,,,,W/UTIL
,,,,,,,,,,,,,86982-73930:Connor Bunnaman,86982-73930,C,Connor,Connor Bunnaman,Bunnaman,1.280000051,15,3000,FLA@MIN,FLA,MIN,,,,,,C/UTIL
,,,,,,,,,,,,,86982-54479:T.J. Tynan,86982-54479,W,T.J.,T.J. Tynan,Tynan,4,2,3000,BUF@LA,LA,BUF,,,,,,W/UTIL
,,,,,,,,,,,,,86982-73941:Tanner Kaspick,86982-73941,C,Tanner,Tanner Kaspick,Kaspick,,,3000,FLA@MIN,MIN,FLA,,,,,,C/UTIL
,,,,,,,,,,,,,86982-167128:Taylor Ward,86982-167128,W,Taylor,Taylor Ward,Ward,,,3000,BUF@LA,LA,BUF,,,,,,W/UTIL
,,,,,,,,,,,,,86982-21755:Alex Chiasson,86982-21755,W,Alex,Alex Chiasson,Chiasson,6.247761285,67,3000,ARI@NSH,ARI,NSH,,,,,,W/UTIL
,,,,,,,,,,,,,86982-168188:Sam Hentges,86982-168188,C,Sam,Sam Hentges,Hentges,,,3000,FLA@MIN,MIN,FLA,,,,,,C/UTIL
,,,,,,,,,,,,,86982-168192:Andre Lee,86982-168192,W,Andre,Andre Lee,Lee,,,3000,BUF@LA,LA,BUF,,,,,,W/UTIL
,,,,,,,,,,,,,86982-116996:Ben McCartney,86982-116996,W,Ben,Ben McCartney,McCartney,1.600000024,2,3000,ARI@NSH,ARI,NSH,,,,,,W/UTIL
,,,,,,,,,,,,,86982-117013:Adam Beckman,86982-117013,W,Adam,Adam Beckman,Beckman,2.666666667,6,3000,FLA@MIN,MIN,FLA,,,,,,W/UTIL
,,,,,,,,,,,,,86982-102690:Linus Karlsson,86982-102690,W,Linus,Linus Karlsson,Karlsson,,,3000,DET@VAN,VAN,DET,,,,,,W/UTIL
,,,,,,,,,,,,,86982-74029:Ty Ronning,86982-74029,W,Ty,Ty Ronning,Ronning,,,3000,FLA@MIN,MIN,FLA,,,,,,W/UTIL
,,,,,,,,,,,,,86982-152885:Viktor Lodin,86982-152885,C,Viktor,Viktor Lodin,Lodin,4.800000191,1,3000,CGY@OTT,OTT,CGY,,,,,,C/UTIL
,,,,,,,,,,,,,86982-82232:Chase Pearson,86982-82232,W,Chase,Chase Pearson,Pearson,1.066666683,3,3000,DET@VAN,DET,VAN,,,,,,W/UTIL
,,,,,,,,,,,,,86982-167250:Nathan Smith,86982-167250,C,Nathan,Nathan Smith,Smith,7.2,10,3000,ARI@NSH,ARI,NSH,,,,,,C/UTIL
,,,,,,,,,,,,,86982-117103:Philip Tomasino,86982-117103,W,Philip,Philip Tomasino,Tomasino,6.730379901,79,3000,ARI@NSH,NSH,ARI,,,,,,W/UTIL
,,,,,,,,,,,,,86982-74099:Matt Luff,86982-74099,W,Matt,Matt Luff,Luff,3.542857034,7,3000,DET@VAN,DET,VAN,,,,,,W/UTIL
,,,,,,,,,,,,,86982-162171:Connor Lockhart,86982-162171,W,Connor,Connor Lockhart,Lockhart,,,3000,DET@VAN,VAN,DET,,,,,,W/UTIL
,,,,,,,,,,,,,86982-162172:Tristen Nielsen,86982-162172,C,Tristen,Tristen Nielsen,Nielsen,,,3000,DET@VAN,VAN,DET,,,,,,C/UTIL
,,,,,,,,,,,,,86982-21921:Riley Sheahan,86982-21921,C,Riley,Riley Sheahan,Sheahan,0.400000006,4,3000,BUF@LA,BUF,LA,,,,,,C/UTIL
,,,,,,,,,,,,,86982-161189:Jasper Weatherby,86982-161189,W,Jasper,Jasper Weatherby,Weatherby,4.387999878,50,3000,DET@VAN,DET,VAN,,,,,,W/UTIL
,,,,,,,,,,,,,86982-117161:Carson Focht,86982-117161,C,Carson,Carson Focht,Focht,,,3000,DET@VAN,VAN,DET,,,,,,C/UTIL
,,,,,,,,,,,,,86982-162267:Justin Nachbaur,86982-162267,W,Justin,Justin Nachbaur,Nachbaur,,,3000,BUF@LA,LA,BUF,,,,,,W/UTIL
,,,,,,,,,,,,,86982-162270:Martin Chromiak,86982-162270,W,Martin,Martin Chromiak,Chromiak,,,3000,BUF@LA,LA,BUF,,,,,,W/UTIL
,,,,,,,,,,,,,86982-162271:Brett Kemp,86982-162271,C,Brett,Brett Kemp,Kemp,,,3000,BUF@LA,LA,BUF,,,,,,C/UTIL
,,,,,,,,,,,,,86982-162269:Francesco Pinelli,86982-162269,C,Francesco,Francesco Pinelli,Pinelli,,,3000,BUF@LA,LA,BUF,,,,,,C/UTIL
,,,,,,,,,,,,,86982-128485:John Leonard,86982-128485,W,John,John Leonard,Leonard,5.235714504,14,3000,ARI@NSH,NSH,ARI,,,,,,W/UTIL
,,,,,,,,,,,,,86982-128491:Mitchell Chaffee,86982-128491,W,Mitchell,Mitchell Chaffee,Chaffee,0.800000012,2,3000,FLA@MIN,MIN,FLA,,,,,,W/UTIL
,,,,,,,,,,,,,86982-128508:Brandon Biro,86982-128508,W,Brandon,Brandon Biro,Biro,0,1,3000,BUF@LA,BUF,LA,,,,,,W/UTIL
,,,,,,,,,,,,,86982-181787:Nolan Burke,86982-181787,C,Nolan,Nolan Burke,Burke,,,3000,ARI@NSH,NSH,ARI,,,,,,C/UTIL
,,,,,,,,,,,,,86982-173639:Liam Ohgren,86982-173639,W,Liam,Liam Ohgren,Ohgren,,,3000,FLA@MIN,MIN,FLA,,,,,,W/UTIL
,,,,,,,,,,,,,86982-167499:Arshdeep Bains,86982-167499,W,Arshdeep,Arshdeep Bains,Bains,,,3000,DET@VAN,VAN,DET,,,,,,W/UTIL
,,,,,,,,,,,,,86982-102997:Taro Hirose,86982-102997,W,Taro,Taro Hirose,Hirose,3.746666718,15,3000,DET@VAN,DET,VAN,,,,,,W/UTIL
,,,,,,,,,,,,,86982-80481:Anders Bjork,86982-80481,W,Anders,Anders Bjork,Bjork,1.600000024,1,3000,BUF@LA,BUF,LA,,,,,,W/UTIL
,,,,,,,,,,,,,86982-152162:Vasily Podkolzin,86982-152162,W,Vasily,Vasily Podkolzin,Podkolzin,4.6,20,3000,DET@VAN,VAN,DET,,,,,,W/UTIL
,,,,,,,,,,,,,86982-58985:Jakub Vrana,86982-58985,W,Jakub,Jakub Vrana,Vrana,14,2,3000,DET@VAN,DET,VAN,,,,,,W/UTIL
,,,,,,,,,,,,,86982-113274:Samuel Fagemo,86982-113274,W,Samuel,Samuel Fagemo,Fagemo,5.511110942,9,3000,BUF@LA,LA,BUF,,,,,,W/UTIL
,,,,,,,,,,,,,86982-8829:Nate Thompson,86982-8829,C,Nate,Nate Thompson,Thompson,2.933333426,33,3000,BUF@LA,LA,BUF,,,,,,C/UTIL
,,,,,,,,,,,,,86982-59012:Jayce Hawryluk,86982-59012,W,Jayce,Jayce Hawryluk,Hawryluk,,,3000,CGY@OTT,OTT,CGY,,,,,,W/UTIL
,,,,,,,,,,,,,86982-152238:Karel Plasek,86982-152238,W,Karel,Karel Plasek,Plasek,,,3000,DET@VAN,VAN,DET,,,,,,W/UTIL
,,,,,,,,,,,,,86982-142023:Marco Rossi,86982-142023,C,Marco,Marco Rossi,Rossi,2.299999952,16,3000,FLA@MIN,MIN,FLA,,,,,,C/UTIL
,,,,,,,,,,,,,86982-167639:Vladislav Firstov,86982-167639,W,Vladislav,Vladislav Firstov,Firstov,,,3000,FLA@MIN,MIN,FLA,,,,,,W/UTIL
,,,,,,,,,,,,,86982-146162:William Lockwood,86982-146162,W,William,William Lockwood,Lockwood,3.428571429,14,3000,DET@VAN,VAN,DET,IR,Concussion,,,,W/UTIL
,,,,,,,,,,,,,86982-119549:Tyler Madden,86982-119549,C,Tyler,Tyler Madden,Madden,,,3000,BUF@LA,LA,BUF,,,,,,C/UTIL
,,,,,,,,,,,,,86982-59143:Vincent Arseneau,86982-59143,W,Vincent,Vincent Arseneau,Arseneau,,,3000,DET@VAN,VAN,DET,,,,,,W/UTIL
,,,,,,,,,,,,,86982-97049:Egor Sokolov,86982-97049,W,Egor,Egor Sokolov,Sokolov,2.400000095,8,3000,CGY@OTT,OTT,CGY,,,,,,W/UTIL
,,,,,,,,,,,,,86982-97057:Damien Giroux,86982-97057,C,Damien,Damien Giroux,Giroux,,,3000,FLA@MIN,MIN,FLA,,,,,,C/UTIL
,,,,,,,,,,,,,86982-42786:Justin Dowling,86982-42786,W,Justin,Justin Dowling,Dowling,3.70909084,22,3000,DET@VAN,VAN,DET,,,,,,W/UTIL
,,,,,,,,,,,,,86982-97073:Chase Wouters,86982-97073,C,Chase,Chase Wouters,Wouters,,,3000,DET@VAN,VAN,DET,,,,,,C/UTIL
,,,,,,,,,,,,,86982-97112:Jan Jenik,86982-97112,W,Jan,Jan Jenik,Jenik,1.600000024,1,3000,ARI@NSH,ARI,NSH,,,,,,W/UTIL
,,,,,,,,,,,,,86982-59245:Brandon Baddock,86982-59245,W,Brandon,Brandon Baddock,Baddock,0,1,3000,FLA@MIN,MIN,FLA,,,,,,W/UTIL
,,,,,,,,,,,,,86982-149357:Cole Reinhardt,86982-149357,W,Cole,Cole Reinhardt,Reinhardt,1.600000024,1,3000,CGY@OTT,OTT,CGY,,,,,,W/UTIL
,,,,,,,,,,,,,86982-59251:Michael Dal Colle,86982-59251,W,Michael,Michael Dal Colle,Dal Colle,3.200000048,1,3000,CGY@OTT,OTT,CGY,,,,,,W/UTIL
,,,,,,,,,,,,,86982-97159:Akil Thomas,86982-97159,C,Akil,Akil Thomas,Thomas,,,3000,BUF@LA,LA,BUF,O,Shoulder,,,,C/UTIL
,,,,,,,,,,,,,86982-97160:Aidan Dudas,86982-97160,C,Aidan,Aidan Dudas,Dudas,,,3000,BUF@LA,LA,BUF,,,,,,C/UTIL
,,,,,,,,,,,,,86982-159628:Samuel Helenius,86982-159628,C,Samuel,Samuel Helenius,Helenius,,,3000,BUF@LA,LA,BUF,,,,,,C/UTIL
,,,,,,,,,,,,,86982-157595:Danila Klimovich,86982-157595,W,Danila,Danila Klimovich,Klimovich,,,3000,DET@VAN,VAN,DET,,,,,,W/UTIL
,,,,,,,,,,,,,86982-15267:Joseph Cramarossa,86982-15267,C,Joseph,Joseph Cramarossa,Cramarossa,3.799999952,4,3000,FLA@MIN,MIN,FLA,,,,,,C/UTIL
,,,,,,,,,,,,,86982-42918:Scott Sabourin,86982-42918,W,Scott,Scott Sabourin,Sabourin,4.114285605,7,3000,CGY@OTT,OTT,CGY,,,,,,W/UTIL
,,,,,,,,,,,,,86982-15272:Micheal Ferland,86982-15272,W,Micheal,Micheal Ferland,Ferland,,,3000,DET@VAN,VAN,DET,IR,Head,,,,W/UTIL
,,,,,,,,,,,,,86982-148400:Nick Swaney,86982-148400,W,Nick,Nick Swaney,Swaney,,,3000,FLA@MIN,MIN,FLA,,,,,,W/UTIL
,,,,,,,,,,,,,86982-119745:Alex Turcotte,86982-119745,C,Alex,Alex Turcotte,Turcotte,0.800000012,4,3000,BUF@LA,LA,BUF,,,,,,C/UTIL
,,,,,,,,,,,,,86982-42977:Nic Petan,86982-42977,C,Nic,Nic Petan,Petan,3.799999952,8,3000,FLA@MIN,MIN,FLA,,,,,,C/UTIL
,,,,,,,,,,,,,86982-178156:Sammy Walker,86982-178156,C,Sammy,Sammy Walker,Walker,3.600000064,6,3000,FLA@MIN,MIN,FLA,,,,,,C/UTIL
,,,,,,,,,,,,,86982-79861:John Stevens,86982-79861,C,John,John Stevens,Stevens,,,3000,DET@VAN,VAN,DET,,,,,,C/UTIL
