entry_id,contest_id,contest_name,C,C,W,W,D,D,UTIL,UTIL,G,,Instructions,,,,,,,,,,,,,,,,,
3070701273,87046-262911194,$12K Wed NHL Breakaway ($3K to 1st),87046-64102,87046-66713,87046-12609,87046-152162,87046-23438,87046-8669,87046-66686,87046-9354,87046-8612,,1) Edit your lineup by inserting any player from this list into their appropriate position columns,,,,,,,,,,,,,,,,,
3070701274,87046-262911194,$12K Wed NHL Breakaway ($3K to 1st),87046-64102,87046-97108,87046-23061,87046-59276,87046-12460,87046-37881,87046-97128,87046-70922,87046-66572,,2) You can paste either the Player ID + Name OR ID from their respective columns,,,,,,,,,,,,,,,,,
3070701275,87046-262911194,$12K Wed NHL Breakaway ($3K to 1st),87046-117048,87046-15360,87046-12253,87046-152162,87046-42910,87046-82112,87046-43176,87046-64102,87046-66572,,3) Any information to the right of the last position column will be ignored in the upload. Don't leave blank rows. Any entries after a blank row will not be edited,,,,,,,,,,,,,,,,,
3070701276,87046-262911194,$12K Wed NHL Breakaway ($3K to 1st),87046-159629,87046-64102,87046-12843,87046-142022,87046-128509,87046-23438,87046-43135,87046-70168,87046-8612,,4) You can not use this form to create new entries,,,,,,,,,,,,,,,,,
3070701277,87046-262911194,$12K Wed NHL Breakaway ($3K to 1st),87046-64102,87046-97128,87046-21927,87046-43135,87046-37881,87046-73909,87046-66617,87046-74076,87046-104015,,,,,,,,,,,,,,,,,,,
3070701278,87046-262911194,$12K Wed NHL Breakaway ($3K to 1st),87046-62157,87046-64102,87046-14563,87046-148097,87046-12460,87046-82112,87046-43135,87046-74076,87046-66572,,Player ID + Player Name,Id,Position,First Name,Nickname,Last Name,FPPG,Played,Salary,Game,Team,Opponent,Injury Indicator,Injury Details,Tier,,,Roster Position
3070701279,87046-262911194,$12K Wed NHL Breakaway ($3K to 1st),87046-15386,87046-62927,87046-14473,87046-148097,87046-42910,87046-66635,87046-64102,87046-21927,87046-8612,,87046-64102:Connor McDavid,87046-64102,C,Connor,Connor McDavid,McDavid,25.71111156,54,10500,DET@EDM,EDM,DET,,,,,,C/UTIL
3070701280,87046-262911194,$12K Wed NHL Breakaway ($3K to 1st),87046-41391,87046-97108,87046-111471,87046-153985,87046-70199,87046-82112,87046-66737,87046-73826,87046-66572,,87046-41391:Nathan MacKinnon,87046-41391,C,Nathan,Nathan MacKinnon,MacKinnon,22.89756068,41,10200,COL@MIN,COL,MIN,,,,,,C/UTIL
3070701281,87046-262911194,$12K Wed NHL Breakaway ($3K to 1st),87046-117048,87046-43176,87046-43135,87046-70168,87046-12460,87046-8669,87046-64102,87046-70908,87046-8612,,87046-70899:Auston Matthews,87046-70899,C,Auston,Auston Matthews,Matthews,20.29361676,47,9900,CHI@TOR,TOR,CHI,,,,,,C/UTIL
3070701282,87046-262911194,$12K Wed NHL Breakaway ($3K to 1st),87046-15386,87046-64102,87046-148097,87046-39234,87046-70199,87046-82112,87046-73949,87046-97108,87046-15268,,87046-58331:Leon Draisaitl,87046-58331,C,Leon,Leon Draisaitl,Draisaitl,20.71153846,52,9900,DET@EDM,EDM,DET,,,,,,C/UTIL
3070701283,87046-262911194,$12K Wed NHL Breakaway ($3K to 1st),87046-62157,87046-64102,87046-12609,87046-41392,87046-113277,87046-23438,87046-97108,87046-43135,87046-66572,,87046-70924:Tage Thompson,87046-70924,C,Tage,Tage Thompson,Thompson,20.45769325,52,9800,BUF@ANH,BUF,ANH,,,,,,C/UTIL
3070701284,87046-262911194,$12K Wed NHL Breakaway ($3K to 1st),87046-58331,87046-64102,87046-148097,87046-152162,87046-37881,87046-42862,87046-74076,87046-85571,87046-8612,,87046-43214:Nikita Kucherov,87046-43214,W,Nikita,Nikita Kucherov,Kucherov,19.71886746,53,9700,TB@ARI,TB,ARI,,,,,,W/UTIL
3070701285,87046-262911194,$12K Wed NHL Breakaway ($3K to 1st),87046-64102,87046-70928,87046-135654,87046-148097,87046-73909,87046-82112,87046-59117,87046-70168,87046-12619,,87046-84409:Elias Pettersson,87046-84409,C,Elias,Elias Pettersson,Pettersson,19.15961515,52,9700,NYR@VAN,VAN,NYR,,,,,,C/UTIL
3070701286,87046-262911194,$12K Wed NHL Breakaway ($3K to 1st),87046-15386,87046-64102,87046-148097,87046-153985,87046-59147,87046-85132,87046-97108,87046-8502,87046-8612,,87046-66737:Mikko Rantanen,87046-66737,W,Mikko,Mikko Rantanen,Rantanen,19.57500047,52,9600,COL@MIN,COL,MIN,,,,,,W/UTIL
3070701288,87046-262911194,$12K Wed NHL Breakaway ($3K to 1st),87046-64102,87046-8494,87046-148097,87046-152162,87046-37881,87046-82112,87046-59209,87046-97022,87046-8612,,87046-135875:Kirill Kaprizov,87046-135875,W,Kirill,Kirill Kaprizov,Kaprizov,18.65849103,53,9300,COL@MIN,MIN,COL,,,,,,W/UTIL
3070701289,87046-262911194,$12K Wed NHL Breakaway ($3K to 1st),87046-58331,87046-82167,87046-152162,87046-74155,87046-82112,87046-8669,87046-84409,87046-97108,87046-8612,,87046-12609:Zach Hyman,87046-12609,W,Zach,Zach Hyman,Hyman,18.4679243,53,9200,DET@EDM,EDM,DET,,,,,,W/UTIL
3070701290,87046-262911194,$12K Wed NHL Breakaway ($3K to 1st),87046-62157,87046-64102,87046-23071,87046-43135,87046-37883,87046-42910,87046-97108,87046-70483,87046-104015,,87046-59276:William Nylander,87046-59276,W,William,William Nylander,Nylander,17.62222177,54,8800,CHI@TOR,TOR,CHI,,,,,,W/UTIL
3070701291,87046-262911194,$12K Wed NHL Breakaway ($3K to 1st),87046-117048,87046-64102,87046-21927,87046-23061,87046-42910,87046-70199,87046-97128,87046-73826,87046-97029,,87046-54565:Andrei Vasilevskiy,87046-54565,G,Andrei,Andrei Vasilevskiy,Vasilevskiy,20.52682867,41,8600,TB@ARI,TB,ARI,,,,,,G
3070701292,87046-262911194,$12K Wed NHL Breakaway ($3K to 1st),87046-117048,87046-43176,87046-62493,87046-66686,87046-103940,87046-66635,87046-64102,87046-82850,87046-8612,,87046-8553:Brian Elliott,87046-8553,G,Brian,Brian Elliott,Elliott,15.5200002,15,8600,TB@ARI,TB,ARI,,,,,,G
3070701294,87046-262911194,$12K Wed NHL Breakaway ($3K to 1st),87046-62927,87046-70928,87046-12253,87046-148097,87046-70199,87046-82112,87046-66737,87046-83057,87046-66572,,87046-8655:Steven Stamkos,87046-8655,C,Steven,Steven Stamkos,Stamkos,17.32452853,53,8600,TB@ARI,TB,ARI,,,,,,C/UTIL
3070701295,87046-262911194,$12K Wed NHL Breakaway ($3K to 1st),87046-66713,87046-73949,87046-135654,87046-43214,87046-37881,87046-8669,87046-80028,87046-97108,87046-8612,,87046-82094:Alexandar Georgiev,87046-82094,G,Alexandar,Alexandar Georgiev,Georgiev,19.70526284,38,8500,COL@MIN,COL,MIN,,,,,,G
3070701297,87046-262911194,$12K Wed NHL Breakaway ($3K to 1st),87046-58331,87046-64102,87046-151490,87046-152162,87046-23438,87046-42910,87046-43135,87046-85571,87046-8612,,87046-14563:Ryan Nugent-Hopkins,87046-14563,W,Ryan,Ryan Nugent-Hopkins,Nugent-Hopkins,16.00370393,54,8500,DET@EDM,EDM,DET,,,,,,W/UTIL
3070701299,87046-262911194,$12K Wed NHL Breakaway ($3K to 1st),87046-43176,87046-70899,87046-152162,87046-62493,87046-12244,87046-66516,87046-70924,87046-82850,87046-8612,,87046-83213:Pavel Francouz,87046-83213,G,Pavel,Pavel Francouz,Francouz,17.85000038,16,8500,COL@MIN,COL,MIN,O,Lower body,,,,G
3070701300,87046-262911194,$12K Wed NHL Breakaway ($3K to 1st),87046-128506,87046-159629,87046-142022,87046-62493,87046-73909,87046-82755,87046-64102,87046-97128,87046-104015,,87046-58926:Brayden Point,87046-58926,C,Brayden,Brayden Point,Point,17.17547147,53,8500,TB@ARI,TB,ARI,,,,,,C/UTIL
3070701302,87046-262911194,$12K Wed NHL Breakaway ($3K to 1st),87046-64102,87046-82087,87046-142022,87046-148097,87046-23225,87046-23438,87046-21927,87046-74076,87046-97029,,87046-80479:Jonas Johansson,87046-80479,G,Jonas,Jonas Johansson,Johansson,5.599999905,1,8500,COL@MIN,COL,MIN,,,,,,G
3070701305,87046-262911194,$12K Wed NHL Breakaway ($3K to 1st),87046-64102,87046-97108,87046-12609,87046-153985,87046-11158,87046-8669,87046-8502,87046-9354,87046-12619,,87046-14565:Mika Zibanejad,87046-14565,C,Mika,Mika Zibanejad,Zibanejad,17.03396203,53,8400,NYR@VAN,NYR,VAN,,,,,,C/UTIL
3070701307,87046-262911194,$12K Wed NHL Breakaway ($3K to 1st),87046-41391,87046-64102,87046-43135,87046-60686,87046-128509,87046-70199,87046-97128,87046-70919,87046-104015,,87046-70168:Alex Tuch,87046-70168,W,Alex,Alex Tuch,Tuch,16.04230793,52,8400,BUF@ANH,BUF,ANH,,,,,,W/UTIL
3070701309,87046-262911194,$12K Wed NHL Breakaway ($3K to 1st),87046-64102,87046-97108,87046-153985,87046-171491,87046-37883,87046-70199,87046-66686,87046-70905,87046-12619,,87046-66683:Mitchell Marner,87046-66683,W,Mitchell,Mitchell Marner,Marner,16.10925971,54,8300,CHI@TOR,TOR,CHI,,,,,,W/UTIL
3070701311,87046-262911194,$12K Wed NHL Breakaway ($3K to 1st),87046-64102,87046-82850,87046-12439,87046-153985,87046-70199,87046-97129,87046-41392,87046-8357,87046-12619,,87046-83235:Ilya Samsonov,87046-83235,G,Ilya,Ilya Samsonov,Samsonov,18.80000087,28,8300,CHI@TOR,TOR,CHI,,,,,,G
3070701313,87046-262911194,$12K Wed NHL Breakaway ($3K to 1st),87046-14565,87046-148101,87046-148097,87046-62493,87046-70169,87046-70199,87046-43176,87046-70905,87046-66572,,87046-103200:Joseph Woll,87046-103200,G,Joseph,Joseph Woll,Woll,12.80000019,1,8300,CHI@TOR,TOR,CHI,,,,,,G
3070701316,87046-262911194,$12K Wed NHL Breakaway ($3K to 1st),87046-117048,87046-58331,87046-23061,87046-43135,87046-42910,87046-82112,87046-62275,87046-64102,87046-66572,,87046-42869:Matt Murray,87046-42869,G,Matt,Matt Murray,Murray,18.35789409,19,8300,CHI@TOR,TOR,CHI,IR,Ankle,,,,G
3070701318,87046-262911194,$12K Wed NHL Breakaway ($3K to 1st),87046-159629,87046-64102,87046-12843,87046-59209,87046-15302,87046-23438,87046-97128,87046-66683,87046-12619,,87046-85132:Rasmus Dahlin,87046-85132,D,Rasmus,Rasmus Dahlin,Dahlin,17.5,51,8200,BUF@ANH,BUF,ANH,,,,,,D/UTIL
3070701320,87046-262911194,$12K Wed NHL Breakaway ($3K to 1st),87046-117048,87046-159629,87046-43214,87046-97069,87046-42910,87046-85132,87046-43176,87046-97108,87046-8612,,87046-8453:Jaroslav Halak,87046-8453,G,Jaroslav,Jaroslav Halak,Halak,13.55555556,18,8200,NYR@VAN,NYR,VAN,,,,,,G
3070701322,87046-262911194,$12K Wed NHL Breakaway ($3K to 1st),87046-62927,87046-64102,87046-59117,87046-62493,87046-103940,87046-82112,87046-97108,87046-8502,87046-12619,,87046-104015:Igor Shesterkin,87046-104015,G,Igor,Igor Shesterkin,Shesterkin,18.4,40,8200,NYR@VAN,NYR,VAN,,,,,,G
3070701324,87046-262911194,$12K Wed NHL Breakaway ($3K to 1st),87046-148101,87046-64102,87046-23222,87046-59209,87046-37881,87046-70199,87046-97128,87046-70168,87046-12619,,87046-8494:John Tavares,87046-8494,C,John,John Tavares,Tavares,16.18703658,54,8000,CHI@TOR,TOR,CHI,,,,,,C/UTIL
3070701326,87046-262911194,$12K Wed NHL Breakaway ($3K to 1st),87046-58331,87046-70928,87046-12609,87046-152162,87046-12812,87046-37883,87046-97108,87046-21927,87046-66572,,87046-14697:Gabriel Landeskog,87046-14697,W,Gabriel,Gabriel Landeskog,Landeskog,17.50985847,71,8000,COL@MIN,COL,MIN,IR,Knee,,,,W/UTIL
3070701329,87046-262911194,$12K Wed NHL Breakaway ($3K to 1st),87046-14565,87046-70928,87046-12253,87046-148097,87046-101277,87046-70199,87046-152162,87046-84346,87046-97029,,87046-8292:Craig Anderson,87046-8292,G,Craig,Craig Anderson,Anderson,15.61904762,21,7900,BUF@ANH,BUF,ANH,,,,,,G
3070701331,87046-262911194,$12K Wed NHL Breakaway ($3K to 1st),87046-14565,87046-97108,87046-12843,87046-59117,87046-12460,87046-82112,87046-66737,87046-97153,87046-104015,,87046-97029:Ukko-Pekka Luukkonen,87046-97029,G,Ukko-Pekka,Ukko-Pekka Luukkonen,Luukkonen,16.87272783,22,7900,BUF@ANH,BUF,ANH,,,,,,G
3070701333,87046-262911194,$12K Wed NHL Breakaway ($3K to 1st),87046-148101,87046-97108,87046-12439,87046-152162,87046-12812,87046-70199,87046-21927,87046-66737,87046-66572,,87046-12253:Mats Zuccarello,87046-12253,W,Mats,Mats Zuccarello,Zuccarello,15.41568651,51,7900,COL@MIN,MIN,COL,,,,,,W/UTIL
3070701335,87046-262911194,$12K Wed NHL Breakaway ($3K to 1st),87046-82850,87046-97108,87046-135875,87046-14473,87046-15302,87046-85132,87046-70168,87046-73826,87046-8612,,87046-42982:Eric Comrie,87046-42982,G,Eric,Eric Comrie,Comrie,10.85714286,14,7900,BUF@ANH,BUF,ANH,,,,,,G
3070701337,87046-262911194,$12K Wed NHL Breakaway ($3K to 1st),87046-58331,87046-62927,87046-148097,87046-66686,87046-37881,87046-81999,87046-70168,87046-74076,87046-8612,,87046-82115:Stuart Skinner,87046-82115,G,Stuart,Stuart Skinner,Skinner,15.95151589,33,7700,DET@EDM,EDM,DET,,,,,,G
3070701339,87046-262911194,$12K Wed NHL Breakaway ($3K to 1st),87046-58331,87046-64102,87046-148097,87046-152162,87046-113272,87046-82112,87046-97108,87046-9354,87046-97029,,87046-12619:Jack Campbell,87046-12619,G,Jack,Jack Campbell,Campbell,13.95862027,29,7700,DET@EDM,EDM,DET,,,,,,G
3070701341,87046-262911194,$12K Wed NHL Breakaway ($3K to 1st),87046-15386,87046-58331,87046-148097,87046-23061,87046-12812,87046-82112,87046-70905,87046-70922,87046-8612,,87046-103523:Cale Makar,87046-103523,D,Cale,Cale Makar,Makar,16.57111138,45,7600,COL@MIN,COL,MIN,O,Head,,,,D/UTIL
3070701343,87046-262911194,$12K Wed NHL Breakaway ($3K to 1st),87046-159629,87046-70924,87046-12439,87046-148097,87046-11365,87046-12460,87046-97108,87046-97128,87046-8612,,87046-8612:Marc-Andre Fleury,87046-8612,G,Marc-Andre,Marc-Andre Fleury,Fleury,15.15294154,34,7600,COL@MIN,MIN,COL,,,,,,G
3070701345,87046-262911194,$12K Wed NHL Breakaway ($3K to 1st),87046-159629,87046-64102,87046-12843,87046-142022,87046-70199,87046-74092,87046-148097,87046-153985,87046-104015,,87046-82752:Filip Gustavsson,87046-82752,G,Filip,Filip Gustavsson,Gustavsson,16.92307692,26,7600,COL@MIN,MIN,COL,,,,,,G
3070701348,87046-262911194,$12K Wed NHL Breakaway ($3K to 1st),87046-54951,87046-8655,87046-135875,87046-73826,87046-82755,87046-8669,87046-97108,87046-73889,87046-8612,,87046-9092:Evander Kane,87046-9092,W,Evander,Evander Kane,Kane,15.39090937,22,7600,DET@EDM,EDM,DET,,,,,,W/UTIL
3070701351,87046-262911194,$12K Wed NHL Breakaway ($3K to 1st),87046-117048,87046-97108,87046-43214,87046-73889,87046-73909,87046-8669,87046-73894,87046-8502,87046-70509,,87046-12439:Jeff Skinner,87046-12439,W,Jeff,Jeff Skinner,Skinner,14.96734744,49,7500,BUF@ANH,BUF,ANH,,,,,,W/UTIL
3070701353,87046-262911194,$12K Wed NHL Breakaway ($3K to 1st),87046-117048,87046-148101,87046-152162,87046-153985,87046-103940,87046-85132,87046-21927,87046-66737,87046-12619,,87046-62788:Dylan Larkin,87046-62788,C,Dylan,Dylan Larkin,Larkin,15.40000048,51,7500,DET@EDM,DET,EDM,,,,,,C/UTIL
3070701355,87046-262911194,$12K Wed NHL Breakaway ($3K to 1st),87046-70279,87046-82179,87046-142022,87046-148097,87046-12812,87046-70199,87046-66683,87046-83057,87046-97029,,87046-62493:Artemi Panarin,87046-62493,W,Artemi,Artemi Panarin,Panarin,14.71886746,53,7400,NYR@VAN,NYR,VAN,,,,,,W/UTIL
3070701357,87046-262911194,$12K Wed NHL Breakaway ($3K to 1st),87046-15386,87046-159629,87046-12253,87046-97069,87046-23438,87046-8669,87046-58331,87046-97108,87046-15268,,87046-70914:Jakob Chychrun,87046-70914,D,Jakob,Jakob Chychrun,Chychrun,14.65277778,36,7400,TB@ARI,ARI,TB,O,Not injury related,,,,D/UTIL
3070701359,87046-262911194,$12K Wed NHL Breakaway ($3K to 1st),87046-15386,87046-43176,87046-148097,87046-66737,87046-15302,87046-82112,87046-84409,87046-97108,87046-15268,,87046-103940:Adam Fox,87046-103940,D,Adam,Adam Fox,Fox,14.11509388,53,7400,NYR@VAN,NYR,VAN,,,,,,D/UTIL
3070701361,87046-262911194,$12K Wed NHL Breakaway ($3K to 1st),87046-64102,87046-70928,87046-12253,87046-148097,87046-43041,87046-82112,87046-152162,87046-21927,87046-97029,,87046-42710:Magnus Hellberg,87046-42710,G,Magnus,Magnus Hellberg,Hellberg,8.799999873,12,7400,DET@EDM,DET,EDM,,,,,,G
3070701363,87046-262911194,$12K Wed NHL Breakaway ($3K to 1st),87046-58331,87046-70899,87046-152162,87046-43135,87046-82112,87046-97129,87046-73949,87046-97128,87046-8612,,87046-70509:Ville Husso,87046-70509,G,Ville,Ville Husso,Husso,16.23999939,40,7400,DET@EDM,DET,EDM,,,,,,G
3070701365,87046-262911194,$12K Wed NHL Breakaway ($3K to 1st),87046-43176,87046-97108,87046-12439,87046-135875,87046-12460,87046-97098,87046-21927,87046-8502,87046-8612,,87046-66572:Connor Ingram,87046-66572,G,Connor,Connor Ingram,Ingram,11.70526284,19,7300,TB@ARI,ARI,TB,,,,,,G
3070701368,87046-262911194,$12K Wed NHL Breakaway ($3K to 1st),87046-43176,87046-62788,87046-12439,87046-148097,87046-13981,87046-42910,87046-82850,87046-43135,87046-8612,,87046-73949:Joel Eriksson Ek,87046-73949,C,Joel,Joel Eriksson Ek,Eriksson Ek,14.57169788,53,7300,COL@MIN,MIN,COL,,,,,,C/UTIL
3070701370,87046-262911194,$12K Wed NHL Breakaway ($3K to 1st),87046-15386,87046-58331,87046-12843,87046-73889,87046-82112,87046-8669,87046-74076,87046-97069,87046-12619,,87046-149734:Karel Vejmelka,87046-149734,G,Karel,Karel Vejmelka,Vejmelka,16.41999969,40,7300,TB@ARI,ARI,TB,,,,,,G
3070701371,87046-262911194,$12K Wed NHL Breakaway ($3K to 1st),87046-97108,87046-97128,87046-135875,87046-148097,87046-103940,87046-85132,87046-152162,87046-66620,87046-8612,,87046-101277:Quinn Hughes,87046-101277,D,Quinn,Quinn Hughes,Hughes,13.09800049,50,7300,NYR@VAN,VAN,NYR,,,,,,D/UTIL
3070701373,87046-262911194,$12K Wed NHL Breakaway ($3K to 1st),87046-43176,87046-62157,87046-59209,87046-66737,87046-12812,87046-70199,87046-97108,87046-70905,87046-104015,,87046-73894:Brandon Hagel,87046-73894,W,Brandon,Brandon Hagel,Hagel,13.48490589,53,7200,TB@ARI,TB,ARI,,,,,,W/UTIL
3070701375,87046-262911194,$12K Wed NHL Breakaway ($3K to 1st),87046-117048,87046-43176,87046-135875,87046-152162,87046-12460,87046-169056,87046-43214,87046-73894,87046-8612,,87046-82163:Olle Eriksson Ek,87046-82163,G,Olle,Olle Eriksson Ek,Eriksson Ek,,,7100,BUF@ANH,ANH,BUF,,,,,,G
3070701377,87046-262911194,$12K Wed NHL Breakaway ($3K to 1st),87046-43176,87046-62927,87046-21927,87046-62493,87046-37881,87046-42910,87046-97108,87046-9092,87046-8612,,87046-38243:Anthony Stolarz,87046-38243,G,Anthony,Anthony Stolarz,Stolarz,9.563636086,22,7100,BUF@ANH,ANH,BUF,DTD,Lower body,,,,G
3070701380,87046-262911194,$12K Wed NHL Breakaway ($3K to 1st),87046-58331,87046-8494,87046-148097,87046-43135,87046-37881,87046-82112,87046-60686,87046-84346,87046-66572,,87046-21927:Chris Kreider,87046-21927,W,Chris,Chris Kreider,Kreider,13.31400024,50,7100,NYR@VAN,NYR,VAN,,,,,,W/UTIL
3070701389,87046-262911194,$12K Wed NHL Breakaway ($3K to 1st),87046-117048,87046-41391,87046-135654,87046-21927,87046-169056,87046-70199,87046-59117,87046-62493,87046-66572,,87046-15268:John Gibson,87046-15268,G,John,John Gibson,Gibson,14.72432399,37,7100,BUF@ANH,ANH,BUF,,,,,,G
3070701396,87046-262911194,$12K Wed NHL Breakaway ($3K to 1st),87046-43176,87046-62927,87046-12439,87046-70905,87046-14217,87046-70199,87046-64102,87046-82850,87046-12619,,87046-15360:J.T. Miller,87046-15360,C,J.T.,J.T. Miller,Miller,13.99074074,54,7000,NYR@VAN,VAN,NYR,,,,,,C/UTIL
3070701400,87046-262911194,$12K Wed NHL Breakaway ($3K to 1st),87046-43176,87046-84409,87046-152162,87046-43135,87046-103940,87046-8669,87046-97128,87046-62493,87046-8612,,87046-41394:Seth Jones,87046-41394,D,Seth,Seth Jones,Jones,12.61190505,42,7000,CHI@TOR,CHI,TOR,,,,,,D/UTIL
3070701404,87046-262911194,$12K Wed NHL Breakaway ($3K to 1st),87046-43176,87046-58331,87046-12609,87046-21927,87046-15302,87046-82755,87046-43135,87046-60686,87046-8612,,87046-82912:Troy Terry,87046-82912,W,Troy,Troy Terry,Terry,12.82941153,51,7000,BUF@ANH,ANH,BUF,IR,Upper body,,,,W/UTIL
3070701408,87046-262911194,$12K Wed NHL Breakaway ($3K to 1st),87046-82087,87046-97108,87046-148097,87046-152162,87046-23438,87046-85132,87046-21927,87046-62493,87046-8612,,87046-9252:Alex Stalock,87046-9252,G,Alex,Alex Stalock,Stalock,16.26666667,15,6900,CHI@TOR,CHI,TOR,DTD,Head,,,,G
3070701411,87046-262911194,$12K Wed NHL Breakaway ($3K to 1st),87046-159629,87046-8655,87046-135875,87046-148701,87046-12812,87046-42910,87046-43135,87046-70922,87046-8612,,87046-15400:Petr Mrazek,87046-15400,G,Petr,Petr Mrazek,Mrazek,10.50434809,23,6900,CHI@TOR,CHI,TOR,,,,,,G
3070701415,87046-262911194,$12K Wed NHL Breakaway ($3K to 1st),87046-70899,87046-82850,87046-153985,87046-43135,87046-82112,87046-85132,87046-8494,87046-97022,87046-66572,,87046-168022:Jaxson Stauber,87046-168022,G,Jaxson,Jaxson Stauber,Stauber,20.60000038,4,6900,CHI@TOR,CHI,TOR,,,,,,G
3070701418,87046-262911194,$12K Wed NHL Breakaway ($3K to 1st),87046-41391,87046-97108,87046-41392,87046-43135,87046-169056,87046-82112,87046-70168,87046-97056,87046-97029,,87046-70905:Clayton Keller,87046-70905,W,Clayton,Clayton Keller,Keller,13.37962963,54,6900,TB@ARI,ARI,TB,,,,,,W/UTIL
3070701422,87046-262911194,$12K Wed NHL Breakaway ($3K to 1st),87046-62788,87046-70924,87046-12843,87046-14473,87046-12812,87046-23438,87046-82850,87046-43135,87046-8612,,87046-82001:Collin Delia,87046-82001,G,Collin,Collin Delia,Delia,11.65714264,14,6800,NYR@VAN,VAN,NYR,,,,,,G
3070701424,87046-262911194,$12K Wed NHL Breakaway ($3K to 1st),87046-43176,87046-82850,87046-135875,87046-43214,87046-23438,87046-73909,87046-70483,87046-9354,87046-97029,,87046-70907:Mikhail Sergachev,87046-70907,D,Mikhail,Mikhail Sergachev,Sergachev,12.68823482,51,6800,TB@ARI,TB,ARI,,,,,,D/UTIL
3070701427,87046-262911194,$12K Wed NHL Breakaway ($3K to 1st),87046-117048,87046-62275,87046-148097,87046-43214,87046-12812,87046-82112,87046-59276,87046-97069,87046-8612,,87046-41392:Valeri Nichushkin,87046-41392,W,Valeri,Valeri Nichushkin,Nichushkin,13.10769184,26,6800,COL@MIN,COL,MIN,,,,,,W/UTIL
3070701430,87046-262911194,$12K Wed NHL Breakaway ($3K to 1st),87046-15360,87046-70924,87046-152162,87046-153985,87046-12244,87046-73909,87046-21927,87046-62493,87046-70509,,87046-70251:Thatcher Demko,87046-70251,G,Thatcher,Thatcher Demko,Demko,9.399999619,16,6800,NYR@VAN,VAN,NYR,IR,Lower body,,,,G
3070701433,87046-262911194,$12K Wed NHL Breakaway ($3K to 1st),87046-41391,87046-82850,87046-148097,87046-153985,87046-70169,87046-70199,87046-70905,87046-83057,87046-66572,,87046-42643:Spencer Martin,87046-42643,G,Spencer,Spencer Martin,Martin,8.824999809,32,6800,NYR@VAN,VAN,NYR,,,,,,G
3070701434,87046-262911194,$12K Wed NHL Breakaway ($3K to 1st),87046-43176,87046-82850,87046-43214,87046-62493,87046-37881,87046-8669,87046-66686,87046-9354,87046-8612,,87046-8262:Patrick Kane,87046-8262,W,Patrick,Patrick Kane,Kane,12.16326531,49,6700,CHI@TOR,CHI,TOR,,,,,,W/UTIL
3070701437,87046-262911194,$12K Wed NHL Breakaway ($3K to 1st),87046-14565,87046-15283,87046-113287,87046-66686,87046-103940,87046-82112,87046-15360,87046-97108,87046-97029,,87046-113279:Dylan Cozens,87046-113279,C,Dylan,Dylan Cozens,Cozens,13.37843113,51,6700,BUF@ANH,BUF,ANH,,,,,,C/UTIL
3070701440,87046-262911194,$12K Wed NHL Breakaway ($3K to 1st),87046-117048,87046-41391,87046-70168,87046-8262,87046-23225,87046-70199,87046-70928,87046-97108,87046-97029,,87046-8669:Victor Hedman,87046-8669,D,Victor,Victor Hedman,Hedman,12.38235294,51,6600,TB@ARI,TB,ARI,,,,,,D/UTIL
3070701444,87046-262911194,$12K Wed NHL Breakaway ($3K to 1st),87046-41391,87046-62275,87046-12439,87046-21927,87046-12460,87046-82112,87046-70279,87046-73826,87046-66572,,87046-148097:Matt Boldy,87046-148097,W,Matt,Matt Boldy,Boldy,12.52641555,53,6600,COL@MIN,MIN,COL,,,,,,W/UTIL
3070701447,87046-262911194,$12K Wed NHL Breakaway ($3K to 1st),87046-15386,87046-43176,87046-135654,87046-135875,87046-82112,87046-8669,87046-70168,87046-8502,87046-8612,,87046-180228:Daniel Mannella,87046-180228,G,Daniel,Daniel Mannella,Mannella,,,6500,BUF@ANH,ANH,BUF,,,,,,G
3070701451,87046-262911194,$12K Wed NHL Breakaway ($3K to 1st),87046-14565,87046-148101,87046-148097,87046-70905,87046-12812,87046-70199,87046-82850,87046-73826,87046-104015,,87046-66586:C.J. Motte,87046-66586,G,C.J.,C.J. Motte,Motte,,,6500,COL@MIN,MIN,COL,,,,,,G
3070701454,87046-262911194,$12K Wed NHL Breakaway ($3K to 1st),87046-80028,87046-82850,87046-135875,87046-148097,87046-23438,87046-8669,87046-70168,87046-84346,87046-70509,,87046-43045:Michael Houser,87046-43045,G,Michael,Michael Houser,Houser,33.20000076,2,6500,BUF@ANH,BUF,ANH,,,,,,G
3070701457,87046-262911194,$12K Wed NHL Breakaway ($3K to 1st),87046-15386,87046-58331,87046-21927,87046-8502,87046-11365,87046-82112,87046-97108,87046-9092,87046-66572,,87046-66599:Zane McIntyre,87046-66599,G,Zane,Zane McIntyre,McIntyre,,,6500,COL@MIN,MIN,COL,,,,,,G
3070701461,87046-262911194,$12K Wed NHL Breakaway ($3K to 1st),87046-113279,87046-62927,87046-148097,87046-23061,87046-37881,87046-70199,87046-66737,87046-84346,87046-12619,,87046-180274:Mitchell Weeks,87046-180274,G,Mitchell,Mitchell Weeks,Weeks,,,6500,CHI@TOR,CHI,TOR,,,,,,G
3070701463,87046-262911194,$12K Wed NHL Breakaway ($3K to 1st),87046-113279,87046-62927,87046-12439,87046-21927,87046-70199,87046-73909,87046-82850,87046-41392,87046-104015,,87046-180281:Ivan Zhigalov,87046-180281,G,Ivan,Ivan Zhigalov,Zhigalov,,,6500,COL@MIN,COL,MIN,,,,,,G
3070701465,87046-262911194,$12K Wed NHL Breakaway ($3K to 1st),87046-39249,87046-41391,87046-152162,87046-79857,87046-82112,87046-8669,87046-62275,87046-8655,87046-12619,,87046-159805:Sebastian Cossa,87046-159805,G,Sebastian,Sebastian Cossa,Cossa,,,6500,DET@EDM,DET,EDM,,,,,,G
3070701469,87046-262911194,$12K Wed NHL Breakaway ($3K to 1st),87046-43176,87046-82850,87046-12253,87046-153985,87046-41394,87046-70199,87046-41392,87046-66617,87046-97029,,87046-180298:Keith Petruzzelli,87046-180298,G,Keith,Keith Petruzzelli,Petruzzelli,,,6500,CHI@TOR,TOR,CHI,,,,,,G
3070701472,87046-262911194,$12K Wed NHL Breakaway ($3K to 1st),87046-113279,87046-43176,87046-135875,87046-66617,87046-23438,87046-70199,87046-83057,87046-97153,87046-104015,,87046-180303:Thomas Milic,87046-180303,G,Thomas,Thomas Milic,Milic,,,6500,COL@MIN,MIN,COL,,,,,,G
3070701477,87046-262911194,$12K Wed NHL Breakaway ($3K to 1st),87046-82087,87046-82850,87046-153985,87046-43214,87046-103940,87046-8669,87046-97108,87046-74076,87046-97029,,87046-82003:Dylan Ferguson,87046-82003,G,Dylan,Dylan Ferguson,Ferguson,,,6500,CHI@TOR,TOR,CHI,,,,,,G
3070701479,87046-262911194,$12K Wed NHL Breakaway ($3K to 1st),87046-15386,87046-43176,87046-148097,87046-66737,87046-11365,87046-70199,87046-70279,87046-83057,87046-12619,,87046-161891:Dylan Garand,87046-161891,G,Dylan,Dylan Garand,Garand,,,6500,NYR@VAN,NYR,VAN,,,,,,G
3070701482,87046-262911194,$12K Wed NHL Breakaway ($3K to 1st),87046-15360,87046-8655,87046-113287,87046-43135,87046-73909,87046-82112,87046-43214,87046-66686,87046-70509,,87046-161892:Talyn Boyko,87046-161892,G,Talyn,Talyn Boyko,Boyko,,,6500,NYR@VAN,NYR,VAN,,,,,,G
3070701486,87046-262911194,$12K Wed NHL Breakaway ($3K to 1st),87046-113279,87046-117048,87046-142015,87046-66686,87046-70199,87046-82112,87046-15360,87046-41391,87046-97029,,87046-43131:Malcolm Subban,87046-43131,G,Malcolm,Malcolm Subban,Subban,6,4,6500,BUF@ANH,BUF,ANH,,,,,,G
3070701489,87046-262911194,$12K Wed NHL Breakaway ($3K to 1st),87046-14565,87046-159629,87046-70483,87046-70922,87046-70199,87046-82112,87046-70924,87046-8357,87046-104015,,87046-14483:Louis Domingue,87046-14483,G,Louis,Louis Domingue,Domingue,19.20000076,8,6500,NYR@VAN,NYR,VAN,,,,,,G
3070701491,87046-262911194,$12K Wed NHL Breakaway ($3K to 1st),87046-41391,87046-82850,87046-43135,87046-62493,87046-66516,87046-70199,87046-8502,87046-8640,87046-97029,,87046-161955:Jan Bednar,87046-161955,G,Jan,Jan Bednar,Bednar,,,6500,DET@EDM,DET,EDM,,,,,,G
3070701492,87046-262911194,$12K Wed NHL Breakaway ($3K to 1st),87046-159629,87046-66713,87046-62493,87046-70168,87046-12460,87046-8669,87046-70922,87046-8502,87046-104015,,87046-168114:Ryan Fanti,87046-168114,G,Ryan,Ryan Fanti,Fanti,,,6500,DET@EDM,EDM,DET,,,,,,G
3070701494,87046-262911194,$12K Wed NHL Breakaway ($3K to 1st),87046-39249,87046-8655,87046-152162,87046-43214,87046-82112,87046-8669,87046-73889,87046-74076,87046-97029,,87046-180410:Ty Young,87046-180410,G,Ty,Ty Young,Young,,,6500,NYR@VAN,VAN,NYR,,,,,,G
3070701496,87046-262911194,$12K Wed NHL Breakaway ($3K to 1st),87046-39249,87046-43176,87046-103624,87046-148097,87046-103940,87046-82112,87046-21927,87046-70168,87046-97029,,87046-161995:Gage Alexander,87046-161995,G,Gage,Gage Alexander,Alexander,,,6500,BUF@ANH,ANH,BUF,,,,,,G
,,,,,,,,,,,,,87046-149709:Hugo Alnefelt,87046-149709,G,Hugo,Hugo Alnefelt,Alnefelt,-6.400000095,1,6500,TB@ARI,TB,ARI,,,,,,G
,,,,,,,,,,,,,87046-116948:Arturs Silovs,87046-116948,G,Arturs,Arturs Silovs,Silovs,,,6500,NYR@VAN,VAN,NYR,,,,,,G
,,,,,,,,,,,,,87046-170240:Olof Lindbom,87046-170240,G,Olof,Olof Lindbom,Lindbom,,,6500,NYR@VAN,NYR,VAN,,,,,,G
,,,,,,,,,,,,,87046-162068:Anson Thornton,87046-162068,G,Anson,Anson Thornton,Thornton,,,6500,TB@ARI,ARI,TB,,,,,,G
,,,,,,,,,,,,,87046-117021:Hunter Jones,87046-117021,G,Hunter,Hunter Jones,Jones,,,6500,COL@MIN,MIN,COL,,,,,,G
,,,,,,,,,,,,,87046-82204:Parker Gahagen,87046-82204,G,Parker,Parker Gahagen,Gahagen,,,6500,NYR@VAN,NYR,VAN,,,,,,G
,,,,,,,,,,,,,87046-164127:Jack Lafontaine,87046-164127,G,Jack,Jack Lafontaine,Lafontaine,-5.199999809,2,6500,TB@ARI,TB,ARI,,,,,,G
,,,,,,,,,,,,,87046-170275:Jesper Wallstedt,87046-170275,G,Jesper,Jesper Wallstedt,Wallstedt,,,6500,COL@MIN,MIN,COL,,,,,,G
,,,,,,,,,,,,,87046-117041:Beck Warm,87046-117041,G,Beck,Beck Warm,Warm,,,6500,BUF@ANH,BUF,ANH,,,,,,G
,,,,,,,,,,,,,87046-117067:Trent Miner,87046-117067,G,Trent,Trent Miner,Miner,,,6500,COL@MIN,COL,MIN,,,,,,G
,,,,,,,,,,,,,87046-39268:Jussi Olkinuora,87046-39268,G,Jussi,Jussi Olkinuora,Olkinuora,,,6500,DET@EDM,DET,EDM,,,,,,G
,,,,,,,,,,,,,87046-173422:Dennis Hildeby,87046-173422,G,Dennis,Dennis Hildeby,Hildeby,,,6500,CHI@TOR,TOR,CHI,,,,,,G
,,,,,,,,,,,,,87046-12654:Calvin Pickard,87046-12654,G,Calvin,Calvin Pickard,Pickard,8.799999873,3,6500,DET@EDM,EDM,DET,,,,,,G
,,,,,,,,,,,,,87046-167289:Calle Clang,87046-167289,G,Calle,Calle Clang,Clang,,,6500,BUF@ANH,ANH,BUF,,,,,,G
,,,,,,,,,,,,,87046-74125:Dylan Wells,87046-74125,G,Dylan,Dylan Wells,Wells,5.599999905,1,6500,CHI@TOR,CHI,TOR,,,,,,G
,,,,,,,,,,,,,87046-8672:Mike Smith,87046-8672,G,Mike,Mike Smith,Smith,19.92727245,44,6500,DET@EDM,EDM,DET,IR,Undisclosed,,,,G
,,,,,,,,,,,,,87046-162281:John Lethemon,87046-162281,G,John,John Lethemon,Lethemon,,,6500,DET@EDM,DET,EDM,,,,,,G
,,,,,,,,,,,,,87046-128506:Trevor Zegras,87046-128506,C,Trevor,Trevor Zegras,Zegras,12.69814837,54,6500,BUF@ANH,ANH,BUF,,,,,,C/UTIL
,,,,,,,,,,,,,87046-135680:Justus Annunen,87046-135680,G,Justus,Justus Annunen,Annunen,9.600000381,2,6500,COL@MIN,COL,MIN,,,,,,G
,,,,,,,,,,,,,87046-135685:Victor Brattstrom,87046-135685,G,Victor,Victor Brattstrom,Brattstrom,,,6500,DET@EDM,DET,EDM,,,,,,G
,,,,,,,,,,,,,87046-23071:Vladimir Tarasenko,87046-23071,W,Vladimir,Vladimir Tarasenko,Tarasenko,12.14250031,40,6500,NYR@VAN,NYR,VAN,,,,,,W/UTIL
,,,,,,,,,,,,,87046-12843:Adam Henrique,87046-12843,W,Adam,Adam Henrique,Henrique,11.05849011,53,6500,BUF@ANH,ANH,BUF,,,,,,W/UTIL
,,,,,,,,,,,,,87046-58975:Maxime Lagace,87046-58975,G,Maxime,Maxime Lagace,Lagace,5.199999809,2,6500,TB@ARI,TB,ARI,,,,,,G
,,,,,,,,,,,,,87046-8883:Ben Bishop,87046-8883,G,Ben,Ben Bishop,Bishop,,,6500,BUF@ANH,BUF,ANH,IR,Knee,,,,G
,,,,,,,,,,,,,87046-169657:Matthew Berlin,87046-169657,G,Matthew,Matthew Berlin,Berlin,0.800000012,1,6500,DET@EDM,EDM,DET,,,,,,G
,,,,,,,,,,,,,87046-169679:Dryden McKay,87046-169679,G,Dryden,Dryden McKay,McKay,,,6500,CHI@TOR,TOR,CHI,,,,,,G
,,,,,,,,,,,,,87046-151336:Arvid Soderblom,87046-151336,G,Arvid,Arvid Soderblom,Soderblom,9.176470588,17,6500,CHI@TOR,CHI,TOR,,,,,,G
,,,,,,,,,,,,,87046-103220:Erik Kallgren,87046-103220,G,Erik,Erik Kallgren,Kallgren,8.676923312,13,6500,CHI@TOR,TOR,CHI,,,,,,G
,,,,,,,,,,,,,87046-97102:Lukas Dostal,87046-97102,G,Lukas,Lukas Dostal,Dostal,16.68571472,7,6500,BUF@ANH,ANH,BUF,,,,,,G
,,,,,,,,,,,,,87046-97105:David Tendeck,87046-97105,G,David,David Tendeck,Tendeck,,,6500,TB@ARI,ARI,TB,,,,,,G
,,,,,,,,,,,,,87046-97104:Ivan Prosvetov,87046-97104,G,Ivan,Ivan Prosvetov,Prosvetov,3.46666654,6,6500,TB@ARI,ARI,TB,,,,,,G
,,,,,,,,,,,,,87046-59226:Alex Nedeljkovic,87046-59226,G,Alex,Alex Nedeljkovic,Nedeljkovic,7.46666654,12,6500,DET@EDM,DET,EDM,,,,,,G
,,,,,,,,,,,,,87046-180060:Brad Barone,87046-180060,G,Brad,Brad Barone,Barone,,,6500,TB@ARI,TB,ARI,,,,,,G
,,,,,,,,,,,,,87046-97134:Olivier Rodrigue,87046-97134,G,Olivier,Olivier Rodrigue,Rodrigue,,,6500,DET@EDM,EDM,DET,,,,,,G
,,,,,,,,,,,,,87046-42910:Darnell Nurse,87046-42910,D,Darnell,Darnell Nurse,Nurse,11.54259237,54,6500,DET@EDM,EDM,DET,,,,,,D/UTIL
,,,,,,,,,,,,,87046-15283:Vincent Trocheck,87046-15283,C,Vincent,Vincent Trocheck,Trocheck,12.58490566,53,6500,NYR@VAN,NYR,VAN,,,,,,C/UTIL
,,,,,,,,,,,,,87046-62430:Jon Gillies,87046-62430,G,Jon,Jon Gillies,Gillies,8.919999695,20,6500,TB@ARI,ARI,TB,,,,,,G
,,,,,,,,,,,,,87046-180201:Andrew Oke,87046-180201,G,Andrew,Andrew Oke,Oke,,,6500,DET@EDM,DET,EDM,,,,,,G
,,,,,,,,,,,,,87046-79857:Brock Boeser,87046-79857,W,Brock,Brock Boeser,Boeser,11.04680877,47,6500,NYR@VAN,VAN,NYR,,,,,,W/UTIL
,,,,,,,,,,,,,87046-39245:Jacob Trouba,87046-39245,D,Jacob,Jacob Trouba,Trouba,11.24339669,53,6400,NYR@VAN,NYR,VAN,,,,,,D/UTIL
,,,,,,,,,,,,,87046-171491:Andrei Kuzmenko,87046-171491,W,Andrei,Andrei Kuzmenko,Kuzmenko,11.78679268,53,6400,NYR@VAN,VAN,NYR,,,,,,W/UTIL
,,,,,,,,,,,,,87046-73889:Nick Schmaltz,87046-73889,W,Nick,Nick Schmaltz,Schmaltz,11.71428571,42,6300,TB@ARI,ARI,TB,,,,,,W/UTIL
,,,,,,,,,,,,,87046-113276:Moritz Seider,87046-113276,D,Moritz,Moritz Seider,Seider,11.3192303,52,6300,DET@EDM,DET,EDM,,,,,,D/UTIL
,,,,,,,,,,,,,87046-70483:Artturi Lehkonen,87046-70483,W,Artturi,Artturi Lehkonen,Lehkonen,12.05714261,49,6300,COL@MIN,COL,MIN,,,,,,W/UTIL
,,,,,,,,,,,,,87046-82087:Filip Chytil,87046-82087,C,Filip,Filip Chytil,Chytil,11.06122449,49,6200,NYR@VAN,NYR,VAN,,,,,,C/UTIL
,,,,,,,,,,,,,87046-8640:David Perron,87046-8640,W,David,David Perron,Perron,10.42307692,52,6200,DET@EDM,DET,EDM,,,,,,W/UTIL
,,,,,,,,,,,,,87046-66611:Lawson Crouse,87046-66611,W,Lawson,Lawson Crouse,Crouse,10.86530662,49,6100,TB@ARI,ARI,TB,,,,,,W/UTIL
,,,,,,,,,,,,,87046-61549:Frank Vatrano,87046-61549,W,Frank,Frank Vatrano,Vatrano,10.9555551,54,6100,BUF@ANH,ANH,BUF,,,,,,W/UTIL
,,,,,,,,,,,,,87046-12812:Jared Spurgeon,87046-12812,D,Jared,Jared Spurgeon,Spurgeon,11.19056558,53,6100,COL@MIN,MIN,COL,,,,,,D/UTIL
,,,,,,,,,,,,,87046-62445:Evan Rodrigues,87046-62445,C,Evan,Evan Rodrigues,Rodrigues,11.86341449,41,6100,COL@MIN,COL,MIN,,,,,,C/UTIL
,,,,,,,,,,,,,87046-66617:Michael Bunting,87046-66617,W,Michael,Michael Bunting,Bunting,10.49444467,54,6000,CHI@TOR,TOR,CHI,,,,,,W/UTIL
,,,,,,,,,,,,,87046-74016:Filip Hronek,87046-74016,D,Filip,Filip Hronek,Hronek,10.95576947,52,6000,DET@EDM,DET,EDM,,,,,,D/UTIL
,,,,,,,,,,,,,87046-42922:Dominik Kubalik,87046-42922,W,Dominik,Dominik Kubalik,Kubalik,10.84509756,51,6000,DET@EDM,DET,EDM,,,,,,W/UTIL
,,,,,,,,,,,,,87046-21523:Alex Killorn,87046-21523,W,Alex,Alex Killorn,Killorn,10.1509434,53,5900,TB@ARI,TB,ARI,,,,,,W/UTIL
,,,,,,,,,,,,,87046-37881:Morgan Rielly,87046-37881,D,Morgan,Morgan Rielly,Rielly,10.9179484,39,5900,CHI@TOR,TOR,CHI,,,,,,D/UTIL
,,,,,,,,,,,,,87046-83057:Victor Olofsson,87046-83057,W,Victor,Victor Olofsson,Olofsson,10.79999953,52,5800,BUF@ANH,BUF,ANH,,,,,,W/UTIL
,,,,,,,,,,,,,87046-70199:Devon Toews,87046-70199,D,Devon,Devon Toews,Toews,10.83599976,50,5800,COL@MIN,COL,MIN,,,,,,D/UTIL
,,,,,,,,,,,,,87046-13981:Tyson Barrie,87046-13981,D,Tyson,Tyson Barrie,Barrie,10.59814792,54,5700,DET@EDM,EDM,DET,,,,,,D/UTIL
,,,,,,,,,,,,,87046-13612:Tyler Johnson,87046-13612,W,Tyler,Tyler Johnson,Johnson,9.780769348,26,5600,CHI@TOR,CHI,TOR,,,,,,W/UTIL
,,,,,,,,,,,,,87046-41592:Max Domi,87046-41592,C,Max,Max Domi,Domi,10.53461515,52,5600,CHI@TOR,CHI,TOR,,,,,,C/UTIL
,,,,,,,,,,,,,87046-119830:K'Andre Miller,87046-119830,D,K'Andre,K'Andre Miller,Miller,9.175471468,53,5500,NYR@VAN,NYR,VAN,,,,,,D/UTIL
,,,,,,,,,,,,,87046-70279:J.T. Compher,87046-70279,C,J.T.,J.T. Compher,Compher,10.57884568,52,5500,COL@MIN,COL,MIN,,,,,,C/UTIL
,,,,,,,,,,,,,87046-104140:Ilya Mikheyev,87046-104140,W,Ilya,Ilya Mikheyev,Mikheyev,9.684782609,46,5500,NYR@VAN,VAN,NYR,IR,Knee,,,,W/UTIL
,,,,,,,,,,,,,87046-66713:Anthony Cirelli,87046-66713,C,Anthony,Anthony Cirelli,Cirelli,10.27333374,30,5400,TB@ARI,TB,ARI,,,,,,C/UTIL
,,,,,,,,,,,,,87046-142018:Lucas Raymond,87046-142018,W,Lucas,Lucas Raymond,Raymond,9.884000244,50,5400,DET@EDM,DET,EDM,IR,Lower body,,,,W/UTIL
,,,,,,,,,,,,,87046-79877:Jake Walman,87046-79877,D,Jake,Jake Walman,Walman,9.355882532,34,5300,DET@EDM,DET,EDM,DTD,Upper body,,,,D/UTIL
,,,,,,,,,,,,,87046-151490:Jonatan Berggren,87046-151490,W,Jonatan,Jonatan Berggren,Berggren,8.69743621,39,5300,DET@EDM,DET,EDM,,,,,,W/UTIL
,,,,,,,,,,,,,87046-66622:Conor Garland,87046-66622,W,Conor,Conor Garland,Garland,8.720754947,53,5100,NYR@VAN,VAN,NYR,,,,,,W/UTIL
,,,,,,,,,,,,,87046-66686:Anthony Beauvillier,87046-66686,W,Anthony,Anthony Beauvillier,Beauvillier,8.381818182,55,5100,NYR@VAN,VAN,NYR,,,,,,W/UTIL
,,,,,,,,,,,,,87046-8502:Kyle Okposo,87046-8502,W,Kyle,Kyle Okposo,Okposo,8.213333469,45,5100,BUF@ANH,BUF,ANH,,,,,,W/UTIL
,,,,,,,,,,,,,87046-74155:Taylor Raddysh,87046-74155,W,Taylor,Taylor Raddysh,Raddysh,8.188461304,52,5100,CHI@TOR,CHI,TOR,,,,,,W/UTIL
,,,,,,,,,,,,,87046-23061:Calle Jarnkrok,87046-23061,W,Calle,Calle Jarnkrok,Jarnkrok,8.319148936,47,5100,CHI@TOR,TOR,CHI,,,,,,W/UTIL
,,,,,,,,,,,,,87046-159629:Mason McTavish,87046-159629,C,Mason,Mason McTavish,McTavish,9.809434423,53,5100,BUF@ANH,ANH,BUF,,,,,,C/UTIL
,,,,,,,,,,,,,87046-12460:Cam Fowler,87046-12460,D,Cam,Cam Fowler,Fowler,8.768518519,54,5000,BUF@ANH,ANH,BUF,,,,,,D/UTIL
,,,,,,,,,,,,,87046-13742:Ben Chiarot,87046-13742,D,Ben,Ben Chiarot,Chiarot,8.738461421,52,5000,DET@EDM,DET,EDM,,,,,,D/UTIL
,,,,,,,,,,,,,87046-113272:Bowen Byram,87046-113272,D,Bowen,Bowen Byram,Byram,9.435714722,14,5000,COL@MIN,COL,MIN,,,,,,D/UTIL
,,,,,,,,,,,,,87046-59261:Nicholas Paul,87046-59261,C,Nicholas,Nicholas Paul,Paul,9.176470588,51,5000,TB@ARI,TB,ARI,,,,,,C/UTIL
,,,,,,,,,,,,,87046-8254:Jonathan Toews,87046-8254,C,Jonathan,Jonathan Toews,Toews,9.71956535,46,4900,CHI@TOR,CHI,TOR,DTD,Illness,,,,C/UTIL
,,,,,,,,,,,,,87046-14457:John Klingberg,87046-14457,D,John,John Klingberg,Klingberg,8.702222358,45,4900,BUF@ANH,ANH,BUF,DTD,Illness,,,,D/UTIL
,,,,,,,,,,,,,87046-97069:Ross Colton,87046-97069,W,Ross,Ross Colton,Colton,7.682692308,52,4900,TB@ARI,TB,ARI,,,,,,W/UTIL
,,,,,,,,,,,,,87046-8230:Mark Giordano,87046-8230,D,Mark,Mark Giordano,Giordano,8.585185298,54,4800,CHI@TOR,TOR,CHI,,,,,,D/UTIL
,,,,,,,,,,,,,87046-169056:Owen Power,87046-169056,D,Owen,Owen Power,Power,7.836734694,49,4800,BUF@ANH,BUF,ANH,,,,,,D/UTIL
,,,,,,,,,,,,,87046-43139:Andreas Athanasiou,87046-43139,W,Andreas,Andreas Athanasiou,Athanasiou,7.941176471,51,4800,CHI@TOR,CHI,TOR,,,,,,W/UTIL
,,,,,,,,,,,,,87046-43176:Ryan Hartman,87046-43176,C,Ryan,Ryan Hartman,Hartman,9.478124619,32,4800,COL@MIN,MIN,COL,,,,,,C/UTIL
,,,,,,,,,,,,,87046-15386:Ryan Strome,87046-15386,C,Ryan,Ryan Strome,Strome,7.612963076,54,4700,BUF@ANH,ANH,BUF,,,,,,C/UTIL
,,,,,,,,,,,,,87046-73909:Samuel Girard,87046-73909,D,Samuel,Samuel Girard,Girard,8.573912911,46,4700,COL@MIN,COL,MIN,,,,,,D/UTIL
,,,,,,,,,,,,,87046-58883:Robby Fabbri,87046-58883,W,Robby,Robby Fabbri,Fabbri,8.943750381,16,4700,DET@EDM,DET,EDM,,,,,,W/UTIL
,,,,,,,,,,,,,87046-59209:Frederick Gaudreau,87046-59209,W,Frederick,Frederick Gaudreau,Gaudreau,8.1075474,53,4700,COL@MIN,MIN,COL,,,,,,W/UTIL
,,,,,,,,,,,,,87046-82051:Michael Rasmussen,87046-82051,C,Michael,Michael Rasmussen,Rasmussen,8.640384381,52,4600,DET@EDM,DET,EDM,,,,,,C/UTIL
,,,,,,,,,,,,,87046-43140:Barclay Goodrow,87046-43140,C,Barclay,Barclay Goodrow,Goodrow,7.256603889,53,4600,NYR@VAN,NYR,VAN,,,,,,C/UTIL
,,,,,,,,,,,,,87046-54481:Jake McCabe,87046-54481,D,Jake,Jake McCabe,McCabe,8.228571678,49,4600,CHI@TOR,CHI,TOR,,,,,,D/UTIL
,,,,,,,,,,,,,87046-39249:Nick Bjugstad,87046-39249,C,Nick,Nick Bjugstad,Bjugstad,8.061110885,54,4600,TB@ARI,ARI,TB,,,,,,C/UTIL
,,,,,,,,,,,,,87046-111471:Kaapo Kakko,87046-111471,W,Kaapo,Kaapo Kakko,Kakko,8.375471583,53,4600,NYR@VAN,NYR,VAN,,,,,,W/UTIL
,,,,,,,,,,,,,87046-8142:Corey Perry,87046-8142,W,Corey,Corey Perry,Perry,6.966037966,53,4600,TB@ARI,TB,ARI,,,,,,W/UTIL
,,,,,,,,,,,,,87046-15380:Jordie Benn,87046-15380,D,Jordie,Jordie Benn,Benn,7.266666412,12,4500,CHI@TOR,TOR,CHI,,,,,,D/UTIL
,,,,,,,,,,,,,87046-11365:Kevin Shattenkirk,87046-11365,D,Kevin,Kevin Shattenkirk,Shattenkirk,7.793616762,47,4500,BUF@ANH,ANH,BUF,,,,,,D/UTIL
,,,,,,,,,,,,,87046-82179:Alexander Kerfoot,87046-82179,C,Alexander,Alexander Kerfoot,Kerfoot,7.761111224,54,4500,CHI@TOR,TOR,CHI,,,,,,C/UTIL
,,,,,,,,,,,,,87046-60686:Mattias Janmark,87046-60686,W,Mattias,Mattias Janmark,Janmark,6.200000161,38,4500,DET@EDM,EDM,DET,,,,,,W/UTIL
,,,,,,,,,,,,,87046-54822:Jason Dickinson,87046-54822,C,Jason,Jason Dickinson,Dickinson,7.902083079,48,4500,CHI@TOR,CHI,TOR,,,,,,C/UTIL
,,,,,,,,,,,,,87046-142015:Alexis Lafreniere,87046-142015,W,Alexis,Alexis Lafreniere,Lafreniere,8.009615385,52,4500,NYR@VAN,NYR,VAN,,,,,,W/UTIL
,,,,,,,,,,,,,87046-142022:Jack Quinn,87046-142022,W,Jack,Jack Quinn,Quinn,7.213333469,45,4500,BUF@ANH,BUF,ANH,,,,,,W/UTIL
,,,,,,,,,,,,,87046-59117:Nick Ritchie,87046-59117,W,Nick,Nick Ritchie,Ritchie,7.298039455,51,4500,TB@ARI,ARI,TB,,,,,,W/UTIL
,,,,,,,,,,,,,87046-97108:Barrett Hayton,87046-97108,C,Barrett,Barrett Hayton,Hayton,7.37962963,54,4500,TB@ARI,ARI,TB,,,,,,C/UTIL
,,,,,,,,,,,,,87046-82850:Casey Mittelstadt,87046-82850,C,Casey,Casey Mittelstadt,Mittelstadt,8.255768996,52,4500,BUF@ANH,BUF,ANH,,,,,,C/UTIL
,,,,,,,,,,,,,87046-159801:J.J. Moser,87046-159801,D,J.J.,J.J. Moser,Moser,7.653703478,54,4400,TB@ARI,ARI,TB,,,,,,D/UTIL
,,,,,,,,,,,,,87046-81981:Klim Kostin,87046-81981,W,Klim,Klim Kostin,Kostin,6.075675758,37,4400,DET@EDM,EDM,DET,DTD,Undisclosed,,,,W/UTIL
,,,,,,,,,,,,,87046-73826:Jimmy Vesey,87046-73826,W,Jimmy,Jimmy Vesey,Vesey,7.38867936,53,4400,NYR@VAN,NYR,VAN,,,,,,W/UTIL
,,,,,,,,,,,,,87046-14473:Jakob Silfverberg,87046-14473,W,Jakob,Jakob Silfverberg,Silfverberg,6.73018891,53,4400,BUF@ANH,ANH,BUF,,,,,,W/UTIL
,,,,,,,,,,,,,87046-82214:Timothy Liljegren,87046-82214,D,Timothy,Timothy Liljegren,Liljegren,7.174418605,43,4400,CHI@TOR,TOR,CHI,,,,,,D/UTIL
,,,,,,,,,,,,,87046-62157:Andrew Copp,87046-62157,C,Andrew,Andrew Copp,Copp,7.603846036,52,4400,DET@EDM,DET,EDM,,,,,,C/UTIL
,,,,,,,,,,,,,87046-97055:Calen Addison,87046-97055,D,Calen,Calen Addison,Addison,7.542307927,52,4400,COL@MIN,MIN,COL,,,,,,D/UTIL
,,,,,,,,,,,,,87046-97129:Evan Bouchard,87046-97129,D,Evan,Evan Bouchard,Bouchard,7.801851626,54,4400,DET@EDM,EDM,DET,,,,,,D/UTIL
,,,,,,,,,,,,,87046-12244:Oliver Ekman-Larsson,87046-12244,D,Oliver,Oliver Ekman-Larsson,Ekman-Larsson,7.562263921,53,4400,NYR@VAN,VAN,NYR,,,,,,D/UTIL
,,,,,,,,,,,,,87046-11254:Ian Cole,87046-11254,D,Ian,Ian Cole,Cole,7.44,50,4400,TB@ARI,TB,ARI,,,,,,D/UTIL
,,,,,,,,,,,,,87046-43135:Tyler Bertuzzi,87046-43135,W,Tyler,Tyler Bertuzzi,Bertuzzi,7.4095241,21,4300,DET@EDM,DET,EDM,,,,,,W/UTIL
,,,,,,,,,,,,,87046-82112:Juuso Valimaki,87046-82112,D,Juuso,Juuso Valimaki,Valimaki,6.224000244,50,4300,TB@ARI,ARI,TB,,,,,,D/UTIL
,,,,,,,,,,,,,87046-117143:Nicholas Robertson,87046-117143,W,Nicholas,Nicholas Robertson,Robertson,6.400000095,16,4300,CHI@TOR,TOR,CHI,IR,Shoulder,,,,W/UTIL
,,,,,,,,,,,,,87046-8878:Dmitry Kulikov,87046-8878,D,Dmitry,Dmitry Kulikov,Kulikov,6.488888776,54,4300,BUF@ANH,ANH,BUF,,,,,,D/UTIL
,,,,,,,,,,,,,87046-23438:Jonas Brodin,87046-23438,D,Jonas,Jonas Brodin,Brodin,7.653333198,45,4300,COL@MIN,MIN,COL,,,,,,D/UTIL
,,,,,,,,,,,,,87046-82156:Max Comtois,87046-82156,W,Max,Max Comtois,Comtois,5.238095238,42,4200,BUF@ANH,ANH,BUF,,,,,,W/UTIL
,,,,,,,,,,,,,87046-70908:Tyson Jost,87046-70908,W,Tyson,Tyson Jost,Jost,5.799999873,48,4200,BUF@ANH,BUF,ANH,,,,,,W/UTIL
,,,,,,,,,,,,,87046-153985:JJ Peterka,87046-153985,W,JJ,JJ Peterka,Peterka,6.414285465,49,4200,BUF@ANH,BUF,ANH,,,,,,W/UTIL
,,,,,,,,,,,,,87046-168326:Nick Perbix,87046-168326,D,Nick,Nick Perbix,Perbix,7.314286005,42,4200,TB@ARI,TB,ARI,,,,,,D/UTIL
,,,,,,,,,,,,,87046-135654:Matias Maccelli,87046-135654,W,Matias,Matias Maccelli,Maccelli,7.613889058,36,4200,TB@ARI,ARI,TB,,,,,,W/UTIL
,,,,,,,,,,,,,87046-8688:Luke Schenn,87046-8688,D,Luke,Luke Schenn,Schenn,7.38867936,53,4200,NYR@VAN,VAN,NYR,,,,,,D/UTIL
,,,,,,,,,,,,,87046-97022:Philipp Kurashev,87046-97022,W,Philipp,Philipp Kurashev,Kurashev,7.315384498,52,4200,CHI@TOR,CHI,TOR,,,,,,W/UTIL
,,,,,,,,,,,,,87046-97128:Ryan McLeod,87046-97128,C,Ryan,Ryan McLeod,McLeod,7.131707168,41,4200,DET@EDM,EDM,DET,,,,,,C/UTIL
,,,,,,,,,,,,,87046-66635:Ethan Bear,87046-66635,D,Ethan,Ethan Bear,Bear,6.455814095,43,4100,NYR@VAN,VAN,NYR,,,,,,D/UTIL
,,,,,,,,,,,,,87046-82120:Kailer Yamamoto,87046-82120,W,Kailer,Kailer Yamamoto,Yamamoto,6.361290224,31,4100,DET@EDM,EDM,DET,IR,Undisclosed,,,,W/UTIL
,,,,,,,,,,,,,87046-82167:Sheldon Dries,87046-82167,C,Sheldon,Sheldon Dries,Dries,6.557142857,35,4100,NYR@VAN,VAN,NYR,,,,,,C/UTIL
,,,,,,,,,,,,,87046-84346:Pierre Engvall,87046-84346,W,Pierre,Pierre Engvall,Engvall,6.74230781,52,4100,CHI@TOR,TOR,CHI,,,,,,W/UTIL
,,,,,,,,,,,,,87046-148101:Alex Newhook,87046-148101,C,Alex,Alex Newhook,Newhook,6.994231004,52,4100,COL@MIN,COL,MIN,,,,,,C/UTIL
,,,,,,,,,,,,,87046-82796:Sam Lafferty,87046-82796,C,Sam,Sam Lafferty,Lafferty,7.130434783,46,4100,CHI@TOR,CHI,TOR,,,,,,C/UTIL
,,,,,,,,,,,,,87046-42862:Olli Maatta,87046-42862,D,Olli,Olli Maatta,Maatta,6.799999873,48,4100,DET@EDM,DET,EDM,,,,,,D/UTIL
,,,,,,,,,,,,,87046-66620:Christian Fischer,87046-66620,W,Christian,Christian Fischer,Fischer,7.024073848,54,4000,TB@ARI,ARI,TB,,,,,,W/UTIL
,,,,,,,,,,,,,87046-66643:Erik Cernak,87046-66643,D,Erik,Erik Cernak,Cernak,5.991836859,49,4000,TB@ARI,TB,ARI,,,,,,D/UTIL
,,,,,,,,,,,,,87046-43212:Adam Erne,87046-43212,W,Adam,Adam Erne,Erne,6.223255956,43,4000,DET@EDM,DET,EDM,,,,,,W/UTIL
,,,,,,,,,,,,,87046-73969:Rudolfs Balcers,87046-73969,W,Rudolfs,Rudolfs Balcers,Balcers,5.694117827,17,4000,TB@ARI,TB,ARI,,,,,,W/UTIL
,,,,,,,,,,,,,87046-70928:Sam Steel,87046-70928,C,Sam,Sam Steel,Steel,6.521153964,52,4000,COL@MIN,MIN,COL,,,,,,C/UTIL
,,,,,,,,,,,,,87046-39234:Matt Nieto,87046-39234,W,Matt,Matt Nieto,Nieto,6.754901961,51,4000,COL@MIN,COL,MIN,,,,,,W/UTIL
,,,,,,,,,,,,,87046-13657:Derek Grant,87046-13657,W,Derek,Derek Grant,Grant,5.60000017,18,4000,BUF@ANH,ANH,BUF,,,,,,W/UTIL
,,,,,,,,,,,,,87046-21935:Connor Murphy,87046-21935,D,Connor,Connor Murphy,Murphy,6.884615385,52,4000,CHI@TOR,CHI,TOR,,,,,,D/UTIL
,,,,,,,,,,,,,87046-161390:Dylan Guenther,87046-161390,W,Dylan,Dylan Guenther,Guenther,7.557575573,33,4000,TB@ARI,ARI,TB,,,,,,W/UTIL
,,,,,,,,,,,,,87046-23225:Matt Dumba,87046-23225,D,Matt,Matt Dumba,Dumba,6.713725371,51,4000,COL@MIN,MIN,COL,,,,,,D/UTIL
,,,,,,,,,,,,,87046-97098:Simon Benoit,87046-97098,D,Simon,Simon Benoit,Benoit,5.568627451,51,4000,BUF@ANH,ANH,BUF,,,,,,D/UTIL
,,,,,,,,,,,,,87046-11150:Marcus Foligno,87046-11150,W,Marcus,Marcus Foligno,Foligno,5.888888889,45,4000,COL@MIN,MIN,COL,O,Lower body,,,,W/UTIL
,,,,,,,,,,,,,87046-97176:Rasmus Sandin,87046-97176,D,Rasmus,Rasmus Sandin,Sandin,6.379591961,49,4000,CHI@TOR,TOR,CHI,,,,,,D/UTIL
,,,,,,,,,,,,,87046-8211:Tyler Myers,87046-8211,D,Tyler,Tyler Myers,Myers,6.133333094,51,3900,NYR@VAN,VAN,NYR,,,,,,D/UTIL
,,,,,,,,,,,,,87046-147529:Braden Schneider,87046-147529,D,Braden,Braden Schneider,Schneider,6.566037736,53,3900,NYR@VAN,NYR,VAN,,,,,,D/UTIL
,,,,,,,,,,,,,87046-81999:Henri Jokiharju,87046-81999,D,Henri,Henri Jokiharju,Jokiharju,6,30,3900,BUF@ANH,BUF,ANH,,,,,,D/UTIL
,,,,,,,,,,,,,87046-148701:Dylan Holloway,87046-148701,W,Dylan,Dylan Holloway,Holloway,3.400000059,52,3900,DET@EDM,EDM,DET,,,,,,W/UTIL
,,,,,,,,,,,,,87046-74076:Warren Foegele,87046-74076,W,Warren,Warren Foegele,Foegele,6.882051126,39,3900,DET@EDM,EDM,DET,,,,,,W/UTIL
,,,,,,,,,,,,,87046-8647:Erik Johnson,87046-8647,D,Erik,Erik Johnson,Johnson,6.094117408,51,3900,COL@MIN,COL,MIN,IR,Lower body,,,,D/UTIL
,,,,,,,,,,,,,87046-135677:Ian Mitchell,87046-135677,D,Ian,Ian Mitchell,Mitchell,6,18,3900,CHI@TOR,CHI,TOR,,,,,,D/UTIL
,,,,,,,,,,,,,87046-113270:Philip Broberg,87046-113270,D,Philip,Philip Broberg,Broberg,4.285714286,28,3900,DET@EDM,EDM,DET,,,,,,D/UTIL
,,,,,,,,,,,,,87046-59135:Justin Holl,87046-59135,D,Justin,Justin Holl,Holl,5.718518292,54,3900,CHI@TOR,TOR,CHI,,,,,,D/UTIL
,,,,,,,,,,,,,87046-97140:Joe Veleno,87046-97140,C,Joe,Joe Veleno,Veleno,5.650980632,51,3900,DET@EDM,DET,EDM,,,,,,C/UTIL
,,,,,,,,,,,,,87046-97153:Logan O'Connor,87046-97153,W,Logan,Logan O'Connor,O'Connor,6.484615619,52,3900,COL@MIN,COL,MIN,,,,,,W/UTIL
,,,,,,,,,,,,,87046-59269:Robert Hagg,87046-59269,D,Robert,Robert Hagg,Hagg,5.800000191,16,3900,DET@EDM,DET,EDM,,,,,,D/UTIL
,,,,,,,,,,,,,87046-39870:Tanner Pearson,87046-39870,W,Tanner,Tanner Pearson,Pearson,5.464285714,14,3900,NYR@VAN,VAN,NYR,IR,Hand,,,,W/UTIL
,,,,,,,,,,,,,87046-82993:Joey Anderson,87046-82993,W,Joey,Joey Anderson,Anderson,4.307692308,13,3800,CHI@TOR,TOR,CHI,,,,,,W/UTIL
,,,,,,,,,,,,,87046-82073:Cal Foote,87046-82073,D,Cal,Cal Foote,Foote,3.487999878,25,3800,TB@ARI,TB,ARI,,,,,,D/UTIL
,,,,,,,,,,,,,87046-82122:Mason Shaw,87046-82122,C,Mason,Mason Shaw,Shaw,6.244444529,36,3800,COL@MIN,MIN,COL,,,,,,C/UTIL
,,,,,,,,,,,,,87046-73987:Riley Stillman,87046-73987,D,Riley,Riley Stillman,Stillman,4.320000203,30,3800,NYR@VAN,VAN,NYR,,,,,,D/UTIL
,,,,,,,,,,,,,87046-82189:Conor Timmins,87046-82189,D,Conor,Conor Timmins,Timmins,6.09583346,24,3800,CHI@TOR,TOR,CHI,,,,,,D/UTIL
,,,,,,,,,,,,,87046-12670:Sam Carrick,87046-12670,C,Sam,Sam Carrick,Carrick,4.043243408,37,3800,BUF@ANH,ANH,BUF,,,,,,C/UTIL
,,,,,,,,,,,,,87046-58878:Oskar Sundqvist,87046-58878,C,Oskar,Oskar Sundqvist,Sundqvist,6.423913043,46,3800,DET@EDM,DET,EDM,,,,,,C/UTIL
,,,,,,,,,,,,,87046-148102:Isaak Phillips,87046-148102,D,Isaak,Isaak Phillips,Phillips,5.745454615,11,3800,CHI@TOR,CHI,TOR,,,,,,D/UTIL
,,,,,,,,,,,,,87046-113287:Dakota Joshua,87046-113287,W,Dakota,Dakota Joshua,Joshua,4.558823529,51,3800,NYR@VAN,VAN,NYR,,,,,,W/UTIL
,,,,,,,,,,,,,87046-82755:Ryan Lindgren,87046-82755,D,Ryan,Ryan Lindgren,Lindgren,7.082353181,51,3800,NYR@VAN,NYR,VAN,,,,,,D/UTIL
,,,,,,,,,,,,,87046-97096:Isac Lundestrom,87046-97096,C,Isac,Isac Lundestrom,Lundestrom,5.68484867,33,3800,BUF@ANH,ANH,BUF,,,,,,C/UTIL
,,,,,,,,,,,,,87046-59220:Haydn Fleury,87046-59220,D,Haydn,Haydn Fleury,Fleury,3.127272866,22,3800,TB@ARI,TB,ARI,,,,,,D/UTIL
,,,,,,,,,,,,,87046-170839:Nils Aman,87046-170839,C,Nils,Nils Aman,Aman,3.440000153,40,3800,NYR@VAN,VAN,NYR,,,,,,C/UTIL
,,,,,,,,,,,,,87046-62295:Jonny Brodzinski,87046-62295,W,Jonny,Jonny Brodzinski,Brodzinski,4.150000095,16,3800,NYR@VAN,NYR,VAN,,,,,,W/UTIL
,,,,,,,,,,,,,87046-42962:Brett Kulak,87046-42962,D,Brett,Brett Kulak,Kulak,6.740740741,54,3800,DET@EDM,EDM,DET,,,,,,D/UTIL
,,,,,,,,,,,,,87046-8259:Andrew Ladd,87046-8259,W,Andrew,Andrew Ladd,Ladd,5.294117647,51,3700,TB@ARI,ARI,TB,IR,Knee,,,,W/UTIL
,,,,,,,,,,,,,87046-66636:Caleb Jones,87046-66636,D,Caleb,Caleb Jones,Jones,6.179545316,44,3700,CHI@TOR,CHI,TOR,,,,,,D/UTIL
,,,,,,,,,,,,,87046-167002:Alex Vlasic,87046-167002,D,Alex,Alex Vlasic,Vlasic,4.320000203,15,3700,CHI@TOR,CHI,TOR,,,,,,D/UTIL
,,,,,,,,,,,,,87046-103573:Jacob Bryson,87046-103573,D,Jacob,Jacob Bryson,Bryson,4.381395207,43,3700,BUF@ANH,BUF,ANH,,,,,,D/UTIL
,,,,,,,,,,,,,87046-80028:David Kampf,87046-80028,C,David,David Kampf,Kampf,5.555555556,54,3700,CHI@TOR,TOR,CHI,,,,,,C/UTIL
,,,,,,,,,,,,,87046-66726:Colton White,87046-66726,D,Colton,Colton White,White,3.199999883,26,3700,BUF@ANH,ANH,BUF,,,,,,D/UTIL
,,,,,,,,,,,,,87046-103624:Brandon Duhaime,87046-103624,W,Brandon,Brandon Duhaime,Duhaime,4.546666463,30,3700,COL@MIN,MIN,COL,,,,,,W/UTIL
,,,,,,,,,,,,,87046-8410:Jack Johnson,87046-8410,D,Jack,Jack Johnson,Johnson,5.084615267,52,3700,CHI@TOR,CHI,TOR,,,,,,D/UTIL
,,,,,,,,,,,,,87046-152816:Pontus Holmberg,87046-152816,W,Pontus,Pontus Holmberg,Holmberg,5.202857317,35,3700,CHI@TOR,TOR,CHI,,,,,,W/UTIL
,,,,,,,,,,,,,87046-8611:Alex Goligoski,87046-8611,D,Alex,Alex Goligoski,Goligoski,5.087999878,25,3700,COL@MIN,MIN,COL,,,,,,D/UTIL
,,,,,,,,,,,,,87046-84404:Ilya Lyubushkin,87046-84404,D,Ilya,Ilya Lyubushkin,Lyubushkin,4.224390169,41,3700,BUF@ANH,BUF,ANH,,,,,,D/UTIL
,,,,,,,,,,,,,87046-135666:Nils Hoglander,87046-135666,W,Nils,Nils Hoglander,Hoglander,5.727999878,25,3700,NYR@VAN,VAN,NYR,,,,,,W/UTIL
,,,,,,,,,,,,,87046-128509:Mattias Samuelsson,87046-128509,D,Mattias,Mattias Samuelsson,Samuelsson,5.870270188,37,3700,BUF@ANH,BUF,ANH,,,,,,D/UTIL
,,,,,,,,,,,,,87046-70169:Troy Stecher,87046-70169,D,Troy,Troy Stecher,Stecher,4.444444444,54,3700,TB@ARI,ARI,TB,,,,,,D/UTIL
,,,,,,,,,,,,,87046-96800:Urho Vaakanainen,87046-96800,D,Urho,Urho Vaakanainen,Vaakanainen,4.52173913,23,3700,BUF@ANH,ANH,BUF,IR,Lower body,,,,D/UTIL
,,,,,,,,,,,,,87046-41591:Jon Merrill,87046-41591,D,Jon,Jon Merrill,Merrill,4.897959184,49,3700,COL@MIN,MIN,COL,,,,,,D/UTIL
,,,,,,,,,,,,,87046-113286:Brett Leason,87046-113286,W,Brett,Brett Leason,Leason,3.373912977,46,3700,BUF@ANH,ANH,BUF,,,,,,W/UTIL
,,,,,,,,,,,,,87046-54951:Pierre-Edouard Bellemare,87046-54951,C,Pierre-Edouard,Pierre-Edouard Bellemare,Bellemare,3.819607903,51,3700,TB@ARI,TB,ARI,,,,,,C/UTIL
,,,,,,,,,,,,,87046-23222:Zemgus Girgensons,87046-23222,W,Zemgus,Zemgus Girgensons,Girgensons,4.976000061,50,3700,BUF@ANH,BUF,ANH,,,,,,W/UTIL
,,,,,,,,,,,,,87046-97056:Connor Dewar,87046-97056,W,Connor,Connor Dewar,Dewar,5.092307458,52,3700,COL@MIN,MIN,COL,,,,,,W/UTIL
,,,,,,,,,,,,,87046-42855:Ben Harpur,87046-42855,D,Ben,Ben Harpur,Harpur,5.44761912,21,3700,NYR@VAN,NYR,VAN,,,,,,D/UTIL
,,,,,,,,,,,,,87046-59256:Kyle Burroughs,87046-59256,D,Kyle,Kyle Burroughs,Burroughs,5.426087089,23,3700,NYR@VAN,VAN,NYR,,,,,,D/UTIL
,,,,,,,,,,,,,87046-14217:Patrik Nemeth,87046-14217,D,Patrik,Patrik Nemeth,Nemeth,3.951020533,49,3700,TB@ARI,ARI,TB,,,,,,D/UTIL
,,,,,,,,,,,,,87046-11158:T.J. Brodie,87046-11158,D,T.J.,T.J. Brodie,Brodie,7.3125,32,3700,CHI@TOR,TOR,CHI,,,,,,D/UTIL
,,,,,,,,,,,,,87046-42908:Brad Hunt,87046-42908,D,Brad,Brad Hunt,Hunt,4.257142748,28,3700,COL@MIN,COL,MIN,,,,,,D/UTIL
,,,,,,,,,,,,,87046-54193:Phillip Di Giuseppe,87046-54193,W,Phillip,Phillip Di Giuseppe,Di Giuseppe,8.666666667,6,3700,NYR@VAN,VAN,NYR,,,,,,W/UTIL
,,,,,,,,,,,,,87046-148412:Zac Jones,87046-148412,D,Zac,Zac Jones,Jones,4.094117557,17,3700,NYR@VAN,NYR,VAN,,,,,,D/UTIL
,,,,,,,,,,,,,87046-37883:Cody Ceci,87046-37883,D,Cody,Cody Ceci,Ceci,5.199999774,54,3700,DET@EDM,EDM,DET,,,,,,D/UTIL
,,,,,,,,,,,,,87046-43041:Josh Brown,87046-43041,D,Josh,Josh Brown,Brown,5.007999878,50,3600,TB@ARI,ARI,TB,,,,,,D/UTIL
,,,,,,,,,,,,,87046-39972:Kurtis MacDermid,87046-39972,D,Kurtis,Kurtis MacDermid,MacDermid,2.450000048,32,3600,COL@MIN,COL,MIN,,,,,,D/UTIL
,,,,,,,,,,,,,87046-81972:MacKenzie Entwistle,87046-81972,W,MacKenzie,MacKenzie Entwistle,Entwistle,3.24565224,46,3600,CHI@TOR,CHI,TOR,DTD,Undisclosed,,,,W/UTIL
,,,,,,,,,,,,,87046-66682:Travis Dermott,87046-66682,D,Travis,Travis Dermott,Dermott,3.563636433,11,3600,NYR@VAN,VAN,NYR,,,,,,D/UTIL
,,,,,,,,,,,,,87046-54457:Jordan Oesterle,87046-54457,D,Jordan,Jordan Oesterle,Oesterle,4.279999924,40,3600,DET@EDM,DET,EDM,,,,,,D/UTIL
,,,,,,,,,,,,,87046-70902:Jesse Puljujarvi,87046-70902,W,Jesse,Jesse Puljujarvi,Puljujarvi,5.129411884,51,3600,DET@EDM,EDM,DET,,,,,,W/UTIL
,,,,,,,,,,,,,87046-82176:Jack Studnicka,87046-82176,C,Jack,Jack Studnicka,Studnicka,4.65882335,34,3600,NYR@VAN,VAN,NYR,DTD,Illness,,,,C/UTIL
,,,,,,,,,,,,,87046-70922:Max Jones,87046-70922,W,Max,Max Jones,Jones,4.409756172,41,3600,BUF@ANH,ANH,BUF,,,,,,W/UTIL
,,,,,,,,,,,,,87046-82193:Pius Suter,87046-82193,C,Pius,Pius Suter,Suter,5.44489771,49,3600,DET@EDM,DET,EDM,,,,,,C/UTIL
,,,,,,,,,,,,,87046-167209:Jack McBain,87046-167209,C,Jack,Jack McBain,McBain,4.962962963,54,3600,TB@ARI,ARI,TB,,,,,,C/UTIL
,,,,,,,,,,,,,87046-74092:Kale Clague,87046-74092,D,Kale,Kale Clague,Clague,3.269565085,23,3600,BUF@ANH,BUF,ANH,,,,,,D/UTIL
,,,,,,,,,,,,,87046-170402:Filip Roos,87046-170402,D,Filip,Filip Roos,Roos,4.847058913,17,3600,CHI@TOR,CHI,TOR,,,,,,D/UTIL
,,,,,,,,,,,,,87046-74148:Libor Hajek,87046-74148,D,Libor,Libor Hajek,Hajek,3.240000153,20,3600,NYR@VAN,NYR,VAN,,,,,,D/UTIL
,,,,,,,,,,,,,87046-12727:Jarred Tinordi,87046-12727,D,Jarred,Jarred Tinordi,Tinordi,5.214814928,27,3600,CHI@TOR,CHI,TOR,DTD,Undisclosed,,,,D/UTIL
,,,,,,,,,,,,,87046-84410:Gustav Lindstrom,87046-84410,D,Gustav,Gustav Lindstrom,Lindstrom,3.860869698,23,3600,DET@EDM,DET,EDM,,,,,,D/UTIL
,,,,,,,,,,,,,87046-12744:Mark Pysyk,87046-12744,D,Mark,Mark Pysyk,Pysyk,5.094117557,68,3600,DET@EDM,DET,EDM,IR,Achilles,,,,D/UTIL
,,,,,,,,,,,,,87046-104016:Vitali Kravtsov,87046-104016,W,Vitali,Vitali Kravtsov,Kravtsov,3.706451662,31,3600,NYR@VAN,NYR,VAN,,,,,,W/UTIL
,,,,,,,,,,,,,87046-59147:Jake Middleton,87046-59147,D,Jake,Jake Middleton,Middleton,5.761538579,52,3600,COL@MIN,MIN,COL,,,,,,D/UTIL
,,,,,,,,,,,,,87046-82828:Christian Wolanin,87046-82828,D,Christian,Christian Wolanin,Wolanin,4.436363567,11,3600,NYR@VAN,VAN,NYR,,,,,,D/UTIL
,,,,,,,,,,,,,87046-54194:Josh Manson,87046-54194,D,Josh,Josh Manson,Manson,6.70476205,21,3600,COL@MIN,COL,MIN,IR,Lower body,,,,D/UTIL
,,,,,,,,,,,,,87046-11204:Jake Muzzin,87046-11204,D,Jake,Jake Muzzin,Muzzin,9.199999809,4,3600,CHI@TOR,TOR,CHI,IR,Neck,,,,D/UTIL
,,,,,,,,,,,,,87046-15302:Nathan Beaulieu,87046-15302,D,Nathan,Nathan Beaulieu,Beaulieu,4.800000226,27,3600,BUF@ANH,ANH,BUF,,,,,,D/UTIL
,,,,,,,,,,,,,87046-15313:Vladislav Namestnikov,87046-15313,W,Vladislav,Vladislav Namestnikov,Namestnikov,4.866666607,51,3600,TB@ARI,TB,ARI,,,,,,W/UTIL
,,,,,,,,,,,,,87046-66516:Niko Mikkola,87046-66516,D,Niko,Niko Mikkola,Mikkola,3.532075414,53,3600,NYR@VAN,NYR,VAN,,,,,,D/UTIL
,,,,,,,,,,,,,87046-8169:Zach Bogosian,87046-8169,D,Zach,Zach Bogosian,Bogosian,3.751724243,29,3600,TB@ARI,TB,ARI,,,,,,D/UTIL
,,,,,,,,,,,,,87046-79860:Victor Mete,87046-79860,D,Victor,Victor Mete,Mete,3.199999883,13,3600,CHI@TOR,TOR,CHI,IR,Lower body,,,,D/UTIL
,,,,,,,,,,,,,87046-37894:Jayson Megna,87046-37894,W,Jayson,Jayson Megna,Megna,2.751219587,41,3500,BUF@ANH,ANH,BUF,,,,,,W/UTIL
,,,,,,,,,,,,,87046-79881:Tucker Poolman,87046-79881,D,Tucker,Tucker Poolman,Poolman,5.333333333,3,3500,NYR@VAN,VAN,NYR,IR,Undisclosed,,,,D/UTIL
,,,,,,,,,,,,,87046-171018:Filip Johansson,87046-171018,D,Filip,Filip Johansson,Johansson,,,3500,NYR@VAN,VAN,NYR,,,,,,D/UTIL
,,,,,,,,,,,,,87046-38933:Slater Koekkoek,87046-38933,D,Slater,Slater Koekkoek,Koekkoek,3.920000076,20,3500,DET@EDM,EDM,DET,,,,,,D/UTIL
,,,,,,,,,,,,,87046-38947:Andrej Sustr,87046-38947,D,Andrej,Andrej Sustr,Sustr,4.063157734,38,3500,COL@MIN,MIN,COL,,,,,,D/UTIL
,,,,,,,,,,,,,87046-68642:Ethan Prow,87046-68642,D,Ethan,Ethan Prow,Prow,5,4,3500,BUF@ANH,BUF,ANH,,,,,,D/UTIL
,,,,,,,,,,,,,87046-68663:Andy Welinski,87046-68663,D,Andy,Andy Welinski,Welinski,,,3500,NYR@VAN,NYR,VAN,,,,,,D/UTIL
,,,,,,,,,,,,,87046-66614:Dysin Mayo,87046-66614,D,Dysin,Dysin Mayo,Mayo,2.400000042,18,3500,TB@ARI,ARI,TB,,,,,,D/UTIL
,,,,,,,,,,,,,87046-66616:Dakota Mermis,87046-66616,D,Dakota,Dakota Mermis,Mermis,1.600000024,2,3500,COL@MIN,MIN,COL,,,,,,D/UTIL
,,,,,,,,,,,,,87046-8270:Niklas Hjalmarsson,87046-8270,D,Niklas,Niklas Hjalmarsson,Hjalmarsson,,,3500,TB@ARI,ARI,TB,,,,,,D/UTIL
,,,,,,,,,,,,,87046-180301:David Spacek,87046-180301,D,David,David Spacek,Spacek,,,3500,COL@MIN,MIN,COL,,,,,,D/UTIL
,,,,,,,,,,,,,87046-180305:Benjamin Finkelstein,87046-180305,D,Benjamin,Benjamin Finkelstein,Finkelstein,,,3500,COL@MIN,MIN,COL,,,,,,D/UTIL
,,,,,,,,,,,,,87046-161890:Zach Giuttari,87046-161890,D,Zach,Zach Giuttari,Giuttari,,,3500,NYR@VAN,NYR,VAN,,,,,,D/UTIL
,,,,,,,,,,,,,87046-161940:Kyle Masters,87046-161940,D,Kyle,Kyle Masters,Masters,,,3500,COL@MIN,MIN,COL,,,,,,D/UTIL
,,,,,,,,,,,,,87046-66712:Noah Juulsen,87046-66712,D,Noah,Noah Juulsen,Juulsen,1.280000019,5,3500,NYR@VAN,VAN,NYR,,,,,,D/UTIL
,,,,,,,,,,,,,87046-8357:Andrew Cogliano,87046-8357,W,Andrew,Andrew Cogliano,Cogliano,6.064000244,50,3500,COL@MIN,COL,MIN,,,,,,W/UTIL
,,,,,,,,,,,,,87046-180407:Kirill Kudryavtsev,87046-180407,D,Kirill,Kirill Kudryavtsev,Kudryavtsev,,,3500,NYR@VAN,VAN,NYR,,,,,,D/UTIL
,,,,,,,,,,,,,87046-73913:Cam Dineen,87046-73913,D,Cam,Cam Dineen,Dineen,5.515789634,38,3500,TB@ARI,ARI,TB,,,,,,D/UTIL
,,,,,,,,,,,,,87046-180408:Matt Anderson,87046-180408,D,Matt,Matt Anderson,Anderson,,,3500,NYR@VAN,VAN,NYR,,,,,,D/UTIL
,,,,,,,,,,,,,87046-180409:Chad Nychuk,87046-180409,D,Chad,Chad Nychuk,Nychuk,,,3500,NYR@VAN,VAN,NYR,,,,,,D/UTIL
,,,,,,,,,,,,,87046-160964:Carson Lambos,87046-160964,D,Carson,Carson Lambos,Lambos,,,3500,COL@MIN,MIN,COL,,,,,,D/UTIL
,,,,,,,,,,,,,87046-161993:Louka Henault,87046-161993,D,Louka,Louka Henault,Henault,,,3500,NYR@VAN,NYR,VAN,,,,,,D/UTIL
,,,,,,,,,,,,,87046-39145:Danny DeKeyser,87046-39145,D,Danny,Danny DeKeyser,DeKeyser,5.803389727,59,3500,NYR@VAN,VAN,NYR,,,,,,D/UTIL
,,,,,,,,,,,,,87046-66798:Guillaume Brisebois,87046-66798,D,Guillaume,Guillaume Brisebois,Brisebois,6.400000254,3,3500,NYR@VAN,VAN,NYR,,,,,,D/UTIL
,,,,,,,,,,,,,87046-73970:Colin Blackwell,87046-73970,W,Colin,Colin Blackwell,Blackwell,3.855319084,47,3500,CHI@TOR,CHI,TOR,,,,,,W/UTIL
,,,,,,,,,,,,,87046-82162:Turner Ottenbreit,87046-82162,D,Turner,Turner Ottenbreit,Ottenbreit,,,3500,COL@MIN,MIN,COL,,,,,,D/UTIL
,,,,,,,,,,,,,87046-70903:Olli Juolevi,87046-70903,D,Olli,Olli Juolevi,Juolevi,2.488888847,18,3500,BUF@ANH,ANH,BUF,,,,,,D/UTIL
,,,,,,,,,,,,,87046-54521:Shayne Gostisbehere,87046-54521,D,Shayne,Shayne Gostisbehere,Gostisbehere,11.26249949,48,3500,TB@ARI,ARI,TB,O,Upper body,,,,D/UTIL
,,,,,,,,,,,,,87046-167202:Brandon Scanlin,87046-167202,D,Brandon,Brandon Scanlin,Scanlin,,,3500,NYR@VAN,NYR,VAN,,,,,,D/UTIL
,,,,,,,,,,,,,87046-74030:Sean Day,87046-74030,D,Sean,Sean Day,Day,3.200000048,2,3500,TB@ARI,TB,ARI,,,,,,D/UTIL
,,,,,,,,,,,,,87046-117038:Matthew Robertson,87046-117038,D,Matthew,Matthew Robertson,Robertson,,,3500,NYR@VAN,NYR,VAN,,,,,,D/UTIL
,,,,,,,,,,,,,87046-117046:Quinn Schmiemann,87046-117046,D,Quinn,Quinn Schmiemann,Schmiemann,,,3500,NYR@VAN,VAN,NYR,,,,,,D/UTIL
,,,,,,,,,,,,,87046-117048:Peyton Krebs,87046-117048,C,Peyton,Peyton Krebs,Krebs,5.16590916,44,3500,BUF@ANH,BUF,ANH,,,,,,C/UTIL
,,,,,,,,,,,,,87046-82236:Chase Priskie,87046-82236,D,Chase,Chase Priskie,Priskie,2.799999952,4,3500,BUF@ANH,BUF,ANH,,,,,,D/UTIL
,,,,,,,,,,,,,87046-84289:Lawrence Pilut,87046-84289,D,Lawrence,Lawrence Pilut,Pilut,4.470588235,17,3500,BUF@ANH,BUF,ANH,,,,,,D/UTIL
,,,,,,,,,,,,,87046-149830:Daemon Hunt,87046-149830,D,Daemon,Daemon Hunt,Hunt,,,3500,COL@MIN,MIN,COL,,,,,,D/UTIL
,,,,,,,,,,,,,87046-149831:Ryan O'Rourke,87046-149831,D,Ryan,Ryan O'Rourke,O'Rourke,,,3500,COL@MIN,MIN,COL,,,,,,D/UTIL
,,,,,,,,,,,,,87046-149829:Jakub Galvas,87046-149829,D,Jakub,Jakub Galvas,Galvas,4.53333346,6,3500,CHI@TOR,CHI,TOR,,,,,,D/UTIL
,,,,,,,,,,,,,87046-8531:Michael Del Zotto,87046-8531,D,Michael,Michael Del Zotto,Del Zotto,8.121428353,28,3500,BUF@ANH,ANH,BUF,,,,,,D/UTIL
,,,,,,,,,,,,,87046-117084:Vladislav Kolyachonok,87046-117084,D,Vladislav,Vladislav Kolyachonok,Kolyachonok,3.875,32,3500,TB@ARI,ARI,TB,,,,,,D/UTIL
,,,,,,,,,,,,,87046-74126:Markus Niemelainen,87046-74126,D,Markus,Markus Niemelainen,Niemelainen,2.22608699,23,3500,DET@EDM,EDM,DET,,,,,,D/UTIL
,,,,,,,,,,,,,87046-102807:Reese Johnson,87046-102807,C,Reese,Reese Johnson,Johnson,3.309091048,44,3500,CHI@TOR,CHI,TOR,,,,,,C/UTIL
,,,,,,,,,,,,,87046-82375:Austin Strand,87046-82375,D,Austin,Austin Strand,Strand,2.879999924,5,3500,BUF@ANH,ANH,BUF,,,,,,D/UTIL
,,,,,,,,,,,,,87046-62927:Derek Ryan,87046-62927,C,Derek,Derek Ryan,Ryan,5.453846271,52,3500,DET@EDM,EDM,DET,,,,,,C/UTIL
,,,,,,,,,,,,,87046-70170:Carl Dahlstrom,87046-70170,D,Carl,Carl Dahlstrom,Dahlstrom,8.53333346,3,3500,CHI@TOR,TOR,CHI,O,Shoulder,,,,D/UTIL
,,,,,,,,,,,,,87046-58983:Liam O'Brien,87046-58983,W,Liam,Liam O'Brien,O'Brien,3.33793114,29,3500,TB@ARI,ARI,TB,DTD,Upper body,,,,W/UTIL
,,,,,,,,,,,,,87046-103033:Jett Woo,87046-103033,D,Jett,Jett Woo,Woo,,,3500,NYR@VAN,VAN,NYR,,,,,,D/UTIL
,,,,,,,,,,,,,87046-113277:Victor Soderstrom,87046-113277,D,Victor,Victor Soderstrom,Soderstrom,0.800000012,2,3500,TB@ARI,ARI,TB,,,,,,D/UTIL
,,,,,,,,,,,,,87046-8860:John Moore,87046-8860,D,John,John Moore,Moore,5.542857034,7,3500,BUF@ANH,ANH,BUF,O,Undisclosed,,,,D/UTIL
,,,,,,,,,,,,,87046-103079:Brady Keeper,87046-103079,D,Brady,Brady Keeper,Keeper,,,3500,NYR@VAN,VAN,NYR,,,,,,D/UTIL
,,,,,,,,,,,,,87046-142020:Jamie Drysdale,87046-142020,D,Jamie,Jamie Drysdale,Drysdale,2.488888847,9,3500,BUF@ANH,ANH,BUF,IR,Shoulder,,,,D/UTIL
,,,,,,,,,,,,,87046-23286:Ryan Murray,87046-23286,D,Ryan,Ryan Murray,Murray,3.5,16,3500,DET@EDM,EDM,DET,IR,Back,,,,D/UTIL
,,,,,,,,,,,,,87046-148220:Ty Emberson,87046-148220,D,Ty,Ty Emberson,Emberson,,,3500,NYR@VAN,NYR,VAN,,,,,,D/UTIL
,,,,,,,,,,,,,87046-59139:Darren Raddysh,87046-59139,D,Darren,Darren Raddysh,Raddysh,3.200000048,4,3500,TB@ARI,TB,ARI,,,,,,D/UTIL
,,,,,,,,,,,,,87046-169736:Simon Johansson,87046-169736,D,Simon,Simon Johansson,Johansson,,,3500,COL@MIN,MIN,COL,,,,,,D/UTIL
,,,,,,,,,,,,,87046-135978:Jack Rathbone,87046-135978,D,Jack,Jack Rathbone,Rathbone,3.428571429,7,3500,NYR@VAN,VAN,NYR,,,,,,D/UTIL
,,,,,,,,,,,,,87046-62275:Travis Boyd,87046-62275,C,Travis,Travis Boyd,Boyd,6.001851965,54,3500,TB@ARI,ARI,TB,,,,,,C/UTIL
,,,,,,,,,,,,,87046-62276:Austin Czarnik,87046-62276,W,Austin,Austin Czarnik,Czarnik,5.200000127,12,3500,DET@EDM,DET,EDM,,,,,,W/UTIL
,,,,,,,,,,,,,87046-97092:Alex Kannok-Leipert,87046-97092,D,Alex,Alex Kannok-Leipert,Kannok-Leipert,,,3500,NYR@VAN,VAN,NYR,,,,,,D/UTIL
,,,,,,,,,,,,,87046-97099:Hunter Drew,87046-97099,D,Hunter,Hunter Drew,Drew,0,2,3500,BUF@ANH,ANH,BUF,,,,,,D/UTIL
,,,,,,,,,,,,,87046-12120:Matt Bartkowski,87046-12120,D,Matt,Matt Bartkowski,Bartkowski,,,3500,NYR@VAN,NYR,VAN,,,,,,D/UTIL
,,,,,,,,,,,,,87046-66407:Philippe Myers,87046-66407,D,Philippe,Philippe Myers,Myers,5.476922842,13,3500,TB@ARI,TB,ARI,,,,,,D/UTIL
,,,,,,,,,,,,,87046-59239:Joe Hicketts,87046-59239,D,Joe,Joe Hicketts,Hicketts,,,3500,COL@MIN,MIN,COL,,,,,,D/UTIL
,,,,,,,,,,,,,87046-170867:Elmer Soderblom,87046-170867,W,Elmer,Elmer Soderblom,Soderblom,7.123809814,21,3500,DET@EDM,DET,EDM,,,,,,W/UTIL
,,,,,,,,,,,,,87046-180085:Luke Martin,87046-180085,D,Luke,Luke Martin,Martin,,,3500,NYR@VAN,NYR,VAN,,,,,,D/UTIL
,,,,,,,,,,,,,87046-97145:Alec Regula,87046-97145,D,Alec,Alec Regula,Regula,3.2,5,3500,CHI@TOR,CHI,TOR,,,,,,D/UTIL
,,,,,,,,,,,,,87046-42906:Jujhar Khaira,87046-42906,W,Jujhar,Jujhar Khaira,Khaira,4.606666565,30,3500,CHI@TOR,CHI,TOR,IR,Back,,,,W/UTIL
,,,,,,,,,,,,,87046-97181:Dylan MacPherson,87046-97181,D,Dylan,Dylan MacPherson,MacPherson,,,3500,NYR@VAN,VAN,NYR,,,,,,D/UTIL
,,,,,,,,,,,,,87046-42912:Oscar Klefbom,87046-42912,D,Oscar,Oscar Klefbom,Klefbom,,,3500,DET@EDM,EDM,DET,IR,Shoulder,,,,D/UTIL
,,,,,,,,,,,,,87046-82851:Jordan Greenway,87046-82851,W,Jordan,Jordan Greenway,Greenway,4.844444275,36,3500,COL@MIN,MIN,COL,,,,,,W/UTIL
,,,,,,,,,,,,,87046-97203:Ryan Merkley,87046-97203,D,Ryan,Ryan Merkley,Merkley,3.738461617,39,3500,COL@MIN,COL,MIN,,,,,,D/UTIL
,,,,,,,,,,,,,87046-79820:Zach Aston-Reese,87046-79820,W,Zach,Zach Aston-Reese,Aston-Reese,3.909433905,53,3500,CHI@TOR,TOR,CHI,,,,,,W/UTIL
,,,,,,,,,,,,,87046-97242:Jeremy Davies,87046-97242,D,Jeremy,Jeremy Davies,Davies,1.066666683,3,3500,BUF@ANH,BUF,ANH,,,,,,D/UTIL
,,,,,,,,,,,,,87046-82913:Blake Hillman,87046-82913,D,Blake,Blake Hillman,Hillman,,,3500,NYR@VAN,NYR,VAN,,,,,,D/UTIL
,,,,,,,,,,,,,87046-97261:Filip Kral,87046-97261,D,Filip,Filip Kral,Kral,0.800000012,4,3500,CHI@TOR,TOR,CHI,,,,,,D/UTIL
,,,,,,,,,,,,,87046-136184:Wyatt Kalynuk,87046-136184,D,Wyatt,Wyatt Kalynuk,Kalynuk,0.320000005,5,3500,NYR@VAN,VAN,NYR,,,,,,D/UTIL
,,,,,,,,,,,,,87046-8404:Wayne Simmonds,87046-8404,W,Wayne,Wayne Simmonds,Simmonds,2.026666641,15,3400,CHI@TOR,TOR,CHI,,,,,,W/UTIL
,,,,,,,,,,,,,87046-73981:Denis Malgin,87046-73981,W,Denis,Denis Malgin,Malgin,4.918420892,38,3400,COL@MIN,COL,MIN,,,,,,W/UTIL
,,,,,,,,,,,,,87046-70919:Julien Gauthier,87046-70919,W,Julien,Julien Gauthier,Gauthier,4.410810728,37,3400,NYR@VAN,NYR,VAN,,,,,,W/UTIL
,,,,,,,,,,,,,87046-74144:Michael Carcone,87046-74144,W,Michael,Michael Carcone,Carcone,6.39999983,9,3400,TB@ARI,ARI,TB,,,,,,W/UTIL
,,,,,,,,,,,,,87046-85571:Filip Zadina,87046-85571,W,Filip,Filip Zadina,Zadina,3.666666667,12,3400,DET@EDM,DET,EDM,,,,,,W/UTIL
,,,,,,,,,,,,,87046-61245:Devin Shore,87046-61245,W,Devin,Devin Shore,Shore,2.648275967,29,3400,DET@EDM,EDM,DET,,,,,,W/UTIL
,,,,,,,,,,,,,87046-42860:Curtis Lazar,87046-42860,W,Curtis,Curtis Lazar,Lazar,4.581818321,44,3400,NYR@VAN,VAN,NYR,,,,,,W/UTIL
,,,,,,,,,,,,,87046-148411:Cole Koepke,87046-148411,W,Cole,Cole Koepke,Koepke,2.305882398,17,3400,TB@ARI,TB,ARI,,,,,,W/UTIL
,,,,,,,,,,,,,87046-82008:Jake Leschyshyn,87046-82008,C,Jake,Jake Leschyshyn,Leschyshyn,1.793939417,33,3300,NYR@VAN,NYR,VAN,,,,,,C/UTIL
,,,,,,,,,,,,,87046-9354:Pat Maroon,87046-9354,W,Pat,Pat Maroon,Maroon,3.118867982,53,3300,TB@ARI,TB,ARI,,,,,,W/UTIL
,,,,,,,,,,,,,87046-8340:Darren Helm,87046-8340,W,Darren,Darren Helm,Helm,1.280000019,5,3300,COL@MIN,COL,MIN,O,Lower body,,,,W/UTIL
,,,,,,,,,,,,,87046-169240:Ben Meyers,87046-169240,W,Ben,Ben Meyers,Meyers,2.234482864,29,3300,COL@MIN,COL,MIN,,,,,,W/UTIL
,,,,,,,,,,,,,87046-62032:Vinnie Hinostroza,87046-62032,W,Vinnie,Vinnie Hinostroza,Hinostroza,5.276190622,21,3300,BUF@ANH,BUF,ANH,,,,,,W/UTIL
,,,,,,,,,,,,,87046-9275:Kyle Clifford,87046-9275,W,Kyle,Kyle Clifford,Clifford,5.599999905,2,3200,CHI@TOR,TOR,CHI,,,,,,W/UTIL
,,,,,,,,,,,,,87046-170302:Gustav Rydahl,87046-170302,C,Gustav,Gustav Rydahl,Rydahl,,,3200,NYR@VAN,NYR,VAN,,,,,,C/UTIL
,,,,,,,,,,,,,87046-74153:Boris Katchouk,87046-74153,W,Boris,Boris Katchouk,Katchouk,3.542857034,28,3200,CHI@TOR,CHI,TOR,,,,,,W/UTIL
,,,,,,,,,,,,,87046-84403:Rasmus Asplund,87046-84403,C,Rasmus,Rasmus Asplund,Asplund,4.813793314,29,3200,BUF@ANH,BUF,ANH,,,,,,C/UTIL
,,,,,,,,,,,,,87046-8887:Ryan Reaves,87046-8887,W,Ryan,Ryan Reaves,Reaves,2.365217458,46,3200,COL@MIN,MIN,COL,,,,,,W/UTIL
,,,,,,,,,,,,,87046-68603:Dryden Hunt,87046-68603,W,Dryden,Dryden Hunt,Hunt,2.140540458,37,3200,CHI@TOR,TOR,CHI,,,,,,W/UTIL
,,,,,,,,,,,,,87046-38995:Buddy Robinson,87046-38995,W,Buddy,Buddy Robinson,Robinson,0,1,3100,CHI@TOR,CHI,TOR,,,,,,W/UTIL
,,,,,,,,,,,,,87046-74025:Tim Gettinger,87046-74025,W,Tim,Tim Gettinger,Gettinger,1.600000024,8,3100,NYR@VAN,NYR,VAN,,,,,,W/UTIL
,,,,,,,,,,,,,87046-54850:Gemel Smith,87046-54850,W,Gemel,Gemel Smith,Smith,3.73333327,3,3100,TB@ARI,TB,ARI,,,,,,W/UTIL
,,,,,,,,,,,,,87046-148204:Sampo Ranta,87046-148204,W,Sampo,Sampo Ranta,Ranta,2.133333365,6,3100,COL@MIN,COL,MIN,,,,,,W/UTIL
,,,,,,,,,,,,,87046-11152:Zack Kassian,87046-11152,W,Zack,Zack Kassian,Kassian,1.494736822,38,3100,TB@ARI,ARI,TB,,,,,,W/UTIL
,,,,,,,,,,,,,87046-43011:Laurent Dauphin,87046-43011,C,Laurent,Laurent Dauphin,Dauphin,3.200000127,3,3000,TB@ARI,ARI,TB,,,,,,C/UTIL
,,,,,,,,,,,,,87046-79880:C.J. Smith,87046-79880,W,C.J.,C.J. Smith,Smith,0,1,3000,NYR@VAN,NYR,VAN,,,,,,W/UTIL
,,,,,,,,,,,,,87046-117783:Brett Murray,87046-117783,W,Brett,Brett Murray,Murray,4.104999924,20,3000,BUF@ANH,BUF,ANH,,,,,,W/UTIL
,,,,,,,,,,,,,87046-68639:Steven Fogarty,87046-68639,W,Steven,Steven Fogarty,Fogarty,0,2,3000,COL@MIN,MIN,COL,,,,,,W/UTIL
,,,,,,,,,,,,,87046-168988:Bobby Trivigno,87046-168988,W,Bobby,Bobby Trivigno,Trivigno,,,3000,NYR@VAN,NYR,VAN,,,,,,W/UTIL
,,,,,,,,,,,,,87046-68658:Danny O'Regan,87046-68658,C,Danny,Danny O'Regan,O'Regan,3.520000076,5,3000,DET@EDM,DET,EDM,,,,,,C/UTIL
,,,,,,,,,,,,,87046-170039:Adam Edstrom,87046-170039,C,Adam,Adam Edstrom,Edstrom,,,3000,NYR@VAN,NYR,VAN,,,,,,C/UTIL
,,,,,,,,,,,,,87046-161853:Zac Jordan,87046-161853,W,Zac,Zac Jordan,Jordan,,,3000,NYR@VAN,NYR,VAN,,,,,,W/UTIL
,,,,,,,,,,,,,87046-149574:Karl Henriksson,87046-149574,C,Karl,Karl Henriksson,Henriksson,,,3000,NYR@VAN,NYR,VAN,,,,,,C/UTIL
,,,,,,,,,,,,,87046-180299:Hunter Haight,87046-180299,C,Hunter,Hunter Haight,Haight,,,3000,COL@MIN,MIN,COL,,,,,,C/UTIL
,,,,,,,,,,,,,87046-180302:Josh Pillar,87046-180302,C,Josh,Josh Pillar,Pillar,,,3000,COL@MIN,MIN,COL,,,,,,C/UTIL
,,,,,,,,,,,,,87046-180306:Michael Milne,87046-180306,W,Michael,Michael Milne,Milne,,,3000,COL@MIN,MIN,COL,,,,,,W/UTIL
,,,,,,,,,,,,,87046-180304:Servac Petrovsky,87046-180304,C,Servac,Servac Petrovsky,Petrovsky,,,3000,COL@MIN,MIN,COL,,,,,,C/UTIL
,,,,,,,,,,,,,87046-161883:Ryder Korczak,87046-161883,C,Ryder,Ryder Korczak,Korczak,,,3000,NYR@VAN,NYR,VAN,,,,,,C/UTIL
,,,,,,,,,,,,,87046-168024:Nick Abruzzese,87046-168024,C,Nick,Nick Abruzzese,Abruzzese,3.288888931,9,3000,CHI@TOR,TOR,CHI,,,,,,C/UTIL
,,,,,,,,,,,,,87046-82010:Alex Barre-Boulet,87046-82010,W,Alex,Alex Barre-Boulet,Barre-Boulet,1.600000024,1,3000,TB@ARI,TB,ARI,,,,,,W/UTIL
,,,,,,,,,,,,,87046-161884:Mike O'Leary,87046-161884,W,Mike,Mike O'Leary,O'Leary,,,3000,COL@MIN,MIN,COL,,,,,,W/UTIL
,,,,,,,,,,,,,87046-161885:Matt Rempe,87046-161885,C,Matt,Matt Rempe,Rempe,,,3000,NYR@VAN,NYR,VAN,,,,,,C/UTIL
,,,,,,,,,,,,,87046-161888:Alex Whelan,87046-161888,W,Alex,Alex Whelan,Whelan,,,3000,NYR@VAN,NYR,VAN,,,,,,W/UTIL
,,,,,,,,,,,,,87046-8322:Loui Eriksson,87046-8322,W,Loui,Loui Eriksson,Eriksson,4.498648566,74,3000,TB@ARI,ARI,TB,,,,,,W/UTIL
,,,,,,,,,,,,,87046-161938:Caedan Bankier,87046-161938,C,Caedan,Caedan Bankier,Bankier,,,3000,COL@MIN,MIN,COL,,,,,,C/UTIL
,,,,,,,,,,,,,87046-161939:Pavel Novak,87046-161939,W,Pavel,Pavel Novak,Novak,,,3000,COL@MIN,MIN,COL,O,Illness,,,,W/UTIL
,,,,,,,,,,,,,87046-66715:Bokondji Imama,87046-66715,W,Bokondji,Bokondji Imama,Imama,4.199999809,4,3000,TB@ARI,ARI,TB,,,,,,W/UTIL
,,,,,,,,,,,,,87046-180402:Matt Alfaro,87046-180402,W,Matt,Matt Alfaro,Alfaro,,,3000,NYR@VAN,VAN,NYR,,,,,,W/UTIL
,,,,,,,,,,,,,87046-180403:Cole Shepard,87046-180403,W,Cole,Cole Shepard,Shepard,,,3000,NYR@VAN,VAN,NYR,,,,,,W/UTIL
,,,,,,,,,,,,,87046-180406:Yushiro Hirano,87046-180406,W,Yushiro,Yushiro Hirano,Hirano,,,3000,NYR@VAN,VAN,NYR,,,,,,W/UTIL
,,,,,,,,,,,,,87046-180404:Michael Regush,87046-180404,W,Michael,Michael Regush,Regush,,,3000,NYR@VAN,VAN,NYR,,,,,,W/UTIL
,,,,,,,,,,,,,87046-180405:Marc Gatcomb,87046-180405,W,Marc,Marc Gatcomb,Gatcomb,,,3000,NYR@VAN,VAN,NYR,,,,,,W/UTIL
,,,,,,,,,,,,,87046-149697:Lauri Pajuniemi,87046-149697,W,Lauri,Lauri Pajuniemi,Pajuniemi,,,3000,NYR@VAN,NYR,VAN,,,,,,W/UTIL
,,,,,,,,,,,,,87046-73941:Tanner Kaspick,87046-73941,C,Tanner,Tanner Kaspick,Kaspick,,,3000,COL@MIN,MIN,COL,,,,,,C/UTIL
,,,,,,,,,,,,,87046-153812:Lukas Reichel,87046-153812,W,Lukas,Lukas Reichel,Reichel,11,4,3000,CHI@TOR,CHI,TOR,,,,,,W/UTIL
,,,,,,,,,,,,,87046-21755:Alex Chiasson,87046-21755,W,Alex,Alex Chiasson,Chiasson,6.247761285,67,3000,TB@ARI,ARI,TB,,,,,,W/UTIL
,,,,,,,,,,,,,87046-168188:Sam Hentges,87046-168188,C,Sam,Sam Hentges,Hentges,,,3000,COL@MIN,MIN,COL,,,,,,C/UTIL
,,,,,,,,,,,,,87046-116996:Ben McCartney,87046-116996,W,Ben,Ben McCartney,McCartney,1.600000024,2,3000,TB@ARI,ARI,TB,,,,,,W/UTIL
,,,,,,,,,,,,,87046-70930:Tyler Benson,87046-70930,W,Tyler,Tyler Benson,Benson,0,2,3000,DET@EDM,EDM,DET,,,,,,W/UTIL
,,,,,,,,,,,,,87046-117013:Adam Beckman,87046-117013,W,Adam,Adam Beckman,Beckman,2.666666667,6,3000,COL@MIN,MIN,COL,,,,,,W/UTIL
,,,,,,,,,,,,,87046-102690:Linus Karlsson,87046-102690,W,Linus,Linus Karlsson,Karlsson,,,3000,NYR@VAN,VAN,NYR,,,,,,W/UTIL
,,,,,,,,,,,,,87046-74029:Ty Ronning,87046-74029,W,Ty,Ty Ronning,Ronning,,,3000,COL@MIN,MIN,COL,,,,,,W/UTIL
,,,,,,,,,,,,,87046-54576:Rocco Grimaldi,87046-54576,W,Rocco,Rocco Grimaldi,Grimaldi,1.828571456,7,3000,BUF@ANH,ANH,BUF,,,,,,W/UTIL
,,,,,,,,,,,,,87046-147770:Josiah Slavin,87046-147770,W,Josiah,Josiah Slavin,Slavin,2.346666718,15,3000,CHI@TOR,CHI,TOR,,,,,,W/UTIL
,,,,,,,,,,,,,87046-82232:Chase Pearson,87046-82232,W,Chase,Chase Pearson,Pearson,1.066666683,3,3000,DET@EDM,DET,EDM,,,,,,W/UTIL
,,,,,,,,,,,,,87046-167250:Nathan Smith,87046-167250,C,Nathan,Nathan Smith,Smith,7.2,10,3000,TB@ARI,ARI,TB,,,,,,C/UTIL
,,,,,,,,,,,,,87046-39271:Seth Griffith,87046-39271,W,Seth,Seth Griffith,Griffith,0,1,3000,DET@EDM,EDM,DET,,,,,,W/UTIL
,,,,,,,,,,,,,87046-62826:Anton Blidh,87046-62826,W,Anton,Anton Blidh,Blidh,1.257142884,14,3000,COL@MIN,COL,MIN,,,,,,W/UTIL
,,,,,,,,,,,,,87046-74099:Matt Luff,87046-74099,W,Matt,Matt Luff,Luff,3.542857034,7,3000,DET@EDM,DET,EDM,,,,,,W/UTIL
,,,,,,,,,,,,,87046-74100:Tanner Fritz,87046-74100,C,Tanner,Tanner Fritz,Fritz,,,3000,NYR@VAN,NYR,VAN,,,,,,C/UTIL
,,,,,,,,,,,,,87046-162171:Connor Lockhart,87046-162171,W,Connor,Connor Lockhart,Lockhart,,,3000,NYR@VAN,VAN,NYR,,,,,,W/UTIL
,,,,,,,,,,,,,87046-162172:Tristen Nielsen,87046-162172,C,Tristen,Tristen Nielsen,Nielsen,,,3000,NYR@VAN,VAN,NYR,,,,,,C/UTIL
,,,,,,,,,,,,,87046-12672:Greg McKegg,87046-12672,C,Greg,Greg McKegg,McKegg,2.911627836,43,3000,DET@EDM,EDM,DET,,,,,,C/UTIL
,,,,,,,,,,,,,87046-21921:Riley Sheahan,87046-21921,C,Riley,Riley Sheahan,Sheahan,0.400000006,4,3000,BUF@ANH,BUF,ANH,,,,,,C/UTIL
,,,,,,,,,,,,,87046-161189:Jasper Weatherby,87046-161189,W,Jasper,Jasper Weatherby,Weatherby,4.387999878,50,3000,DET@EDM,DET,EDM,,,,,,W/UTIL
,,,,,,,,,,,,,87046-117161:Carson Focht,87046-117161,C,Carson,Carson Focht,Focht,,,3000,NYR@VAN,VAN,NYR,,,,,,C/UTIL
,,,,,,,,,,,,,87046-151977:Jean-Luc Foudy,87046-151977,C,Jean-Luc,Jean-Luc Foudy,Foudy,2.488888847,9,3000,COL@MIN,COL,MIN,,,,,,C/UTIL
,,,,,,,,,,,,,87046-117182:Brayden Tracey,87046-117182,W,Brayden,Brayden Tracey,Tracey,1.600000024,1,3000,BUF@ANH,ANH,BUF,,,,,,W/UTIL
,,,,,,,,,,,,,87046-39395:Logan Shaw,87046-39395,C,Logan,Logan Shaw,Shaw,3.717647104,17,3000,CHI@TOR,TOR,CHI,,,,,,C/UTIL
,,,,,,,,,,,,,87046-128491:Mitchell Chaffee,87046-128491,W,Mitchell,Mitchell Chaffee,Chaffee,0.800000012,2,3000,COL@MIN,MIN,COL,,,,,,W/UTIL
,,,,,,,,,,,,,87046-135660:Cameron Hillis,87046-135660,C,Cameron,Cameron Hillis,Hillis,3.200000048,1,3000,CHI@TOR,CHI,TOR,,,,,,C/UTIL
,,,,,,,,,,,,,87046-128499:Austin Rueschhoff,87046-128499,W,Austin,Austin Rueschhoff,Rueschhoff,,,3000,NYR@VAN,NYR,VAN,,,,,,W/UTIL
,,,,,,,,,,,,,87046-128508:Brandon Biro,87046-128508,W,Brandon,Brandon Biro,Biro,0,1,3000,BUF@ANH,BUF,ANH,,,,,,W/UTIL
,,,,,,,,,,,,,87046-173587:Adam Sykora,87046-173587,W,Adam,Adam Sykora,Sykora,,,3000,NYR@VAN,NYR,VAN,,,,,,W/UTIL
,,,,,,,,,,,,,87046-58906:Chase De Leo,87046-58906,W,Chase,Chase De Leo,De Leo,1.600000024,2,3000,BUF@ANH,ANH,BUF,,,,,,W/UTIL
,,,,,,,,,,,,,87046-58925:Cristiano DiGiacinto,87046-58925,W,Cristiano,Cristiano DiGiacinto,DiGiacinto,,,3000,NYR@VAN,NYR,VAN,,,,,,W/UTIL
,,,,,,,,,,,,,87046-173639:Liam Ohgren,87046-173639,W,Liam,Liam Ohgren,Ohgren,,,3000,COL@MIN,MIN,COL,,,,,,W/UTIL
,,,,,,,,,,,,,87046-167499:Arshdeep Bains,87046-167499,W,Arshdeep,Arshdeep Bains,Bains,,,3000,NYR@VAN,VAN,NYR,,,,,,W/UTIL
,,,,,,,,,,,,,87046-170579:Pavol Regenda,87046-170579,W,Pavol,Pavol Regenda,Regenda,4.470588235,17,3000,BUF@ANH,ANH,BUF,,,,,,W/UTIL
,,,,,,,,,,,,,87046-102997:Taro Hirose,87046-102997,W,Taro,Taro Hirose,Hirose,3.746666718,15,3000,DET@EDM,DET,EDM,,,,,,W/UTIL
,,,,,,,,,,,,,87046-80481:Anders Bjork,87046-80481,W,Anders,Anders Bjork,Bjork,1.600000024,1,3000,BUF@ANH,BUF,ANH,,,,,,W/UTIL
,,,,,,,,,,,,,87046-152162:Vasily Podkolzin,87046-152162,W,Vasily,Vasily Podkolzin,Podkolzin,4.457142784,21,3000,NYR@VAN,VAN,NYR,,,,,,W/UTIL
,,,,,,,,,,,,,87046-58985:Jakub Vrana,87046-58985,W,Jakub,Jakub Vrana,Vrana,14,2,3000,DET@EDM,DET,EDM,,,,,,W/UTIL
,,,,,,,,,,,,,87046-148094:Mike Hardman,87046-148094,W,Mike,Mike Hardman,Hardman,2.590476263,21,3000,CHI@TOR,CHI,TOR,,,,,,W/UTIL
,,,,,,,,,,,,,87046-148096:Alex Steeves,87046-148096,W,Alex,Alex Steeves,Steeves,2.400000095,2,3000,CHI@TOR,TOR,CHI,,,,,,W/UTIL
,,,,,,,,,,,,,87046-152238:Karel Plasek,87046-152238,W,Karel,Karel Plasek,Plasek,,,3000,NYR@VAN,VAN,NYR,,,,,,W/UTIL
,,,,,,,,,,,,,87046-23233:Alex Galchenyuk,87046-23233,W,Alex,Alex Galchenyuk,Galchenyuk,1.600000024,4,3000,COL@MIN,COL,MIN,,,,,,W/UTIL
,,,,,,,,,,,,,87046-142023:Marco Rossi,87046-142023,C,Marco,Marco Rossi,Rossi,2.299999952,16,3000,COL@MIN,MIN,COL,,,,,,C/UTIL
,,,,,,,,,,,,,87046-167639:Vladislav Firstov,87046-167639,W,Vladislav,Vladislav Firstov,Firstov,,,3000,COL@MIN,MIN,COL,,,,,,W/UTIL
,,,,,,,,,,,,,87046-103129:Ryan Lohin,87046-103129,C,Ryan,Ryan Lohin,Lohin,,,3000,NYR@VAN,NYR,VAN,,,,,,C/UTIL
,,,,,,,,,,,,,87046-146162:William Lockwood,87046-146162,W,William,William Lockwood,Lockwood,3.428571429,14,3000,NYR@VAN,VAN,NYR,IR,Concussion,,,,W/UTIL
,,,,,,,,,,,,,87046-59143:Vincent Arseneau,87046-59143,W,Vincent,Vincent Arseneau,Arseneau,,,3000,NYR@VAN,VAN,NYR,,,,,,W/UTIL
,,,,,,,,,,,,,87046-97057:Damien Giroux,87046-97057,C,Damien,Damien Giroux,Giroux,,,3000,COL@MIN,MIN,COL,,,,,,C/UTIL
,,,,,,,,,,,,,87046-42786:Justin Dowling,87046-42786,W,Justin,Justin Dowling,Dowling,3.70909084,22,3000,NYR@VAN,VAN,NYR,,,,,,W/UTIL
,,,,,,,,,,,,,87046-119594:Bryce Kindopp,87046-119594,W,Bryce,Bryce Kindopp,Kindopp,3.200000048,1,3000,BUF@ANH,ANH,BUF,,,,,,W/UTIL
,,,,,,,,,,,,,87046-97070:Gabriel Fortier,87046-97070,W,Gabriel,Gabriel Fortier,Fortier,0,1,3000,TB@ARI,TB,ARI,,,,,,W/UTIL
,,,,,,,,,,,,,87046-97073:Chase Wouters,87046-97073,C,Chase,Chase Wouters,Wouters,,,3000,NYR@VAN,VAN,NYR,,,,,,C/UTIL
,,,,,,,,,,,,,87046-145202:Jacob Perreault,87046-145202,W,Jacob,Jacob Perreault,Perreault,1.600000024,1,3000,BUF@ANH,ANH,BUF,,,,,,W/UTIL
,,,,,,,,,,,,,87046-97095:Benoit-Olivier Groulx,87046-97095,C,Benoit-Olivier,Benoit-Olivier Groulx,Groulx,3.60000017,18,3000,BUF@ANH,ANH,BUF,,,,,,C/UTIL
,,,,,,,,,,,,,87046-97112:Jan Jenik,87046-97112,W,Jan,Jan Jenik,Jenik,1.600000024,1,3000,TB@ARI,ARI,TB,,,,,,W/UTIL
,,,,,,,,,,,,,87046-12122:Gabriel Dumont,87046-12122,W,Gabriel,Gabriel Dumont,Dumont,0,1,3000,TB@ARI,TB,ARI,,,,,,W/UTIL
,,,,,,,,,,,,,87046-14177:Brad Malone,87046-14177,C,Brad,Brad Malone,Malone,1.760000038,10,3000,DET@EDM,EDM,DET,,,,,,C/UTIL
,,,,,,,,,,,,,87046-59245:Brandon Baddock,87046-59245,W,Brandon,Brandon Baddock,Baddock,0,1,3000,COL@MIN,MIN,COL,,,,,,W/UTIL
,,,,,,,,,,,,,87046-180087:Easton Brodzinski,87046-180087,W,Easton,Easton Brodzinski,Brodzinski,,,3000,NYR@VAN,NYR,VAN,,,,,,W/UTIL
,,,,,,,,,,,,,87046-82808:Brett Seney,87046-82808,W,Brett,Brett Seney,Seney,0.800000012,2,3000,CHI@TOR,CHI,TOR,,,,,,W/UTIL
,,,,,,,,,,,,,87046-159627:Brennan Othmann,87046-159627,W,Brennan,Brennan Othmann,Othmann,,,3000,NYR@VAN,NYR,VAN,,,,,,W/UTIL
,,,,,,,,,,,,,87046-119692:Patrick Khodorenko,87046-119692,C,Patrick,Patrick Khodorenko,Khodorenko,,,3000,NYR@VAN,NYR,VAN,,,,,,C/UTIL
,,,,,,,,,,,,,87046-157595:Danila Klimovich,87046-157595,W,Danila,Danila Klimovich,Klimovich,,,3000,NYR@VAN,VAN,NYR,,,,,,W/UTIL
,,,,,,,,,,,,,87046-82842:Dylan Sikura,87046-82842,W,Dylan,Dylan Sikura,Sikura,3.520000076,5,3000,CHI@TOR,CHI,TOR,,,,,,W/UTIL
,,,,,,,,,,,,,87046-82849:Adam Gaudette,87046-82849,W,Adam,Adam Gaudette,Gaudette,4.989999898,60,3000,CHI@TOR,TOR,CHI,,,,,,W/UTIL
,,,,,,,,,,,,,87046-15267:Joseph Cramarossa,87046-15267,C,Joseph,Joseph Cramarossa,Cramarossa,3.799999952,4,3000,COL@MIN,MIN,COL,,,,,,C/UTIL
,,,,,,,,,,,,,87046-15272:Micheal Ferland,87046-15272,W,Micheal,Micheal Ferland,Ferland,,,3000,NYR@VAN,VAN,NYR,IR,Head,,,,W/UTIL
,,,,,,,,,,,,,87046-148400:Nick Swaney,87046-148400,W,Nick,Nick Swaney,Swaney,,,3000,COL@MIN,MIN,COL,,,,,,W/UTIL
,,,,,,,,,,,,,87046-54200:Ryan Carpenter,87046-54200,C,Ryan,Ryan Carpenter,Carpenter,3.466666812,21,3000,NYR@VAN,NYR,VAN,,,,,,C/UTIL
,,,,,,,,,,,,,87046-149440:Will Cuylle,87046-149440,W,Will,Will Cuylle,Cuylle,0.400000006,4,3000,NYR@VAN,NYR,VAN,,,,,,W/UTIL
,,,,,,,,,,,,,87046-66513:Glenn Gawdin,87046-66513,C,Glenn,Glenn Gawdin,Gawdin,3.200000127,3,3000,BUF@ANH,ANH,BUF,,,,,,C/UTIL
,,,,,,,,,,,,,87046-97236:Mikhail Maltsev,87046-97236,W,Mikhail,Mikhail Maltsev,Maltsev,1.920000076,5,3000,COL@MIN,COL,MIN,,,,,,W/UTIL
,,,,,,,,,,,,,87046-15329:Turner Elson,87046-15329,W,Turner,Turner Elson,Elson,1.600000024,2,3000,NYR@VAN,NYR,VAN,,,,,,W/UTIL
,,,,,,,,,,,,,87046-42977:Nic Petan,87046-42977,C,Nic,Nic Petan,Petan,3.799999952,8,3000,COL@MIN,MIN,COL,,,,,,C/UTIL
,,,,,,,,,,,,,87046-42984:Justin Bailey,87046-42984,W,Justin,Justin Bailey,Bailey,2.514285769,14,3000,DET@EDM,EDM,DET,,,,,,W/UTIL
,,,,,,,,,,,,,87046-178156:Sammy Walker,87046-178156,C,Sammy,Sammy Walker,Walker,3.600000064,6,3000,COL@MIN,MIN,COL,,,,,,C/UTIL
,,,,,,,,,,,,,87046-79861:John Stevens,87046-79861,C,John,John Stevens,Stevens,,,3000,NYR@VAN,VAN,NYR,,,,,,C/UTIL
