entry_id,contest_id,contest_name,C,C,W,W,D,D,UTIL,UTIL,G,,Instructions,,,,,,,,,,,,,,,,,
3085242580,88202-263304502,$300 Mon NHL Five Hole (150 Entries Max),88202-41391,88202-8394,88202-142018,88202-21755,88202-54457,88202-73909,88202-8595,88202-59207,88202-42868,,1) Edit your lineup by inserting any player from this list into their appropriate position columns,,,,,,,,,,,,,,,,,
3085242581,88202-263304502,$300 Mon NHL Five Hole (150 Entries Max),88202-103240,88202-41391,88202-70571,88202-81972,88202-43042,88202-64101,88202-8595,88202-82024,88202-12163,,2) You can paste either the Player ID + Name OR ID from their respective columns,,,,,,,,,,,,,,,,,
3085242582,88202-263304502,$300 Mon NHL Five Hole (150 Entries Max),88202-41391,88202-8394,88202-142018,88202-70571,88202-39309,88202-41394,88202-97140,88202-85571,88202-42868,,3) Any information to the right of the last position column will be ignored in the upload. Don't leave blank rows. Any entries after a blank row will not be edited,,,,,,,,,,,,,,,,,
3085242583,88202-263304502,$300 Mon NHL Five Hole (150 Entries Max),88202-103262,88202-41391,88202-59207,88202-97153,88202-142019,88202-8608,88202-8555,88202-8595,88202-54028,,4) You can not use this form to create new entries,,,,,,,,,,,,,,,,,
3085242585,88202-263304502,$300 Mon NHL Five Hole (150 Entries Max),88202-41391,88202-62445,88202-142018,88202-21755,88202-42863,88202-66688,88202-62788,88202-8394,88202-117110,,,,,,,,,,,,,,,,,,,
3085242586,88202-263304502,$300 Mon NHL Five Hole (150 Entries Max),88202-41391,88202-82114,88202-142018,88202-54477,88202-64101,88202-66688,88202-62429,88202-8640,88202-42868,,Player ID + Player Name,Id,Position,First Name,Nickname,Last Name,FPPG,Played,Salary,Game,Team,Opponent,Injury Indicator,Injury Details,Tier,,,Roster Position
3085242587,88202-263304502,$300 Mon NHL Five Hole (150 Entries Max),88202-41391,88202-62157,88202-15269,88202-54477,88202-8528,88202-8608,88202-82193,88202-62429,88202-54028,,88202-64102:Connor McDavid,88202-64102,C,Connor,Connor McDavid,McDavid,26.93857073,70,10700,SJ@EDM,EDM,SJ,,,,,,C/UTIL
3085242588,88202-263304502,$300 Mon NHL Five Hole (150 Entries Max),88202-148186,88202-41391,88202-119693,88202-74112,88202-142019,88202-8406,88202-8608,88202-8640,88202-82094,,88202-41391:Nathan MacKinnon,88202-41391,C,Nathan,Nathan MacKinnon,MacKinnon,23.84385922,57,10400,CHI@COL,COL,CHI,,,,,,C/UTIL
3085242589,88202-263304502,$300 Mon NHL Five Hole (150 Entries Max),88202-103276,88202-142016,88202-58685,88202-70571,88202-113276,88202-43042,88202-41391,88202-8394,88202-42868,,88202-58331:Leon Draisaitl,88202-58331,C,Leon,Leon Draisaitl,Draisaitl,20.97647095,68,10100,SJ@EDM,EDM,SJ,,,,,,C/UTIL
3085242590,88202-263304502,$300 Mon NHL Five Hole (150 Entries Max),88202-103240,88202-41391,88202-142018,88202-15217,88202-103753,88202-8608,88202-62788,88202-74112,88202-42868,,88202-70904:Matthew Tkachuk,88202-70904,W,Matthew,Matthew Tkachuk,Tkachuk,20.54848411,66,10000,FLA@DET,FLA,DET,,,,,,W/UTIL
3085242591,88202-263304502,$300 Mon NHL Five Hole (150 Entries Max),88202-142016,88202-41390,88202-54477,88202-70571,88202-42962,88202-79846,88202-41391,88202-70279,88202-82094,,88202-66737:Mikko Rantanen,88202-66737,W,Mikko,Mikko Rantanen,Rantanen,19.35000072,68,9500,CHI@COL,COL,CHI,,,,,,W/UTIL
3085242592,88202-263304502,$300 Mon NHL Five Hole (150 Entries Max),88202-40036,88202-41391,88202-15269,88202-62869,88202-39309,88202-60674,88202-97022,88202-70571,88202-12163,,88202-82094:Alexandar Georgiev,88202-82094,G,Alexandar,Alexandar Georgiev,Georgiev,20.23529412,51,8600,CHI@COL,COL,CHI,,,,,,G
3085242594,88202-263304502,$300 Mon NHL Five Hole (150 Entries Max),88202-142016,88202-41391,88202-142018,88202-151490,88202-14456,88202-55607,88202-62788,88202-8394,88202-117110,,88202-83213:Pavel Francouz,88202-83213,G,Pavel,Pavel Francouz,Francouz,17.85000038,16,8600,CHI@COL,COL,CHI,O,Lower body,,,,G
3085242595,88202-263304502,$300 Mon NHL Five Hole (150 Entries Max),88202-40036,88202-41391,88202-119693,88202-54477,88202-74127,88202-8406,88202-70571,88202-73981,88202-54028,,88202-80479:Jonas Johansson,88202-80479,G,Jonas,Jonas Johansson,Johansson,13.60000038,2,8600,CHI@COL,COL,CHI,,,,,,G
3085242596,88202-263304502,$300 Mon NHL Five Hole (150 Entries Max),88202-40036,88202-41390,88202-70571,88202-81972,88202-42910,88202-79846,88202-41391,88202-82114,88202-42868,,88202-142017:Tim Stuetzle,88202-142017,C,Tim,Tim Stuetzle,Stuetzle,17.72461501,65,8600,OTT@PIT,OTT,PIT,,,,,,C/UTIL
3085242598,88202-263304502,$300 Mon NHL Five Hole (150 Entries Max),88202-41391,88202-8595,88202-153812,88202-70571,88202-113272,88202-142019,88202-9990,88202-70919,88202-54028,,88202-8594:Sidney Crosby,88202-8594,C,Sidney,Sidney Crosby,Crosby,17.05941994,69,8500,OTT@PIT,PIT,OTT,,,,,,C/UTIL
3085242599,88202-263304502,$300 Mon NHL Five Hole (150 Entries Max),88202-40036,88202-41390,88202-59207,88202-62869,88202-135674,88202-8551,88202-41391,88202-8294,88202-117110,,88202-54028:Pheonix Copley,88202-54028,G,Pheonix,Pheonix Copley,Copley,17.21290244,31,8300,CGY@LA,LA,CGY,,,,,,G
3085242601,88202-263304502,$300 Mon NHL Five Hole (150 Entries Max),88202-142016,88202-41390,88202-66756,88202-82024,88202-59269,88202-8406,88202-41391,88202-41393,88202-117110,,88202-54065:Joonas Korpisalo,88202-54065,G,Joonas,Joonas Korpisalo,Korpisalo,16.89696896,33,8300,CGY@LA,LA,CGY,,,,,,G
3085242603,88202-263304502,$300 Mon NHL Five Hole (150 Entries Max),88202-41391,88202-82193,88202-142018,88202-15269,88202-42862,88202-8406,88202-8294,88202-70571,88202-82094,,88202-9252:Alex Stalock,88202-9252,G,Alex,Alex Stalock,Stalock,17.56190418,21,8100,CHI@COL,CHI,COL,,,,,,G
3085242604,88202-263304502,$300 Mon NHL Five Hole (150 Entries Max),88202-15277,88202-41391,88202-43028,88202-66754,88202-142019,88202-8608,88202-62157,88202-79965,88202-54028,,88202-15400:Petr Mrazek,88202-15400,G,Petr,Petr Mrazek,Mrazek,12.65454564,33,8100,CHI@COL,CHI,COL,O,Groin,,,,G
3085242606,88202-263304502,$300 Mon NHL Five Hole (150 Entries Max),88202-41391,88202-8595,88202-142018,88202-41392,88202-42862,88202-60674,88202-43139,88202-66754,88202-42868,,88202-12609:Zach Hyman,88202-12609,W,Zach,Zach Hyman,Hyman,16.95223953,67,8100,SJ@EDM,EDM,SJ,,,,,,W/UTIL
3085242607,88202-263304502,$300 Mon NHL Five Hole (150 Entries Max),88202-142016,88202-41391,88202-70571,88202-97153,88202-42863,88202-42994,88202-8394,88202-8595,88202-42868,,88202-8893:Anton Khudobin,88202-8893,G,Anton,Anton Khudobin,Khudobin,8.640000153,10,8100,CHI@COL,CHI,COL,,,,,,G
3085242609,88202-263304502,$300 Mon NHL Five Hole (150 Entries Max),88202-148186,88202-41391,88202-148094,88202-15269,88202-12613,88202-43042,88202-8595,88202-70571,88202-12163,,88202-97147:Brady Tkachuk,88202-97147,W,Brady,Brady Tkachuk,Tkachuk,16.96956557,69,8000,OTT@PIT,OTT,PIT,,,,,,W/UTIL
3085242610,88202-263304502,$300 Mon NHL Five Hole (150 Entries Max),88202-142016,88202-41391,88202-14563,88202-62869,88202-42862,88202-8608,88202-62788,88202-97140,88202-54028,,88202-14563:Ryan Nugent-Hopkins,88202-14563,W,Ryan,Ryan Nugent-Hopkins,Nugent-Hopkins,16.1599993,70,7900,SJ@EDM,EDM,SJ,,,,,,W/UTIL
3085242611,88202-263304502,$300 Mon NHL Five Hole (150 Entries Max),88202-40036,88202-41391,88202-15269,88202-97153,88202-12613,88202-42994,88202-62157,88202-8594,88202-42868,,88202-74064:Casey DeSmith,88202-74064,G,Casey,Casey DeSmith,DeSmith,13.90270336,37,7900,OTT@PIT,PIT,OTT,,,,,,G
3085242613,88202-263304502,$300 Mon NHL Five Hole (150 Entries Max),88202-142016,88202-41391,88202-119693,88202-81972,88202-66688,88202-79865,88202-62788,88202-8595,88202-42868,,88202-41393:Aleksander Barkov,88202-41393,C,Aleksander,Aleksander Barkov,Barkov,16.38000044,55,7900,FLA@DET,FLA,DET,,,,,,C/UTIL
3085242614,88202-263304502,$300 Mon NHL Five Hole (150 Entries Max),88202-40036,88202-41391,88202-21755,88202-42922,88202-41394,88202-42862,88202-8595,88202-66756,88202-42868,,88202-42868:Tristan Jarry,88202-42868,G,Tristan,Tristan Jarry,Jarry,16.48000031,40,7900,OTT@PIT,PIT,OTT,,,,,,G
3085242615,88202-263304502,$300 Mon NHL Five Hole (150 Entries Max),88202-41391,88202-8594,88202-142018,88202-15269,88202-142019,88202-54457,88202-54477,88202-97152,88202-54028,,88202-103523:Cale Makar,88202-103523,D,Cale,Cale Makar,Makar,17.24363681,55,7800,CHI@COL,COL,CHI,,,,,,D/UTIL
3085242617,88202-263304502,$300 Mon NHL Five Hole (150 Entries Max),88202-41391,88202-62788,88202-21686,88202-8640,88202-42862,88202-8608,88202-97129,88202-97152,88202-54028,,88202-82115:Stuart Skinner,88202-82115,G,Stuart,Stuart Skinner,Skinner,16.81777751,45,7800,SJ@EDM,EDM,SJ,,,,,,G
3085242618,88202-263304502,$300 Mon NHL Five Hole (150 Entries Max),88202-41391,88202-62788,88202-13612,88202-70571,88202-103753,88202-81968,88202-85571,88202-8640,88202-42868,,88202-12619:Jack Campbell,88202-12619,G,Jack,Jack Campbell,Campbell,12.16470606,34,7800,SJ@EDM,EDM,SJ,,,,,,G
3085242619,88202-263304502,$300 Mon NHL Five Hole (150 Entries Max),88202-142016,88202-41391,88202-62429,88202-97153,88202-8551,88202-97129,88202-58332,88202-70279,88202-12163,,88202-43028:Carter Verhaeghe,88202-43028,W,Carter,Carter Verhaeghe,Verhaeghe,15.18676399,68,7700,FLA@DET,FLA,DET,,,,,,W/UTIL
3085242621,88202-263304502,$300 Mon NHL Five Hole (150 Entries Max),88202-142016,88202-142017,88202-73885,88202-73981,88202-12291,88202-8406,88202-41391,88202-62157,88202-117110,,88202-8551:Erik Karlsson,88202-8551,D,Erik,Erik Karlsson,Karlsson,16.88142787,70,7700,SJ@EDM,SJ,EDM,,,,,,D/UTIL
3085242622,88202-263304502,$300 Mon NHL Five Hole (150 Entries Max),88202-41391,88202-62788,88202-54477,88202-59117,88202-43042,88202-66688,88202-62429,88202-62869,88202-42868,,88202-70571:Jake Guentzel,88202-70571,W,Jake,Jake Guentzel,Guentzel,15.11641773,67,7600,OTT@PIT,PIT,OTT,,,,,,W/UTIL
3085242623,88202-263304502,$300 Mon NHL Five Hole (150 Entries Max),88202-103276,88202-41391,88202-142018,88202-21755,88202-113276,88202-8551,88202-58332,88202-74112,88202-117110,,88202-8556:Claude Giroux,88202-8556,W,Claude,Claude Giroux,Giroux,14.2173913,69,7500,OTT@PIT,OTT,PIT,,,,,,W/UTIL
3085242625,88202-263304502,$300 Mon NHL Five Hole (150 Entries Max),88202-142016,88202-142017,88202-41392,88202-70919,88202-70199,88202-97129,88202-15277,88202-41391,88202-117110,,88202-42710:Magnus Hellberg,88202-42710,G,Magnus,Magnus Hellberg,Hellberg,9.882352941,17,7500,FLA@DET,DET,FLA,,,,,,G
3085242627,88202-263304502,$300 Mon NHL Five Hole (150 Entries Max),88202-142016,88202-41391,88202-66756,88202-8640,88202-113276,88202-8410,88202-62788,88202-8394,88202-117110,,88202-70509:Ville Husso,88202-70509,G,Ville,Ville Husso,Husso,15.30769231,52,7500,FLA@DET,DET,FLA,,,,,,G
3085242628,88202-263304502,$300 Mon NHL Five Hole (150 Entries Max),88202-15307,88202-41391,88202-142018,88202-21686,88202-113276,88202-54457,88202-41393,88202-43139,88202-42868,,88202-70914:Jakob Chychrun,88202-70914,D,Jakob,Jakob Chychrun,Chychrun,14.21111111,45,7400,OTT@PIT,OTT,PIT,,,,,,D/UTIL
3085242629,88202-263304502,$300 Mon NHL Five Hole (150 Entries Max),88202-146132,88202-41391,88202-21755,88202-43028,88202-64101,88202-8406,88202-8394,88202-79935,88202-117110,,88202-8595:Evgeni Malkin,88202-8595,C,Evgeni,Evgeni Malkin,Malkin,15.1884058,69,7400,OTT@PIT,PIT,OTT,,,,,,C/UTIL
3085242630,88202-263304502,$300 Mon NHL Five Hole (150 Entries Max),88202-40036,88202-41391,88202-119693,88202-59117,88202-113276,88202-79846,88202-41393,88202-70279,88202-42868,,88202-59208:Kevin Fiala,88202-59208,W,Kevin,Kevin Fiala,Fiala,15.01060625,66,7400,CGY@LA,LA,CGY,DTD,Lower body,,,,W/UTIL
3085242631,88202-263304502,$300 Mon NHL Five Hole (150 Entries Max),88202-41390,88202-41391,88202-41392,88202-70919,88202-43042,88202-60674,88202-41393,88202-74079,88202-117110,,88202-68665:Alex Lyon,88202-68665,G,Alex,Alex Lyon,Lyon,14.66666667,6,7300,FLA@DET,FLA,DET,,,,,,G
3085242632,88202-263304502,$300 Mon NHL Five Hole (150 Entries Max),88202-103262,88202-41391,88202-62429,88202-79965,88202-113276,88202-81968,88202-8394,88202-9189,88202-42868,,88202-62788:Dylan Larkin,88202-62788,C,Dylan,Dylan Larkin,Larkin,15.08955224,67,7300,FLA@DET,DET,FLA,,,,,,C/UTIL
3085242633,88202-263304502,$300 Mon NHL Five Hole (150 Entries Max),88202-40036,88202-41391,88202-119693,88202-41392,88202-21926,88202-8608,88202-66756,88202-82190,88202-12283,,88202-61859:Brandon Montour,88202-61859,D,Brandon,Brandon Montour,Montour,14.34776101,67,7300,FLA@DET,FLA,DET,,,,,,D/UTIL
3085242634,88202-263304502,$300 Mon NHL Five Hole (150 Entries Max),88202-142016,88202-40036,88202-15217,88202-74086,88202-66688,88202-9036,88202-41391,88202-62788,88202-117110,,88202-148103:Spencer Knight,88202-148103,G,Spencer,Spencer Knight,Knight,14.54545455,22,7300,FLA@DET,FLA,DET,O,Personal,,,,G
3085242635,88202-263304502,$300 Mon NHL Five Hole (150 Entries Max),88202-152882,88202-15307,88202-15269,88202-21686,88202-14456,88202-8551,88202-41391,88202-97022,88202-42868,,88202-12163:Sergei Bobrovsky,88202-12163,G,Sergei,Sergei Bobrovsky,Bobrovsky,15.10204082,49,7300,FLA@DET,FLA,DET,,,,,,G
3085242636,88202-263304502,$300 Mon NHL Five Hole (150 Entries Max),88202-23041,88202-39249,88202-142018,88202-62429,88202-59269,88202-8608,88202-41391,88202-82024,88202-54028,,88202-11301:Cam Talbot,88202-11301,G,Cam,Cam Talbot,Talbot,15.27499962,32,7100,OTT@PIT,OTT,PIT,O,Lower body,,,,G
3085242637,88202-263304502,$300 Mon NHL Five Hole (150 Entries Max),88202-40036,88202-41391,88202-23233,88202-62869,88202-12291,88202-64101,88202-66737,88202-82190,88202-117110,,88202-117110:Mads Sogaard,88202-117110,G,Mads,Mads Sogaard,Sogaard,11.19999949,12,7100,OTT@PIT,OTT,PIT,,,,,,G
3085242638,88202-263304502,$300 Mon NHL Five Hole (150 Entries Max),88202-41391,88202-82193,88202-42922,88202-62429,88202-142019,88202-8608,88202-8640,88202-97240,88202-54028,,88202-97135:Kevin Mandolese,88202-97135,G,Kevin,Kevin Mandolese,Mandolese,14.80000019,4,7100,OTT@PIT,OTT,PIT,,,,,,G
3085242639,88202-263304502,$300 Mon NHL Five Hole (150 Entries Max),88202-146132,88202-41391,88202-15217,88202-66756,88202-113272,88202-113276,88202-62788,88202-70279,88202-117110,,88202-9092:Evander Kane,88202-9092,W,Evander,Evander Kane,Kane,14.65517241,29,7100,SJ@EDM,EDM,SJ,,,,,,W/UTIL
3085242640,88202-263304502,$300 Mon NHL Five Hole (150 Entries Max),88202-23041,88202-41391,88202-42922,88202-82120,88202-74079,88202-8608,88202-62788,88202-8640,88202-42868,,88202-73885:Alex DeBrincat,88202-73885,W,Alex,Alex DeBrincat,DeBrincat,13.78840615,69,6900,OTT@PIT,OTT,PIT,,,,,,W/UTIL
3085242641,88202-263304502,$300 Mon NHL Five Hole (150 Entries Max),88202-41391,88202-8394,88202-151490,88202-62869,88202-142019,88202-8608,88202-73885,88202-79965,88202-54028,,88202-66610:Dan Vladar,88202-66610,G,Dan,Dan Vladar,Vladar,12.76800049,25,6800,CGY@LA,CGY,LA,,,,,,G
3085242642,88202-263304502,$300 Mon NHL Five Hole (150 Entries Max),88202-15277,88202-8595,88202-21755,88202-43028,88202-54457,88202-60674,88202-62429,88202-70571,88202-54028,,88202-8394:Anze Kopitar,88202-8394,C,Anze,Anze Kopitar,Kopitar,13.92571411,70,6800,CGY@LA,LA,CGY,,,,,,C/UTIL
3085242643,88202-263304502,$300 Mon NHL Five Hole (150 Entries Max),88202-41391,88202-41393,88202-79965,88202-97240,88202-103753,88202-113276,88202-62445,88202-8394,88202-117110,,88202-41392:Valeri Nichushkin,88202-41392,W,Valeri,Valeri Nichushkin,Nichushkin,14.19756038,41,6800,CHI@COL,COL,CHI,,,,,,W/UTIL
3085242644,88202-263304502,$300 Mon NHL Five Hole (150 Entries Max),88202-23041,88202-41391,88202-119693,88202-43028,88202-8406,88202-8608,88202-70279,88202-8709,88202-12163,,88202-12283:Jacob Markstrom,88202-12283,G,Jacob,Jacob Markstrom,Markstrom,11.80800049,50,6800,CGY@LA,CGY,LA,,,,,,G
3085242645,88202-263304502,$300 Mon NHL Five Hole (150 Entries Max),88202-142016,88202-41391,88202-21755,88202-8556,88202-8406,88202-9036,88202-8394,88202-9189,88202-117110,,88202-12624:Tyler Toffoli,88202-12624,W,Tyler,Tyler Toffoli,Toffoli,14.04714268,70,6600,CGY@LA,CGY,LA,,,,,,W/UTIL
3085242646,88202-263304502,$300 Mon NHL Five Hole (150 Entries Max),88202-148186,88202-15307,88202-142018,88202-66737,88202-14456,88202-73909,88202-41391,88202-8640,88202-117110,,88202-84324:Kaapo Kahkonen,88202-84324,G,Kaapo,Kaapo Kahkonen,Kahkonen,9.3176467,34,6600,SJ@EDM,SJ,EDM,,,,,,G
3085242647,88202-263304502,$300 Mon NHL Five Hole (150 Entries Max),88202-103240,88202-41391,88202-13612,88202-142018,88202-41394,88202-97129,88202-59207,88202-62429,88202-54028,,88202-8608:Kris Letang,88202-8608,D,Kris,Kris Letang,Letang,12.59230746,52,6600,OTT@PIT,PIT,OTT,,,,,,D/UTIL
3085242648,88202-263304502,$300 Mon NHL Five Hole (150 Entries Max),88202-103276,88202-41391,88202-142018,88202-97147,88202-142019,88202-42910,88202-70279,88202-9990,88202-117110,,88202-9052:James Reimer,88202-9052,G,James,James Reimer,Reimer,12.68888855,36,6600,SJ@EDM,SJ,EDM,,,,,,G
3085242649,88202-263304502,$300 Mon NHL Five Hole (150 Entries Max),88202-41390,88202-41391,88202-21755,88202-62429,88202-42862,88202-70914,88202-8394,88202-85571,88202-117110,,88202-43033:Antoine Bibeau,88202-43033,G,Antoine,Antoine Bibeau,Bibeau,,,6500,OTT@PIT,OTT,PIT,,,,,,G
3085242650,88202-263304502,$300 Mon NHL Five Hole (150 Entries Max),88202-41393,88202-58331,88202-142018,88202-21755,88202-8528,88202-8551,88202-58332,88202-8555,88202-42868,,88202-180271:Brad Arvanitis,88202-180271,G,Brad,Brad Arvanitis,Arvanitis,,,6500,CGY@LA,CGY,LA,,,,,,G
3085242651,88202-263304502,$300 Mon NHL Five Hole (150 Entries Max),88202-15277,88202-70279,88202-119693,88202-70571,88202-8608,88202-97129,88202-97022,88202-70904,88202-12163,,88202-180268:Daniil Chechelev,88202-180268,G,Daniil,Daniil Chechelev,Chechelev,,,6500,CGY@LA,CGY,LA,,,,,,G
3085242652,88202-263304502,$300 Mon NHL Five Hole (150 Entries Max),88202-152882,88202-39249,88202-142018,88202-15269,88202-142019,88202-8608,88202-62788,88202-8594,88202-54028,,88202-161836:Tommy Nappier,88202-161836,G,Tommy,Tommy Nappier,Nappier,,,6500,OTT@PIT,PIT,OTT,,,,,,G
3085242653,88202-263304502,$300 Mon NHL Five Hole (150 Entries Max),88202-148101,88202-8595,88202-142018,88202-15269,88202-113276,88202-135674,88202-8741,88202-70571,88202-82094,,88202-180274:Mitchell Weeks,88202-180274,G,Mitchell,Mitchell Weeks,Weeks,,,6500,CHI@COL,CHI,COL,,,,,,G
3085242654,88202-263304502,$300 Mon NHL Five Hole (150 Entries Max),88202-152882,88202-70279,88202-97147,88202-97152,88202-8608,88202-97129,88202-8594,88202-8595,88202-12163,,88202-9269:Logan Couture,88202-9269,C,Logan,Logan Couture,Couture,13.52142857,70,6500,SJ@EDM,SJ,EDM,,,,,,C/UTIL
3085242655,88202-263304502,$300 Mon NHL Five Hole (150 Entries Max),88202-148186,88202-9990,88202-107994,88202-12609,88202-142019,88202-8608,88202-15269,88202-70571,88202-82094,,88202-180281:Ivan Zhigalov,88202-180281,G,Ivan,Ivan Zhigalov,Zhigalov,,,6500,CHI@COL,COL,CHI,,,,,,G
3085242656,88202-263304502,$300 Mon NHL Five Hole (150 Entries Max),88202-15277,88202-58331,88202-15269,88202-70571,88202-103445,88202-37883,88202-62157,88202-8640,88202-42868,,88202-180285:Logan Flodell,88202-180285,G,Logan,Logan Flodell,Flodell,,,6500,OTT@PIT,OTT,PIT,,,,,,G
3085242657,88202-263304502,$300 Mon NHL Five Hole (150 Entries Max),88202-103276,88202-152882,88202-70571,88202-74112,88202-142019,88202-8608,88202-40036,88202-8595,88202-54028,,88202-159805:Sebastian Cossa,88202-159805,G,Sebastian,Sebastian Cossa,Cossa,,,6500,FLA@DET,DET,FLA,,,,,,G
3085242658,88202-263304502,$300 Mon NHL Five Hole (150 Entries Max),88202-152882,88202-58331,88202-21755,88202-66754,88202-60674,88202-8608,88202-8594,88202-8640,88202-42868,,88202-82003:Dylan Ferguson,88202-82003,G,Dylan,Dylan Ferguson,Ferguson,,,6500,OTT@PIT,OTT,PIT,,,,,,G
3085242660,88202-263304502,$300 Mon NHL Five Hole (150 Entries Max),88202-146132,88202-58331,88202-21686,88202-21755,88202-103936,88202-60674,88202-8595,88202-70571,88202-54028,,88202-168022:Jaxson Stauber,88202-168022,G,Jaxson,Jaxson Stauber,Stauber,21.86666616,6,6500,CHI@COL,CHI,COL,,,,,,G
3085242663,88202-263304502,$300 Mon NHL Five Hole (150 Entries Max),88202-41393,88202-58331,88202-21755,88202-66756,88202-21926,88202-70169,88202-9189,88202-70571,88202-42868,,88202-40023:Anton Forsberg,88202-40023,G,Anton,Anton Forsberg,Forsberg,14.40000021,29,6500,OTT@PIT,OTT,PIT,IR,Knee,,,,G
3085242664,88202-263304502,$300 Mon NHL Five Hole (150 Entries Max),88202-41390,88202-58331,88202-142018,88202-21755,88202-103753,88202-21926,88202-62788,88202-70571,88202-42868,,88202-82035:Cal Petersen,88202-82035,G,Cal,Cal Petersen,Petersen,8.53333346,12,6500,CGY@LA,LA,CGY,,,,,,G
3085242667,88202-263304502,$300 Mon NHL Five Hole (150 Entries Max),88202-41390,88202-62788,88202-142018,88202-15269,88202-21926,88202-42910,88202-62927,88202-70571,88202-82094,,88202-82036:Matt Villalta,88202-82036,G,Matt,Matt Villalta,Villalta,,,6500,CGY@LA,LA,CGY,,,,,,G
3085242668,88202-263304502,$300 Mon NHL Five Hole (150 Entries Max),88202-148186,88202-58331,88202-142018,88202-73885,88202-39309,88202-8608,88202-62157,88202-8640,88202-82094,,88202-166031:Taylor Gauthier,88202-166031,G,Taylor,Taylor Gauthier,Gauthier,,,6500,OTT@PIT,PIT,OTT,,,,,,G
3085242669,88202-263304502,$300 Mon NHL Five Hole (150 Entries Max),88202-40036,88202-41393,88202-142018,88202-42922,88202-8608,88202-97129,88202-43028,88202-66754,88202-54028,,88202-9366:Dustin Tokarski,88202-9366,G,Dustin,Dustin Tokarski,Tokarski,12,4,6500,OTT@PIT,PIT,OTT,,,,,,G
3085242670,88202-263304502,$300 Mon NHL Five Hole (150 Entries Max),88202-146132,88202-148186,88202-43028,88202-82190,88202-8608,88202-97129,88202-8595,88202-9269,88202-54028,,88202-161955:Jan Bednar,88202-161955,G,Jan,Jan Bednar,Bednar,,,6500,FLA@DET,DET,FLA,,,,,,G
3085242671,88202-263304502,$300 Mon NHL Five Hole (150 Entries Max),88202-58331,88202-82114,88202-12624,88202-66756,88202-14456,88202-97129,88202-8394,88202-70571,88202-42868,,88202-180393:Mason Beaupit,88202-180393,G,Mason,Mason Beaupit,Beaupit,,,6500,SJ@EDM,SJ,EDM,,,,,,G
3085242672,88202-263304502,$300 Mon NHL Five Hole (150 Entries Max),88202-142016,88202-8595,88202-14563,88202-148094,88202-14456,88202-41394,88202-15269,88202-70571,88202-54028,,88202-168114:Ryan Fanti,88202-168114,G,Ryan,Ryan Fanti,Fanti,,,6500,SJ@EDM,EDM,SJ,,,,,,G
3085242673,88202-263304502,$300 Mon NHL Five Hole (150 Entries Max),88202-142016,88202-58331,88202-55375,88202-59207,88202-12613,88202-8608,88202-8595,88202-79898,88202-42868,,88202-168116:David Hrenak,88202-168116,G,David,David Hrenak,Hrenak,,,6500,CGY@LA,LA,CGY,,,,,,G
3085242674,88202-263304502,$300 Mon NHL Five Hole (150 Entries Max),88202-8594,88202-9990,88202-21755,88202-70571,88202-142019,88202-73909,88202-82190,88202-8556,88202-82094,,88202-149699:Eetu Makiniemi,88202-149699,G,Eetu,Eetu Makiniemi,Makiniemi,11.60000038,2,6500,SJ@EDM,SJ,EDM,,,,,,G
3085242675,88202-263304502,$300 Mon NHL Five Hole (150 Entries Max),88202-142017,88202-146132,88202-142018,88202-15269,88202-21926,88202-8608,88202-152882,88202-41393,88202-82094,,88202-73942:Evan Fitzpatrick,88202-73942,G,Evan,Evan Fitzpatrick,Fitzpatrick,,,6500,FLA@DET,FLA,DET,,,,,,G
3085242676,88202-263304502,$300 Mon NHL Five Hole (150 Entries Max),88202-62157,88202-8234,88202-142018,88202-43028,88202-79865,88202-8406,88202-8595,88202-70571,88202-54028,,88202-117055:Dustin Wolf,88202-117055,G,Dustin,Dustin Wolf,Wolf,,,6500,CGY@LA,CGY,LA,,,,,,G
3085242677,88202-263304502,$300 Mon NHL Five Hole (150 Entries Max),88202-58331,88202-62788,88202-15269,88202-153812,88202-54457,88202-8608,88202-70279,88202-21755,88202-54028,,88202-117067:Trent Miner,88202-117067,G,Trent,Trent Miner,Miner,,,6500,CHI@COL,COL,CHI,,,,,,G
3085242678,88202-263304502,$300 Mon NHL Five Hole (150 Entries Max),88202-41393,88202-82114,88202-70571,88202-8640,88202-37883,88202-97129,88202-8594,88202-9189,88202-42868,,88202-39268:Jussi Olkinuora,88202-39268,G,Jussi,Jussi Olkinuora,Olkinuora,,,6500,FLA@DET,DET,FLA,,,,,,G
3085242679,88202-263304502,$300 Mon NHL Five Hole (150 Entries Max),88202-82114,88202-8394,88202-54477,88202-70571,88202-54457,88202-66688,88202-8595,88202-82190,88202-82094,,88202-12654:Calvin Pickard,88202-12654,G,Calvin,Calvin Pickard,Pickard,8.799999873,3,6500,SJ@EDM,EDM,SJ,,,,,,G
3085242680,88202-263304502,$300 Mon NHL Five Hole (150 Entries Max),88202-62157,88202-62788,88202-12609,88202-70571,88202-54457,88202-8406,88202-74076,88202-74112,88202-82094,,88202-41394:Seth Jones,88202-41394,D,Seth,Seth Jones,Jones,12.05084746,59,6500,CHI@COL,CHI,COL,,,,,,D/UTIL
3085242681,88202-263304502,$300 Mon NHL Five Hole (150 Entries Max),88202-40036,88202-62788,88202-15269,88202-70571,88202-54457,88202-66688,88202-82114,88202-8394,88202-42868,,88202-12749:J-F Berube,88202-12749,G,J-F,J-F Berube,Berube,17.06666692,6,6500,FLA@DET,FLA,DET,,,,,,G
3085242682,88202-263304502,$300 Mon NHL Five Hole (150 Entries Max),88202-146132,88202-148101,88202-142018,88202-15269,88202-113276,88202-8608,88202-41390,88202-8594,88202-82094,,88202-8672:Mike Smith,88202-8672,G,Mike,Mike Smith,Smith,19.92727245,44,6500,SJ@EDM,EDM,SJ,IR,Undisclosed,,,,G
3085242683,88202-263304502,$300 Mon NHL Five Hole (150 Entries Max),88202-62788,88202-70279,88202-142018,88202-39234,88202-8406,88202-8410,88202-8594,88202-8595,88202-54028,,88202-162281:John Lethemon,88202-162281,G,John,John Lethemon,Lethemon,,,6500,FLA@DET,DET,FLA,,,,,,G
3085242684,88202-263304502,$300 Mon NHL Five Hole (150 Entries Max),88202-8294,88202-9189,88202-54477,88202-70571,88202-70914,88202-81968,88202-9269,88202-8640,88202-82094,,88202-162300:Benjamin Gaudreau,88202-162300,G,Benjamin,Benjamin Gaudreau,Gaudreau,,,6500,SJ@EDM,SJ,EDM,,,,,,G
3085242685,88202-263304502,$300 Mon NHL Five Hole (150 Entries Max),88202-103276,88202-8394,88202-54477,88202-70571,88202-142019,88202-42910,88202-8595,88202-82120,88202-82094,,88202-135680:Justus Annunen,88202-135680,G,Justus,Justus Annunen,Annunen,8.399999619,2,6500,CHI@COL,COL,CHI,,,,,,G
3085242686,88202-263304502,$300 Mon NHL Five Hole (150 Entries Max),88202-40036,88202-58331,88202-21755,88202-70571,88202-42862,88202-54457,88202-62445,88202-9092,88202-42868,,88202-135685:Victor Brattstrom,88202-135685,G,Victor,Victor Brattstrom,Brattstrom,,,6500,FLA@DET,DET,FLA,,,,,,G
3085242687,88202-263304502,$300 Mon NHL Five Hole (150 Entries Max),88202-142016,88202-23041,88202-14563,88202-62429,88202-103445,88202-8608,88202-8595,88202-8640,88202-82094,,88202-58904:Aaron Dell,88202-58904,G,Aaron,Aaron Dell,Dell,9.800000191,4,6500,SJ@EDM,SJ,EDM,,,,,,G
3085242688,88202-263304502,$300 Mon NHL Five Hole (150 Entries Max),88202-103276,88202-8234,88202-12609,88202-62869,88202-8406,88202-97129,88202-70571,88202-70904,88202-12163,,88202-154165:Leevi Merilainen,88202-154165,G,Leevi,Leevi Merilainen,Merilainen,,,6500,OTT@PIT,OTT,PIT,,,,,,G
3085242689,88202-263304502,$300 Mon NHL Five Hole (150 Entries Max),88202-62788,88202-8595,88202-43212,88202-70571,88202-79846,88202-9036,88202-9269,88202-8640,88202-82094,,88202-169533:Strauss Mann,88202-169533,G,Strauss,Strauss Mann,Mann,,,6500,SJ@EDM,SJ,EDM,,,,,,G
3085242690,88202-263304502,$300 Mon NHL Five Hole (150 Entries Max),88202-146132,88202-8595,88202-15217,88202-70571,88202-12613,88202-8608,88202-79935,88202-82190,88202-82094,,88202-169657:Matthew Berlin,88202-169657,G,Matthew,Matthew Berlin,Berlin,0.800000012,1,6500,SJ@EDM,EDM,SJ,,,,,,G
3085242691,88202-263304502,$300 Mon NHL Five Hole (150 Entries Max),88202-41390,88202-58331,88202-142018,88202-21755,88202-42862,88202-42962,88202-8594,88202-41392,88202-42868,,88202-42782:Oscar Dansk,88202-42782,G,Oscar,Oscar Dansk,Dansk,,,6500,CGY@LA,CGY,LA,,,,,,G
3085242692,88202-263304502,$300 Mon NHL Five Hole (150 Entries Max),88202-146132,88202-58331,88202-21686,88202-70571,88202-103936,88202-142019,88202-8595,88202-73972,88202-54028,,88202-151336:Arvid Soderblom,88202-151336,G,Arvid,Arvid Soderblom,Soderblom,9.176470588,17,6500,CHI@COL,CHI,COL,,,,,,G
3085242693,88202-263304502,$300 Mon NHL Five Hole (150 Entries Max),88202-39249,88202-8741,88202-142018,88202-15269,88202-142019,88202-8608,88202-54477,88202-97147,88202-82094,,88202-59226:Alex Nedeljkovic,88202-59226,G,Alex,Alex Nedeljkovic,Nedeljkovic,7.46666654,12,6500,FLA@DET,DET,FLA,,,,,,G
3085242694,88202-263304502,$300 Mon NHL Five Hole (150 Entries Max),88202-15277,88202-58331,88202-142018,88202-21686,88202-113276,88202-70169,88202-70571,88202-97240,88202-42868,,88202-14183:Keith Kinkaid,88202-14183,G,Keith,Keith Kinkaid,Kinkaid,17.20000076,2,6500,CHI@COL,COL,CHI,,,,,,G
3085242695,88202-263304502,$300 Mon NHL Five Hole (150 Entries Max),88202-142016,88202-40036,88202-54477,88202-70571,88202-8608,88202-8709,88202-82114,88202-70904,88202-82094,,88202-183150:Erik Portillo,88202-183150,G,Erik,Erik Portillo,Portillo,,,6500,CGY@LA,LA,CGY,,,,,,G
3085242696,88202-263304502,$300 Mon NHL Five Hole (150 Entries Max),88202-23041,88202-41393,88202-58891,88202-85571,88202-54457,88202-8608,88202-62788,88202-8594,88202-54028,,88202-97134:Olivier Rodrigue,88202-97134,G,Olivier,Olivier Rodrigue,Rodrigue,,,6500,SJ@EDM,EDM,SJ,,,,,,G
3085242697,88202-263304502,$300 Mon NHL Five Hole (150 Entries Max),88202-103262,88202-8594,88202-142018,88202-15269,88202-113276,88202-84116,88202-42922,88202-70571,88202-82094,,88202-97161:Jacob Ingham,88202-97161,G,Jacob,Jacob Ingham,Ingham,,,6500,CGY@LA,LA,CGY,O,Back,,,,G
3085242698,88202-263304502,$300 Mon NHL Five Hole (150 Entries Max),88202-58331,88202-8594,88202-21755,88202-82120,88202-12613,88202-8528,88202-8595,88202-9269,88202-42868,,88202-183189:Zachary Andrews,88202-183189,G,Zachary,Zachary Andrews,Andrews,,,6500,CHI@COL,CHI,COL,,,,,,G
3085242699,88202-263304502,$300 Mon NHL Five Hole (150 Entries Max),88202-39249,88202-8595,88202-39234,88202-62429,88202-37883,88202-8608,88202-9269,88202-70571,88202-82094,,88202-157597:Filip Lindberg,88202-157597,G,Filip,Filip Lindberg,Lindberg,,,6500,OTT@PIT,PIT,OTT,,,,,,G
3085242700,88202-263304502,$300 Mon NHL Five Hole (150 Entries Max),88202-39249,88202-40036,88202-151490,88202-21755,88202-113276,88202-70914,88202-8595,88202-70571,88202-82094,,88202-165828:Mack Guzda,88202-165828,G,Mack,Mack Guzda,Guzda,,,6500,FLA@DET,FLA,DET,,,,,,G
3085242702,88202-263304502,$300 Mon NHL Five Hole (150 Entries Max),88202-8394,88202-9269,88202-15269,88202-62429,88202-59269,88202-81968,88202-70571,88202-8640,88202-82094,,88202-62429:Adrian Kempe,88202-62429,W,Adrian,Adrian Kempe,Kempe,13.32999965,70,6500,CGY@LA,LA,CGY,,,,,,W/UTIL
3085242703,88202-263304502,$300 Mon NHL Five Hole (150 Entries Max),88202-40036,88202-58331,88202-15269,88202-21755,88202-42962,88202-66688,88202-43212,88202-70571,88202-42868,,88202-180201:Andrew Oke,88202-180201,G,Andrew,Andrew Oke,Oke,,,6500,FLA@DET,DET,FLA,,,,,,G
3085242704,88202-263304502,$300 Mon NHL Five Hole (150 Entries Max),88202-58331,88202-58332,88202-15217,88202-21755,88202-55607,88202-79846,88202-70571,88202-8640,88202-42868,,88202-66759:Thomas Chabot,88202-66759,D,Thomas,Thomas Chabot,Chabot,12.37936547,63,6400,OTT@PIT,OTT,PIT,,,,,,D/UTIL
3085242705,88202-263304502,$300 Mon NHL Five Hole (150 Entries Max),88202-103276,88202-41393,88202-21755,88202-70904,88202-37883,88202-42910,88202-8406,88202-8640,88202-54028,,88202-8741:Nazem Kadri,88202-8741,C,Nazem,Nazem Kadri,Kadri,12.86428571,70,6400,CGY@LA,CGY,LA,,,,,,C/UTIL
3085242706,88202-263304502,$300 Mon NHL Five Hole (150 Entries Max),88202-41390,88202-58331,88202-15217,88202-21755,88202-21926,88202-73909,88202-70279,88202-70571,88202-42868,,88202-70483:Artturi Lehkonen,88202-70483,W,Artturi,Artturi Lehkonen,Lehkonen,12.63225826,62,6400,CHI@COL,COL,CHI,O,Finger,,,,W/UTIL
3085242707,88202-263304502,$300 Mon NHL Five Hole (150 Entries Max),88202-146132,88202-8294,88202-142018,88202-70571,88202-54457,88202-8551,88202-8594,88202-82190,88202-82094,,88202-42910:Darnell Nurse,88202-42910,D,Darnell,Darnell Nurse,Nurse,11.59571446,70,6400,SJ@EDM,EDM,SJ,,,,,,D/UTIL
3085242708,88202-263304502,$300 Mon NHL Five Hole (150 Entries Max),88202-146132,88202-58331,88202-62869,88202-70571,88202-142019,88202-8406,88202-79965,88202-8556,88202-82094,,88202-55607:Aaron Ekblad,88202-55607,D,Aaron,Aaron Ekblad,Ekblad,12.05344785,58,6300,FLA@DET,FLA,DET,,,,,,D/UTIL
3085242709,88202-263304502,$300 Mon NHL Five Hole (150 Entries Max),88202-58331,88202-8595,88202-15217,88202-70571,88202-42994,88202-43042,88202-79898,88202-8640,88202-42868,,88202-40036:Tomas Hertl,88202-40036,C,Tomas,Tomas Hertl,Hertl,12.77910466,67,6200,SJ@EDM,SJ,EDM,,,,,,C/UTIL
3085242710,88202-263304502,$300 Mon NHL Five Hole (150 Entries Max),88202-58331,88202-8594,88202-142018,88202-59207,88202-54457,88202-97129,88202-79965,88202-8640,88202-82094,,88202-66688:Rasmus Andersson,88202-66688,D,Rasmus,Rasmus Andersson,Andersson,12.69104459,67,6200,CGY@LA,CGY,LA,,,,,,D/UTIL
3085242711,88202-263304502,$300 Mon NHL Five Hole (150 Entries Max),88202-142016,88202-8595,88202-54477,88202-62429,88202-113276,88202-42962,88202-70571,88202-8640,88202-82094,,88202-113276:Moritz Seider,88202-113276,D,Moritz,Moritz Seider,Seider,11.26470588,68,6200,FLA@DET,DET,FLA,,,,,,D/UTIL
3085242712,88202-263304502,$300 Mon NHL Five Hole (150 Entries Max),88202-39249,88202-8595,88202-142018,88202-15269,88202-70914,88202-8528,88202-70571,88202-8640,88202-54028,,88202-43120:Anthony Duclair,88202-43120,W,Anthony,Anthony Duclair,Duclair,8.300000191,8,6100,FLA@DET,FLA,DET,,,,,,W/UTIL
3085242713,88202-263304502,$300 Mon NHL Five Hole (150 Entries Max),88202-148186,88202-8595,88202-107994,88202-59207,88202-54457,88202-8406,88202-62429,88202-70571,88202-82094,,88202-82190:Drake Batherson,88202-82190,W,Drake,Drake Batherson,Batherson,13.05072464,69,6100,OTT@PIT,OTT,PIT,,,,,,W/UTIL
3085242714,88202-263304502,$300 Mon NHL Five Hole (150 Entries Max),88202-40036,88202-41393,88202-62429,88202-70571,88202-8528,88202-97129,88202-8595,88202-74076,88202-12163,,88202-41390:Elias Lindholm,88202-41390,C,Elias,Elias Lindholm,Lindholm,12.83235258,68,6100,CGY@LA,CGY,LA,,,,,,C/UTIL
3085242715,88202-263304502,$300 Mon NHL Five Hole (150 Entries Max),88202-103276,88202-8394,88202-12624,88202-70571,88202-142019,88202-81968,88202-8594,88202-74076,88202-82094,,88202-15269:Rickard Rakell,88202-15269,W,Rickard,Rickard Rakell,Rakell,13.20289855,69,6100,OTT@PIT,PIT,OTT,,,,,,W/UTIL
3085242716,88202-263304502,$300 Mon NHL Five Hole (150 Entries Max),88202-146132,88202-40036,88202-41392,88202-70571,88202-37883,88202-73909,88202-8595,88202-8640,88202-82094,,88202-9189:Mikael Backlund,88202-9189,C,Mikael,Mikael Backlund,Backlund,12.20571463,70,6100,CGY@LA,CGY,LA,,,,,,C/UTIL
3085242717,88202-263304502,$300 Mon NHL Five Hole (150 Entries Max),88202-58331,88202-82909,88202-54477,88202-70571,88202-14456,88202-8608,88202-82190,88202-97152,88202-54028,,88202-82024:Gabriel Vilardi,88202-82024,W,Gabriel,Gabriel Vilardi,Vilardi,10.82166646,60,6000,CGY@LA,LA,CGY,,,,,,W/UTIL
3085242718,88202-263304502,$300 Mon NHL Five Hole (150 Entries Max),88202-39249,88202-41393,88202-12624,88202-54477,88202-66688,88202-97129,88202-70904,88202-97152,88202-12163,,88202-59207:Viktor Arvidsson,88202-59207,W,Viktor,Viktor Arvidsson,Arvidsson,12.62923114,65,6000,CGY@LA,LA,CGY,,,,,,W/UTIL
3085242719,88202-263304502,$300 Mon NHL Five Hole (150 Entries Max),88202-62445,88202-8595,88202-142018,88202-66756,88202-12291,88202-8608,88202-70571,88202-82190,88202-82094,,88202-58332:Sam Bennett,88202-58332,C,Sam,Sam Bennett,Bennett,11.81451613,62,5900,FLA@DET,FLA,DET,,,,,,C/UTIL
3085242720,88202-263304502,$300 Mon NHL Five Hole (150 Entries Max),88202-41390,88202-58331,88202-142018,88202-21686,88202-8608,88202-97129,88202-70279,88202-62276,88202-82094,,88202-135668:Alexander Barabanov,88202-135668,W,Alexander,Alexander Barabanov,Barabanov,10.26615366,65,5800,SJ@EDM,SJ,EDM,,,,,,W/UTIL
3085242721,88202-263304502,$300 Mon NHL Five Hole (150 Entries Max),88202-40036,88202-41390,88202-142018,88202-15269,88202-42862,88202-79846,88202-58331,88202-8640,88202-82094,,88202-55375:Sam Reinhart,88202-55375,W,Sam,Sam Reinhart,Reinhart,13.12608713,69,5700,FLA@DET,FLA,DET,,,,,,W/UTIL
3085242722,88202-263304502,$300 Mon NHL Five Hole (150 Entries Max),88202-58331,88202-8394,88202-142018,88202-15269,88202-113276,88202-79846,88202-73972,88202-8640,88202-54028,,88202-8406:Drew Doughty,88202-8406,D,Drew,Drew Doughty,Doughty,10.49710127,69,5700,CGY@LA,LA,CGY,,,,,,D/UTIL
3085242723,88202-263304502,$300 Mon NHL Five Hole (150 Entries Max),88202-41390,88202-58331,88202-119693,88202-15217,88202-70199,88202-97129,88202-8594,88202-66756,88202-42868,,88202-70279:J.T. Compher,88202-70279,C,J.T.,J.T. Compher,Compher,10.89705882,68,5600,CHI@COL,COL,CHI,,,,,,C/UTIL
3085242724,88202-263304502,$300 Mon NHL Five Hole (150 Entries Max),88202-41393,88202-58332,88202-54477,88202-70904,88202-41394,88202-97129,88202-85571,88202-97152,88202-42868,,88202-97173:Sean Durzi,88202-97173,D,Sean,Sean Durzi,Durzi,10.31935464,62,5600,CGY@LA,LA,CGY,DTD,Upper body,,,,D/UTIL
3085242725,88202-263304502,$300 Mon NHL Five Hole (150 Entries Max),88202-142016,88202-41393,88202-12624,88202-8640,88202-42862,88202-8406,88202-58331,88202-62157,88202-117110,,88202-79935:Alex Iafallo,88202-79935,W,Alex,Alex Iafallo,Iafallo,10.061702,47,5500,CGY@LA,LA,CGY,,,,,,W/UTIL
3085242726,88202-263304502,$300 Mon NHL Five Hole (150 Entries Max),88202-39249,88202-58331,88202-54477,88202-55375,88202-135674,88202-8608,88202-8595,88202-97022,88202-12163,,88202-21686:Jason Zucker,88202-21686,W,Jason,Jason Zucker,Zucker,11.16363618,66,5500,OTT@PIT,PIT,OTT,,,,,,W/UTIL
3085242727,88202-263304502,$300 Mon NHL Five Hole (150 Entries Max),88202-15277,88202-58331,88202-142018,88202-8640,88202-79865,88202-8406,88202-70279,88202-97129,88202-82094,,88202-74112:Trevor Moore,88202-74112,W,Trevor,Trevor Moore,Moore,9.808510638,47,5500,CGY@LA,LA,CGY,,,,,,W/UTIL
3085242728,88202-263304502,$300 Mon NHL Five Hole (150 Entries Max),88202-58332,88202-62788,88202-119693,88202-142018,88202-42910,88202-8608,88202-9269,88202-42922,88202-82094,,88202-8640:David Perron,88202-8640,W,David,David Perron,Perron,10.17941194,68,5500,FLA@DET,DET,FLA,,,,,,W/UTIL
3085242729,88202-263304502,$300 Mon NHL Five Hole (150 Entries Max),88202-152882,88202-40036,88202-142018,88202-66756,88202-39309,88202-8608,88202-58331,88202-62788,88202-42868,,88202-11201:Jeff Petry,88202-11201,D,Jeff,Jeff Petry,Petry,10.17499953,52,5500,OTT@PIT,PIT,OTT,DTD,Upper body,,,,D/UTIL
3085242730,88202-263304502,$300 Mon NHL Five Hole (150 Entries Max),88202-62788,88202-82193,88202-14563,88202-15269,88202-8608,88202-97129,88202-62869,88202-9092,88202-82094,,88202-62445:Evan Rodrigues,88202-62445,C,Evan,Evan Rodrigues,Rodrigues,10.99824604,57,5500,CHI@COL,COL,CHI,,,,,,C/UTIL
3085242731,88202-263304502,$300 Mon NHL Five Hole (150 Entries Max),88202-82114,88202-9269,88202-12609,88202-15217,88202-14456,88202-97129,88202-15269,88202-70904,88202-12163,,88202-60674:Gustav Forsling,88202-60674,D,Gustav,Gustav Forsling,Forsling,10.55797101,69,5400,FLA@DET,FLA,DET,,,,,,D/UTIL
3085242732,88202-263304502,$300 Mon NHL Five Hole (150 Entries Max),88202-103240,88202-8595,88202-43028,88202-70904,88202-79865,88202-8406,88202-97129,88202-74076,88202-12163,,88202-70199:Devon Toews,88202-70199,D,Devon,Devon Toews,Toews,10.93636345,66,5400,CHI@COL,COL,CHI,,,,,,D/UTIL
3085242733,88202-263304502,$300 Mon NHL Five Hole (150 Entries Max),88202-113289,88202-58331,88202-142018,88202-73885,88202-113276,88202-79846,88202-8595,88202-85571,88202-82094,,88202-42922:Dominik Kubalik,88202-42922,W,Dominik,Dominik Kubalik,Kubalik,10.00597051,67,5400,FLA@DET,DET,FLA,,,,,,W/UTIL
3085242734,88202-263304502,$300 Mon NHL Five Hole (150 Entries Max),88202-142017,88202-40036,88202-55375,88202-66756,88202-9036,88202-97129,88202-58331,88202-74076,88202-12163,,88202-15277:Phillip Danault,88202-15277,C,Phillip,Phillip Danault,Danault,11.27999965,70,5400,CGY@LA,LA,CGY,,,,,,C/UTIL
3085242735,88202-263304502,$300 Mon NHL Five Hole (150 Entries Max),88202-152882,88202-97140,88202-12609,88202-21755,88202-14456,88202-8608,88202-70904,88202-9092,88202-54028,,88202-54477:Bryan Rust,88202-54477,W,Bryan,Bryan Rust,Rust,10.38970588,68,5300,OTT@PIT,PIT,OTT,,,,,,W/UTIL
3085242736,88202-263304502,$300 Mon NHL Five Hole (150 Entries Max),88202-103276,88202-58331,88202-21686,88202-21755,88202-103445,88202-113276,88202-8594,88202-8640,88202-42868,,88202-107994:Eetu Luostarinen,88202-107994,W,Eetu,Eetu Luostarinen,Luostarinen,8.908695829,69,5200,FLA@DET,FLA,DET,,,,,,W/UTIL
3085242737,88202-263304502,$300 Mon NHL Five Hole (150 Entries Max),88202-146132,88202-62788,88202-142018,88202-66600,88202-70914,88202-8608,88202-9189,88202-8640,88202-82094,,88202-113272:Bowen Byram,88202-113272,D,Bowen,Bowen Byram,Byram,10.0799998,30,5200,CHI@COL,COL,CHI,,,,,,D/UTIL
3085242738,88202-263304502,$300 Mon NHL Five Hole (150 Entries Max),88202-40036,88202-62788,88202-142018,88202-43212,88202-8410,88202-8608,88202-8595,88202-9269,88202-82094,,88202-73909:Samuel Girard,88202-73909,D,Samuel,Samuel Girard,Girard,9.288710071,62,5100,CHI@COL,COL,CHI,,,,,,D/UTIL
3085242739,88202-263304502,$300 Mon NHL Five Hole (150 Entries Max),88202-62788,88202-82114,88202-12609,88202-142018,88202-12291,88202-8608,88202-9189,88202-15269,88202-82094,,88202-64101:Noah Hanifin,88202-64101,D,Noah,Noah Hanifin,Hanifin,10.19420325,69,5100,CGY@LA,CGY,LA,,,,,,D/UTIL
3085242740,88202-263304502,$300 Mon NHL Five Hole (150 Entries Max),88202-142017,88202-146132,88202-82120,88202-9092,88202-14456,88202-8608,88202-40036,88202-41390,88202-82094,,88202-15217:Jonathan Huberdeau,88202-15217,W,Jonathan,Jonathan Huberdeau,Huberdeau,9.577612122,67,5100,CGY@LA,CGY,LA,,,,,,W/UTIL
3085242741,88202-263304502,$300 Mon NHL Five Hole (150 Entries Max),88202-142016,88202-41393,88202-21755,88202-62429,88202-12613,88202-60674,88202-58331,88202-74112,88202-82094,,88202-79877:Jake Walman,88202-79877,D,Jake,Jake Walman,Walman,9.365305998,49,5000,FLA@DET,DET,FLA,,,,,,D/UTIL
3085242742,88202-263304502,$300 Mon NHL Five Hole (150 Entries Max),88202-41393,88202-58331,88202-21755,88202-66754,88202-14456,88202-42910,88202-9189,88202-8640,88202-42868,,88202-66600:Blake Coleman,88202-66600,W,Blake,Blake Coleman,Coleman,9.302857317,70,5000,CGY@LA,CGY,LA,,,,,,W/UTIL
3085242743,88202-263304502,$300 Mon NHL Five Hole (150 Entries Max),88202-142017,88202-146132,88202-14563,88202-97147,88202-81968,88202-8608,88202-97129,88202-97240,88202-82094,,88202-8254:Jonathan Toews,88202-8254,C,Jonathan,Jonathan Toews,Toews,9.71956535,46,5000,CHI@COL,CHI,COL,IR,Illness,,,,C/UTIL
3085242744,88202-263304502,$300 Mon NHL Five Hole (150 Entries Max),88202-41393,88202-8594,88202-43028,88202-66754,88202-74127,88202-97129,88202-9269,88202-66756,88202-42868,,88202-74155:Taylor Raddysh,88202-74155,W,Taylor,Taylor Raddysh,Raddysh,8.442028986,69,4900,CHI@COL,CHI,COL,,,,,,W/UTIL
3085242745,88202-263304502,$300 Mon NHL Five Hole (150 Entries Max),88202-103240,88202-142016,88202-142018,88202-82190,88202-79865,88202-8608,88202-142017,88202-97147,88202-82094,,88202-58883:Robby Fabbri,88202-58883,W,Robby,Robby Fabbri,Fabbri,8.571428571,28,4900,FLA@DET,DET,FLA,DTD,Lower body,,,,W/UTIL
3085242746,88202-263304502,$300 Mon NHL Five Hole (150 Entries Max),88202-58332,88202-70279,88202-15269,88202-43212,88202-113276,88202-8608,88202-8394,88202-8640,88202-54028,,88202-142019:Jake Sanderson,88202-142019,D,Jake,Jake Sanderson,Sanderson,9.267187119,64,4900,OTT@PIT,OTT,PIT,,,,,,D/UTIL
3085242747,88202-263304502,$300 Mon NHL Five Hole (150 Entries Max),88202-142017,88202-146132,88202-14563,88202-21686,88202-142019,88202-8608,88202-54477,88202-73981,88202-82094,,88202-79865:Matt Roy,88202-79865,D,Matt,Matt Roy,Roy,9.097142683,70,4900,CGY@LA,LA,CGY,,,,,,D/UTIL
3085243105,88202-263307544,20-Player Contest ($5 - Top 3 Win),88202-142016,88202-41391,88202-62429,88202-97153,88202-8551,88202-97129,88202-58332,88202-70279,88202-12163,,88202-13612:Tyler Johnson,88202-13612,W,Tyler,Tyler Johnson,Johnson,9.569767442,43,4800,CHI@COL,CHI,COL,,,,,,W/UTIL
3085243400,88202-263307566,100-Player Contest ($1 - Top 12 Win),88202-142016,88202-41391,88202-62429,88202-97153,88202-8551,88202-97129,88202-58332,88202-70279,88202-12163,,88202-142018:Lucas Raymond,88202-142018,W,Lucas,Lucas Raymond,Raymond,9.581667074,60,4800,FLA@DET,DET,FLA,,,,,,W/UTIL
3085243585,88202-263304603,$300 Mon NHL Big $5 Double Up (Top 30 Win),88202-142016,88202-41391,88202-62429,88202-97153,88202-8551,88202-97129,88202-58332,88202-70279,88202-12163,,88202-97022:Philipp Kurashev,88202-97022,C,Philipp,Philipp Kurashev,Kurashev,7.029411765,68,4800,CHI@COL,CHI,COL,,,,,,C/UTIL
3085243586,88202-263304603,$300 Mon NHL Big $5 Double Up (Top 30 Win),88202-142016,88202-41391,88202-62429,88202-97153,88202-8551,88202-97129,88202-58332,88202-70279,88202-12163,,88202-43139:Andreas Athanasiou,88202-43139,W,Andreas,Andreas Athanasiou,Athanasiou,7.982352762,68,4700,CHI@COL,CHI,COL,,,,,,W/UTIL
3085243610,88202-263304595,$300 Mon NHL Big $2 Double Up (Top 75 Win),88202-142016,88202-41391,88202-62429,88202-97153,88202-8551,88202-97129,88202-58332,88202-70279,88202-12163,,88202-178155:Cole Guttman,88202-178155,C,Cole,Cole Guttman,Guttman,8.457142966,14,4700,CHI@COL,CHI,COL,O,Shoulder,,,,C/UTIL
3085243611,88202-263304595,$300 Mon NHL Big $2 Double Up (Top 75 Win),88202-142016,88202-41391,88202-62429,88202-97153,88202-8551,88202-97129,88202-58332,88202-70279,88202-12163,,88202-117093:Arthur Kaliyev,88202-117093,W,Arthur,Arthur Kaliyev,Kaliyev,9.029787104,47,4600,CGY@LA,LA,CGY,,,,,,W/UTIL
3085243612,88202-263304595,$300 Mon NHL Big $2 Double Up (Top 75 Win),88202-142016,88202-41391,88202-62429,88202-97153,88202-8551,88202-97129,88202-58332,88202-70279,88202-12163,,88202-13742:Ben Chiarot,88202-13742,D,Ben,Ben Chiarot,Chiarot,8.489552057,67,4600,FLA@DET,DET,FLA,O,Undisclosed,,,,D/UTIL
3085243613,88202-263304595,$300 Mon NHL Big $2 Double Up (Top 75 Win),88202-142016,88202-41391,88202-62429,88202-97153,88202-8551,88202-97129,88202-58332,88202-70279,88202-12163,,88202-23041:Mikael Granlund,88202-23041,C,Mikael,Mikael Granlund,Granlund,8.721211751,66,4500,OTT@PIT,PIT,OTT,,,,,,C/UTIL
3085243614,88202-263304595,$300 Mon NHL Big $2 Double Up (Top 75 Win),88202-142016,88202-41391,88202-62429,88202-97153,88202-8551,88202-97129,88202-58332,88202-70279,88202-12163,,88202-62157:Andrew Copp,88202-62157,C,Andrew,Andrew Copp,Copp,8.011764526,68,4500,FLA@DET,DET,FLA,,,,,,C/UTIL
3085243687,88202-263311501,H2H vs cicima6709,88202-142016,88202-41391,88202-62429,88202-97153,88202-8551,88202-97129,88202-58332,88202-70279,88202-12163,,88202-9036:Travis Hamonic,88202-9036,D,Travis,Travis Hamonic,Hamonic,8.38840562,69,4500,OTT@PIT,OTT,PIT,,,,,,D/UTIL
,,,,,,,,,,,,,88202-153812:Lukas Reichel,88202-153812,W,Lukas,Lukas Reichel,Reichel,9.330769466,13,4400,CHI@COL,CHI,COL,,,,,,W/UTIL
,,,,,,,,,,,,,88202-62923:Marcus Pettersson,88202-62923,D,Marcus,Marcus Pettersson,Pettersson,8.298507463,67,4400,OTT@PIT,PIT,OTT,DTD,Lower body,,,,D/UTIL
,,,,,,,,,,,,,88202-54822:Jason Dickinson,88202-54822,C,Jason,Jason Dickinson,Dickinson,7.521538368,65,4400,CHI@COL,CHI,COL,,,,,,C/UTIL
,,,,,,,,,,,,,88202-148186:Shane Pinto,88202-148186,C,Shane,Shane Pinto,Pinto,8.352173736,69,4400,OTT@PIT,OTT,PIT,,,,,,C/UTIL
,,,,,,,,,,,,,88202-43042:MacKenzie Weegar,88202-43042,D,MacKenzie,MacKenzie Weegar,Weegar,8.140579887,69,4300,CGY@LA,CGY,LA,,,,,,D/UTIL
,,,,,,,,,,,,,88202-82993:Joey Anderson,88202-82993,W,Joey,Joey Anderson,Anderson,5.727999878,25,4300,CHI@COL,CHI,COL,,,,,,W/UTIL
,,,,,,,,,,,,,88202-8294:Derick Brassard,88202-8294,C,Derick,Derick Brassard,Brassard,6.456140351,57,4300,OTT@PIT,OTT,PIT,,,,,,C/UTIL
,,,,,,,,,,,,,88202-74086:Dillon Dube,88202-74086,W,Dillon,Dillon Dube,Dube,8.95428554,70,4300,CGY@LA,CGY,LA,,,,,,W/UTIL
,,,,,,,,,,,,,88202-21926:Brian Dumoulin,88202-21926,D,Brian,Brian Dumoulin,Dumoulin,6.400000088,69,4300,OTT@PIT,PIT,OTT,,,,,,D/UTIL
,,,,,,,,,,,,,88202-58891:Kevin Labanc,88202-58891,W,Kevin,Kevin Labanc,Labanc,8.025,60,4300,SJ@EDM,SJ,EDM,,,,,,W/UTIL
,,,,,,,,,,,,,88202-97129:Evan Bouchard,88202-97129,D,Evan,Evan Bouchard,Bouchard,8.177143206,70,4300,SJ@EDM,EDM,SJ,,,,,,D/UTIL
,,,,,,,,,,,,,88202-103276:Blake Lizotte,88202-103276,C,Blake,Blake Lizotte,Lizotte,6.937142944,70,4300,CGY@LA,LA,CGY,,,,,,C/UTIL
,,,,,,,,,,,,,88202-97184:Josh Norris,88202-97184,C,Josh,Josh Norris,Norris,8.199999809,8,4300,OTT@PIT,OTT,PIT,IR,Shoulder,,,,C/UTIL
,,,,,,,,,,,,,88202-14456:Mattias Ekholm,88202-14456,D,Mattias,Mattias Ekholm,Ekholm,8.393939394,66,4200,SJ@EDM,EDM,SJ,,,,,,D/UTIL
,,,,,,,,,,,,,88202-82051:Michael Rasmussen,88202-82051,C,Michael,Michael Rasmussen,Rasmussen,8.450000105,58,4200,FLA@DET,DET,FLA,IR,Knee,,,,C/UTIL
,,,,,,,,,,,,,88202-66716:Mathieu Joseph,88202-66716,W,Mathieu,Mathieu Joseph,Joseph,5.919149196,47,4200,OTT@PIT,OTT,PIT,O,Lower body,,,,W/UTIL
,,,,,,,,,,,,,88202-66756:Andrew Mangiapane,88202-66756,W,Andrew,Andrew Mangiapane,Mangiapane,8.768571254,70,4200,CGY@LA,CGY,LA,,,,,,W/UTIL
,,,,,,,,,,,,,88202-152882:Anton Lundell,88202-152882,C,Anton,Anton Lundell,Lundell,8.60166626,60,4200,FLA@DET,FLA,DET,,,,,,C/UTIL
,,,,,,,,,,,,,88202-12613:Radko Gudas,88202-12613,D,Radko,Radko Gudas,Gudas,7.077966205,59,4200,FLA@DET,FLA,DET,,,,,,D/UTIL
,,,,,,,,,,,,,88202-39249:Nick Bjugstad,88202-39249,C,Nick,Nick Bjugstad,Bjugstad,7.831818552,66,4200,SJ@EDM,EDM,SJ,,,,,,C/UTIL
,,,,,,,,,,,,,88202-148101:Alex Newhook,88202-148101,C,Alex,Alex Newhook,Newhook,6.826470768,68,4200,CHI@COL,COL,CHI,,,,,,C/UTIL
,,,,,,,,,,,,,88202-151490:Jonatan Berggren,88202-151490,W,Jonatan,Jonatan Berggren,Berggren,7.169811321,53,4200,FLA@DET,DET,FLA,,,,,,W/UTIL
,,,,,,,,,,,,,88202-8234:Eric Staal,88202-8234,C,Eric,Eric Staal,Staal,7.346666463,60,4100,FLA@DET,FLA,DET,,,,,,C/UTIL
,,,,,,,,,,,,,88202-74076:Warren Foegele,88202-74076,W,Warren,Warren Foegele,Foegele,7.62909102,55,4100,SJ@EDM,EDM,SJ,,,,,,W/UTIL
,,,,,,,,,,,,,88202-74127:Matt Benning,88202-74127,D,Matt,Matt Benning,Benning,6.566176471,68,4100,SJ@EDM,SJ,EDM,,,,,,D/UTIL
,,,,,,,,,,,,,88202-21935:Connor Murphy,88202-21935,D,Connor,Connor Murphy,Murphy,6.155223789,67,4100,CHI@COL,CHI,COL,,,,,,D/UTIL
,,,,,,,,,,,,,88202-8956:Michael Stone,88202-8956,D,Michael,Michael Stone,Stone,7.100000133,46,4100,CGY@LA,CGY,LA,IR,Lower body,,,,D/UTIL
,,,,,,,,,,,,,88202-12291:Chris Tanev,88202-12291,D,Chris,Chris Tanev,Tanev,6.795000203,60,4000,CGY@LA,CGY,LA,,,,,,D/UTIL
,,,,,,,,,,,,,88202-103445:Vladislav Gavrikov,88202-103445,D,Vladislav,Vladislav Gavrikov,Gavrikov,6.806666565,60,4000,CGY@LA,LA,CGY,,,,,,D/UTIL
,,,,,,,,,,,,,88202-14697:Gabriel Landeskog,88202-14697,W,Gabriel,Gabriel Landeskog,Landeskog,17.50985847,71,4000,CHI@COL,COL,CHI,IR,Knee,,,,W/UTIL
,,,,,,,,,,,,,88202-8555:Jeff Carter,88202-8555,C,Jeff,Jeff Carter,Carter,7.151470409,68,4000,OTT@PIT,PIT,OTT,,,,,,C/UTIL
,,,,,,,,,,,,,88202-10842:Nick Holden,88202-10842,D,Nick,Nick Holden,Holden,5.57857132,56,4000,OTT@PIT,OTT,PIT,,,,,,D/UTIL
,,,,,,,,,,,,,88202-8878:Dmitry Kulikov,88202-8878,D,Dmitry,Dmitry Kulikov,Kulikov,6.806153752,65,4000,OTT@PIT,PIT,OTT,IR,Lower body,,,,D/UTIL
,,,,,,,,,,,,,88202-54194:Josh Manson,88202-54194,D,Josh,Josh Manson,Manson,8.118518405,27,4000,CHI@COL,COL,CHI,O,Lower body,,,,D/UTIL
,,,,,,,,,,,,,88202-15307:Nick Cousins,88202-15307,C,Nick,Nick Cousins,Cousins,5.959420467,69,4000,FLA@DET,FLA,DET,,,,,,C/UTIL
,,,,,,,,,,,,,88202-42962:Brett Kulak,88202-42962,D,Brett,Brett Kulak,Kulak,6.737142944,70,4000,SJ@EDM,EDM,SJ,,,,,,D/UTIL
,,,,,,,,,,,,,88202-84116:Erik Brannstrom,88202-84116,D,Erik,Erik Brannstrom,Brannstrom,5.363934626,61,3900,OTT@PIT,OTT,PIT,,,,,,D/UTIL
,,,,,,,,,,,,,88202-82076:Jacob MacDonald,88202-82076,D,Jacob,Jacob MacDonald,MacDonald,3.86938788,49,3900,SJ@EDM,SJ,EDM,O,Upper body,,,,D/UTIL
,,,,,,,,,,,,,88202-43212:Adam Erne,88202-43212,W,Adam,Adam Erne,Erne,6.094117408,51,3900,FLA@DET,DET,FLA,,,,,,W/UTIL
,,,,,,,,,,,,,88202-117058:Jakob Pelletier,88202-117058,W,Jakob,Jakob Pelletier,Pelletier,7.304545316,22,3900,CGY@LA,CGY,LA,,,,,,W/UTIL
,,,,,,,,,,,,,88202-103753:Mikey Anderson,88202-103753,D,Mikey,Mikey Anderson,Anderson,6.839999826,70,3900,CGY@LA,LA,CGY,,,,,,D/UTIL
,,,,,,,,,,,,,88202-12727:Jarred Tinordi,88202-12727,D,Jarred,Jarred Tinordi,Tinordi,5.60000008,38,3900,CHI@COL,CHI,COL,,,,,,D/UTIL
,,,,,,,,,,,,,88202-85571:Filip Zadina,88202-85571,W,Filip,Filip Zadina,Zadina,5.392592819,27,3900,FLA@DET,DET,FLA,,,,,,W/UTIL
,,,,,,,,,,,,,88202-97128:Ryan McLeod,88202-97128,C,Ryan,Ryan McLeod,McLeod,6.814545233,55,3900,SJ@EDM,EDM,SJ,O,Upper body,,,,C/UTIL
,,,,,,,,,,,,,88202-37883:Cody Ceci,88202-37883,D,Cody,Cody Ceci,Ceci,5.725714111,70,3900,SJ@EDM,EDM,SJ,,,,,,D/UTIL
,,,,,,,,,,,,,88202-66636:Caleb Jones,88202-66636,D,Caleb,Caleb Jones,Jones,6.459016393,61,3800,CHI@COL,CHI,COL,,,,,,D/UTIL
,,,,,,,,,,,,,88202-73981:Denis Malgin,88202-73981,W,Denis,Denis Malgin,Malgin,5.579629404,54,3800,CHI@COL,COL,CHI,,,,,,W/UTIL
,,,,,,,,,,,,,88202-70128:Danton Heinen,88202-70128,W,Danton,Danton Heinen,Heinen,6.111538227,52,3800,OTT@PIT,PIT,OTT,,,,,,W/UTIL
,,,,,,,,,,,,,88202-103936:Mario Ferraro,88202-103936,D,Mario,Mario Ferraro,Ferraro,6.128333537,60,3800,SJ@EDM,SJ,EDM,,,,,,D/UTIL
,,,,,,,,,,,,,88202-70169:Troy Stecher,88202-70169,D,Troy,Troy Stecher,Stecher,4.660869654,69,3800,CGY@LA,CGY,LA,,,,,,D/UTIL
,,,,,,,,,,,,,88202-80481:Anders Bjork,88202-80481,W,Anders,Anders Bjork,Bjork,7.359999847,5,3800,CHI@COL,CHI,COL,O,Undisclosed,,,,W/UTIL
,,,,,,,,,,,,,88202-142016:Quinton Byfield,88202-142016,C,Quinton,Quinton Byfield,Byfield,6.073333062,45,3800,CGY@LA,LA,CGY,,,,,,C/UTIL
,,,,,,,,,,,,,88202-103262:Nico Sturm,88202-103262,C,Nico,Nico Sturm,Sturm,7.399999803,62,3800,SJ@EDM,SJ,EDM,,,,,,C/UTIL
,,,,,,,,,,,,,88202-42862:Olli Maatta,88202-42862,D,Olli,Olli Maatta,Maatta,6.737500191,64,3800,FLA@DET,DET,FLA,,,,,,D/UTIL
,,,,,,,,,,,,,88202-11122:Nick Bonino,88202-11122,W,Nick,Nick Bonino,Bonino,7.2578125,64,3800,OTT@PIT,PIT,OTT,IR,Abdomen,,,,W/UTIL
,,,,,,,,,,,,,88202-42994:Nikita Zadorov,88202-42994,D,Nikita,Nikita Zadorov,Zadorov,6.167143032,70,3800,CGY@LA,CGY,LA,,,,,,D/UTIL
,,,,,,,,,,,,,88202-81981:Klim Kostin,88202-81981,W,Klim,Klim Kostin,Kostin,6.293333605,45,3700,SJ@EDM,EDM,SJ,,,,,,W/UTIL
,,,,,,,,,,,,,88202-82029:Sean Walker,88202-82029,D,Sean,Sean Walker,Walker,6.229508197,61,3700,CGY@LA,LA,CGY,,,,,,D/UTIL
,,,,,,,,,,,,,88202-66677:Steven Lorentz,88202-66677,W,Steven,Steven Lorentz,Lorentz,5.082353031,68,3700,SJ@EDM,SJ,EDM,,,,,,W/UTIL
,,,,,,,,,,,,,88202-66754:Ryan Lomberg,88202-66754,W,Ryan,Ryan Lomberg,Lomberg,5.379710322,69,3700,FLA@DET,FLA,DET,,,,,,W/UTIL
,,,,,,,,,,,,,88202-82120:Kailer Yamamoto,88202-82120,W,Kailer,Kailer Yamamoto,Yamamoto,7.260869565,46,3700,SJ@EDM,EDM,SJ,,,,,,W/UTIL
,,,,,,,,,,,,,88202-58685:Josh Archibald,88202-58685,W,Josh,Josh Archibald,Archibald,4.463999939,50,3700,OTT@PIT,PIT,OTT,,,,,,W/UTIL
,,,,,,,,,,,,,88202-39234:Matt Nieto,88202-39234,W,Matt,Matt Nieto,Nieto,6.192537222,67,3700,CHI@COL,COL,CHI,,,,,,W/UTIL
,,,,,,,,,,,,,88202-8528:Marc Staal,88202-8528,D,Marc,Marc Staal,Staal,4.997101272,69,3700,FLA@DET,FLA,DET,,,,,,D/UTIL
,,,,,,,,,,,,,88202-74079:Josh Mahura,88202-74079,D,Josh,Josh Mahura,Mahura,4.869565217,69,3700,FLA@DET,FLA,DET,,,,,,D/UTIL
,,,,,,,,,,,,,88202-135677:Ian Mitchell,88202-135677,D,Ian,Ian Mitchell,Mitchell,5.175862279,29,3700,CHI@COL,CHI,COL,,,,,,D/UTIL
,,,,,,,,,,,,,88202-146132:Ridly Greig,88202-146132,C,Ridly,Ridly Greig,Greig,5.592307458,13,3700,OTT@PIT,OTT,PIT,,,,,,C/UTIL
,,,,,,,,,,,,,88202-70375:Nikita Zaitsev,88202-70375,D,Nikita,Nikita Zaitsev,Zaitsev,4.021621704,37,3700,CHI@COL,CHI,COL,,,,,,D/UTIL
,,,,,,,,,,,,,88202-42863:Derrick Pouliot,88202-42863,D,Derrick,Derrick Pouliot,Pouliot,4.53333346,6,3700,SJ@EDM,SJ,EDM,,,,,,D/UTIL
,,,,,,,,,,,,,88202-59269:Robert Hagg,88202-59269,D,Robert,Robert Hagg,Hagg,5.399999891,28,3700,FLA@DET,DET,FLA,,,,,,D/UTIL
,,,,,,,,,,,,,88202-42906:Jujhar Khaira,88202-42906,W,Jujhar,Jujhar Khaira,Khaira,5.380487954,41,3700,CHI@COL,CHI,COL,,,,,,W/UTIL
,,,,,,,,,,,,,88202-97240:Fabian Zetterlund,88202-97240,W,Fabian,Fabian Zetterlund,Zetterlund,6.769642966,56,3700,SJ@EDM,SJ,EDM,,,,,,W/UTIL
,,,,,,,,,,,,,88202-39972:Kurtis MacDermid,88202-39972,D,Kurtis,Kurtis MacDermid,MacDermid,2.568421012,38,3600,CHI@COL,COL,CHI,DTD,Lower body,,,,D/UTIL
,,,,,,,,,,,,,88202-81968:Pierre-Olivier Joseph,88202-81968,D,Pierre-Olivier,Pierre-Olivier Joseph,Joseph,5.649999803,62,3600,OTT@PIT,PIT,OTT,,,,,,D/UTIL
,,,,,,,,,,,,,88202-82026:Jaret Anderson-Dolan,88202-82026,C,Jaret,Jaret Anderson-Dolan,Anderson-Dolan,5.523913176,46,3600,CGY@LA,LA,CGY,,,,,,C/UTIL
,,,,,,,,,,,,,88202-54457:Jordan Oesterle,88202-54457,D,Jordan,Jordan Oesterle,Oesterle,4.695652174,46,3600,FLA@DET,DET,FLA,,,,,,D/UTIL
,,,,,,,,,,,,,88202-8410:Jack Johnson,88202-8410,D,Jack,Jack Johnson,Johnson,4.765217214,69,3600,CHI@COL,COL,CHI,,,,,,D/UTIL
,,,,,,,,,,,,,88202-148701:Dylan Holloway,88202-148701,W,Dylan,Dylan Holloway,Holloway,3.396226415,53,3600,SJ@EDM,EDM,SJ,O,Undisclosed,,,,W/UTIL
,,,,,,,,,,,,,88202-60686:Mattias Janmark,88202-60686,W,Mattias,Mattias Janmark,Janmark,6.392592819,54,3600,SJ@EDM,EDM,SJ,,,,,,W/UTIL
,,,,,,,,,,,,,88202-82193:Pius Suter,88202-82193,C,Pius,Pius Suter,Suter,6.043076735,65,3600,FLA@DET,DET,FLA,,,,,,C/UTIL
,,,,,,,,,,,,,88202-117092:Jordan Spence,88202-117092,D,Jordan,Jordan Spence,Spence,4.479999924,5,3600,CGY@LA,LA,CGY,,,,,,D/UTIL
,,,,,,,,,,,,,88202-117109:Nikita Okhotiuk,88202-117109,D,Nikita,Nikita Okhotiuk,Okhotiuk,3.6,10,3600,SJ@EDM,SJ,EDM,,,,,,D/UTIL
,,,,,,,,,,,,,88202-39309:Chad Ruhwedel,88202-39309,D,Chad,Chad Ruhwedel,Ruhwedel,3.504761832,42,3600,OTT@PIT,PIT,OTT,,,,,,D/UTIL
,,,,,,,,,,,,,88202-74153:Boris Katchouk,88202-74153,W,Boris,Boris Katchouk,Katchouk,4.408888753,45,3600,CHI@COL,CHI,COL,,,,,,W/UTIL
,,,,,,,,,,,,,88202-8628:Marc-Edouard Vlasic,88202-8628,D,Marc-Edouard,Marc-Edouard Vlasic,Vlasic,5.83188397,69,3600,SJ@EDM,SJ,EDM,,,,,,D/UTIL
,,,,,,,,,,,,,88202-84410:Gustav Lindstrom,88202-84410,D,Gustav,Gustav Lindstrom,Lindstrom,4.026666768,30,3600,FLA@DET,DET,FLA,DTD,Undisclosed,,,,D/UTIL
,,,,,,,,,,,,,88202-12744:Mark Pysyk,88202-12744,D,Mark,Mark Pysyk,Pysyk,5.094117557,68,3600,FLA@DET,DET,FLA,IR,Achilles,,,,D/UTIL
,,,,,,,,,,,,,88202-62927:Derek Ryan,88202-62927,C,Derek,Derek Ryan,Ryan,5.582353031,68,3600,SJ@EDM,EDM,SJ,,,,,,C/UTIL
,,,,,,,,,,,,,88202-135674:Artem Zub,88202-135674,D,Artem,Artem Zub,Zub,5.220000076,40,3600,OTT@PIT,OTT,PIT,,,,,,D/UTIL
,,,,,,,,,,,,,88202-8709:Alexander Edler,88202-8709,D,Alexander,Alexander Edler,Edler,5.517241379,58,3600,CGY@LA,LA,CGY,,,,,,D/UTIL
,,,,,,,,,,,,,88202-80444:Radim Simek,88202-80444,D,Radim,Radim Simek,Simek,4.917646969,34,3600,SJ@EDM,SJ,EDM,O,Concussion,,,,D/UTIL
,,,,,,,,,,,,,88202-113270:Philip Broberg,88202-113270,D,Philip,Philip Broberg,Broberg,3.8564101,39,3600,SJ@EDM,EDM,SJ,,,,,,D/UTIL
,,,,,,,,,,,,,88202-113273:Tobias Bjornfot,88202-113273,D,Tobias,Tobias Bjornfot,Bjornfot,4.599999905,8,3600,CGY@LA,LA,CGY,,,,,,D/UTIL
,,,,,,,,,,,,,88202-148102:Isaak Phillips,88202-148102,D,Isaak,Isaak Phillips,Phillips,4.949999809,16,3600,CHI@COL,CHI,COL,,,,,,D/UTIL
,,,,,,,,,,,,,88202-80561:Jan Rutta,88202-80561,D,Jan,Jan Rutta,Rutta,5.509433962,53,3600,OTT@PIT,PIT,OTT,DTD,Undisclosed,,,,D/UTIL
,,,,,,,,,,,,,88202-59117:Nick Ritchie,88202-59117,W,Nick,Nick Ritchie,Ritchie,6.822222028,63,3600,CGY@LA,CGY,LA,,,,,,W/UTIL
,,,,,,,,,,,,,88202-103212:Casey Fitzgerald,88202-103212,D,Casey,Casey Fitzgerald,Fitzgerald,2.461538462,26,3600,FLA@DET,FLA,DET,,,,,,D/UTIL
,,,,,,,,,,,,,88202-148401:Walker Duehr,88202-148401,W,Walker,Walker Duehr,Duehr,6.494117737,17,3600,CGY@LA,CGY,LA,,,,,,W/UTIL
,,,,,,,,,,,,,88202-97213:Ty Smith,88202-97213,D,Ty,Ty Smith,Smith,9.677777608,9,3600,OTT@PIT,PIT,OTT,,,,,,D/UTIL
,,,,,,,,,,,,,88202-79846:Mark Friedman,88202-79846,D,Mark,Mark Friedman,Friedman,5,12,3600,OTT@PIT,PIT,OTT,,,,,,D/UTIL
,,,,,,,,,,,,,88202-9230:Cameron Gaunce,88202-9230,D,Cameron,Cameron Gaunce,Gaunce,,,3500,CGY@LA,LA,CGY,,,,,,D/UTIL
,,,,,,,,,,,,,88202-38933:Slater Koekkoek,88202-38933,D,Slater,Slater Koekkoek,Koekkoek,3.920000076,20,3500,SJ@EDM,EDM,SJ,,,,,,D/UTIL
,,,,,,,,,,,,,88202-81972:MacKenzie Entwistle,88202-81972,W,MacKenzie,MacKenzie Entwistle,Entwistle,3.461110998,54,3500,CHI@COL,CHI,COL,,,,,,W/UTIL
,,,,,,,,,,,,,88202-68663:Andy Welinski,88202-68663,D,Andy,Andy Welinski,Welinski,,,3500,CHI@COL,CHI,COL,,,,,,D/UTIL
,,,,,,,,,,,,,88202-183352:Wyatt Kaiser,88202-183352,D,Wyatt,Wyatt Kaiser,Kaiser,1.600000024,1,3500,CHI@COL,CHI,COL,,,,,,D/UTIL
,,,,,,,,,,,,,88202-167002:Alex Vlasic,88202-167002,D,Alex,Alex Vlasic,Vlasic,4.320000203,15,3500,CHI@COL,CHI,COL,,,,,,D/UTIL
,,,,,,,,,,,,,88202-79965:Carl Grundstrom,88202-79965,W,Carl,Carl Grundstrom,Grundstrom,6.322222222,45,3500,CGY@LA,LA,CGY,,,,,,W/UTIL
,,,,,,,,,,,,,88202-66689:Oliver Kylington,88202-66689,D,Oliver,Oliver Kylington,Kylington,8.394117647,85,3500,CGY@LA,CGY,LA,IR,Personal,,,,D/UTIL
,,,,,,,,,,,,,88202-180352:Angus Booth,88202-180352,D,Angus,Angus Booth,Booth,,,3500,CGY@LA,LA,CGY,,,,,,D/UTIL
,,,,,,,,,,,,,88202-180353:Marc Lajoie,88202-180353,D,Marc,Marc Lajoie,Lajoie,,,3500,CGY@LA,LA,CGY,,,,,,D/UTIL
,,,,,,,,,,,,,88202-66741:Nicolas Meloche,88202-66741,D,Nicolas,Nicolas Meloche,Meloche,4.2,50,3500,CGY@LA,CGY,LA,,,,,,D/UTIL
,,,,,,,,,,,,,88202-73913:Cam Dineen,88202-73913,D,Cam,Cam Dineen,Dineen,5.515789634,38,3500,SJ@EDM,EDM,SJ,,,,,,D/UTIL
,,,,,,,,,,,,,88202-152815:Helge Grans,88202-152815,D,Helge,Helge Grans,Grans,,,3500,CGY@LA,LA,CGY,,,,,,D/UTIL
,,,,,,,,,,,,,88202-73972:Noah Gregor,88202-73972,W,Noah,Noah Gregor,Gregor,5.719148676,47,3500,SJ@EDM,SJ,EDM,,,,,,W/UTIL
,,,,,,,,,,,,,88202-54518:Patrick Brown,88202-54518,W,Patrick,Patrick Brown,Brown,4.524999936,48,3500,OTT@PIT,OTT,PIT,,,,,,W/UTIL
,,,,,,,,,,,,,88202-73990:Zack MacEwen,88202-73990,W,Zack,Zack MacEwen,MacEwen,4.734693878,49,3500,CGY@LA,LA,CGY,,,,,,W/UTIL
,,,,,,,,,,,,,88202-162081:Tobie Bisson,88202-162081,D,Tobie,Tobie Bisson,Bisson,,,3500,CGY@LA,LA,CGY,,,,,,D/UTIL
,,,,,,,,,,,,,88202-149829:Jakub Galvas,88202-149829,D,Jakub,Jakub Galvas,Galvas,4.53333346,6,3500,CHI@COL,CHI,COL,,,,,,D/UTIL
,,,,,,,,,,,,,88202-74096:Jacob Moverare,88202-74096,D,Jacob,Jacob Moverare,Moverare,8,2,3500,CGY@LA,LA,CGY,,,,,,D/UTIL
,,,,,,,,,,,,,88202-159098:Brandt Clarke,88202-159098,D,Brandt,Brandt Clarke,Clarke,5.136363636,11,3500,CGY@LA,LA,CGY,,,,,,D/UTIL
,,,,,,,,,,,,,88202-167291:Tyler Inamoto,88202-167291,D,Tyler,Tyler Inamoto,Inamoto,,,3500,CGY@LA,LA,CGY,,,,,,D/UTIL
,,,,,,,,,,,,,88202-168321:Kim Nousiainen,88202-168321,D,Kim,Kim Nousiainen,Nousiainen,,,3500,CGY@LA,LA,CGY,,,,,,D/UTIL
,,,,,,,,,,,,,88202-74126:Markus Niemelainen,88202-74126,D,Markus,Markus Niemelainen,Niemelainen,2.22608699,23,3500,SJ@EDM,EDM,SJ,,,,,,D/UTIL
,,,,,,,,,,,,,88202-170402:Filip Roos,88202-170402,D,Filip,Filip Roos,Roos,4.757894817,19,3500,CHI@COL,CHI,COL,,,,,,D/UTIL
,,,,,,,,,,,,,88202-84394:Lucas Carlsson,88202-84394,D,Lucas,Lucas Carlsson,Carlsson,0.960000038,5,3500,FLA@DET,FLA,DET,,,,,,D/UTIL
,,,,,,,,,,,,,88202-8647:Erik Johnson,88202-8647,D,Erik,Erik Johnson,Johnson,6.094117408,51,3500,CHI@COL,COL,CHI,IR,Ankle,,,,D/UTIL
,,,,,,,,,,,,,88202-162278:Landon Kosior,88202-162278,D,Landon,Landon Kosior,Kosior,,,3500,CGY@LA,LA,CGY,,,,,,D/UTIL
,,,,,,,,,,,,,88202-162277:Cameron Supryka,88202-162277,D,Cameron,Cameron Supryka,Supryka,,,3500,CGY@LA,LA,CGY,,,,,,D/UTIL
,,,,,,,,,,,,,88202-117248:Jon Lizotte,88202-117248,D,Jon,Jon Lizotte,Lizotte,8,1,3500,OTT@PIT,PIT,OTT,,,,,,D/UTIL
,,,,,,,,,,,,,88202-113281:Artemi Kniazev,88202-113281,D,Artemi,Artemi Kniazev,Kniazev,1.600000024,2,3500,SJ@EDM,SJ,EDM,,,,,,D/UTIL
,,,,,,,,,,,,,88202-113283:Lassi Thomson,88202-113283,D,Lassi,Lassi Thomson,Thomson,0.800000012,2,3500,OTT@PIT,OTT,PIT,,,,,,D/UTIL
,,,,,,,,,,,,,88202-148182:Jacob Bernard-Docker,88202-148182,D,Jacob,Jacob Bernard-Docker,Bernard-Docker,5.292307927,13,3500,OTT@PIT,OTT,PIT,,,,,,D/UTIL
,,,,,,,,,,,,,88202-148183:Matt Kiersted,88202-148183,D,Matt,Matt Kiersted,Kiersted,3.314285642,21,3500,FLA@DET,FLA,DET,,,,,,D/UTIL
,,,,,,,,,,,,,88202-23286:Ryan Murray,88202-23286,D,Ryan,Ryan Murray,Murray,3.5,16,3500,SJ@EDM,EDM,SJ,IR,Back,,,,D/UTIL
,,,,,,,,,,,,,88202-9990:Lars Eller,88202-9990,C,Lars,Lars Eller,Eller,6.142857143,70,3500,CHI@COL,COL,CHI,,,,,,C/UTIL
,,,,,,,,,,,,,88202-8966:Trevor Lewis,88202-8966,W,Trevor,Trevor Lewis,Lewis,6.10428554,70,3500,CGY@LA,CGY,LA,,,,,,W/UTIL
,,,,,,,,,,,,,88202-70416:Markus Nutivaara,88202-70416,D,Markus,Markus Nutivaara,Nutivaara,8,1,3500,SJ@EDM,SJ,EDM,IR,Lower body,,,,D/UTIL
,,,,,,,,,,,,,88202-42780:Dillon Heatherington,88202-42780,D,Dillon,Dillon Heatherington,Heatherington,1.600000064,3,3500,OTT@PIT,OTT,PIT,,,,,,D/UTIL
,,,,,,,,,,,,,88202-61245:Devin Shore,88202-61245,W,Devin,Devin Shore,Shore,3.790476118,42,3500,SJ@EDM,EDM,SJ,,,,,,W/UTIL
,,,,,,,,,,,,,88202-14151:Austin Watson,88202-14151,W,Austin,Austin Watson,Watson,4.48615394,65,3500,OTT@PIT,OTT,PIT,,,,,,W/UTIL
,,,,,,,,,,,,,88202-97099:Hunter Drew,88202-97099,D,Hunter,Hunter Drew,Drew,0,2,3500,CHI@COL,CHI,COL,,,,,,D/UTIL
,,,,,,,,,,,,,88202-183140:Henry Thrun,88202-183140,D,Henry,Henry Thrun,Thrun,,,3500,SJ@EDM,SJ,EDM,,,,,,D/UTIL
,,,,,,,,,,,,,88202-97140:Joe Veleno,88202-97140,C,Joe,Joe Veleno,Veleno,4.922387878,67,3500,FLA@DET,DET,FLA,,,,,,C/UTIL
,,,,,,,,,,,,,88202-97145:Alec Regula,88202-97145,D,Alec,Alec Regula,Regula,3.2,5,3500,CHI@COL,CHI,COL,,,,,,D/UTIL
,,,,,,,,,,,,,88202-183160:Arvid Henrikson,88202-183160,D,Arvid,Arvid Henrikson,Henrikson,,,3500,SJ@EDM,SJ,EDM,,,,,,D/UTIL
,,,,,,,,,,,,,88202-97177:Kristians Rubins,88202-97177,D,Kristians,Kristians Rubins,Rubins,3.73333327,3,3500,CGY@LA,CGY,LA,,,,,,D/UTIL
,,,,,,,,,,,,,88202-42908:Brad Hunt,88202-42908,D,Brad,Brad Hunt,Hunt,3.609756098,41,3500,CHI@COL,COL,CHI,,,,,,D/UTIL
,,,,,,,,,,,,,88202-42912:Oscar Klefbom,88202-42912,D,Oscar,Oscar Klefbom,Klefbom,,,3500,SJ@EDM,EDM,SJ,IR,Shoulder,,,,D/UTIL
,,,,,,,,,,,,,88202-70565:Jacob Larsson,88202-70565,D,Jacob,Jacob Larsson,Larsson,2.285714286,7,3500,OTT@PIT,OTT,PIT,,,,,,D/UTIL
,,,,,,,,,,,,,88202-97203:Ryan Merkley,88202-97203,D,Ryan,Ryan Merkley,Merkley,3.738461617,39,3500,CHI@COL,COL,CHI,,,,,,D/UTIL
,,,,,,,,,,,,,88202-82909:Dylan Gambrell,88202-82909,C,Dylan,Dylan Gambrell,Gambrell,3.230769231,52,3500,OTT@PIT,OTT,PIT,,,,,,C/UTIL
,,,,,,,,,,,,,88202-159803:William Eklund,88202-159803,W,William,William Eklund,Eklund,8.862500191,8,3400,SJ@EDM,SJ,EDM,,,,,,W/UTIL
,,,,,,,,,,,,,88202-8357:Andrew Cogliano,88202-8357,W,Andrew,Andrew Cogliano,Cogliano,5.660606153,66,3400,CHI@COL,COL,CHI,,,,,,W/UTIL
,,,,,,,,,,,,,88202-82095:Jonah Gadjovich,88202-82095,W,Jonah,Jonah Gadjovich,Gadjovich,3.437837755,37,3400,SJ@EDM,SJ,EDM,IR,Upper body,,,,W/UTIL
,,,,,,,,,,,,,88202-82198:Mark Kastelic,88202-82198,C,Mark,Mark Kastelic,Kastelic,4.075471698,53,3400,OTT@PIT,OTT,PIT,,,,,,C/UTIL
,,,,,,,,,,,,,88202-62869:Andreas Johnsson,88202-62869,W,Andreas,Andreas Johnsson,Johnsson,4.114285605,14,3400,SJ@EDM,SJ,EDM,,,,,,W/UTIL
,,,,,,,,,,,,,88202-80475:Oskar Lindblom,88202-80475,W,Oskar,Oskar Lindblom,Lindblom,3.92499991,68,3400,SJ@EDM,SJ,EDM,,,,,,W/UTIL
,,,,,,,,,,,,,88202-62276:Austin Czarnik,88202-62276,W,Austin,Austin Czarnik,Czarnik,4,16,3400,FLA@DET,DET,FLA,,,,,,W/UTIL
,,,,,,,,,,,,,88202-103240:Ryan Poehling,88202-103240,C,Ryan,Ryan Poehling,Poehling,5.770000076,40,3400,OTT@PIT,PIT,OTT,,,,,,C/UTIL
,,,,,,,,,,,,,88202-97125:David Gust,88202-97125,W,David,David Gust,Gust,6.199999809,4,3400,CHI@COL,CHI,COL,,,,,,W/UTIL
,,,,,,,,,,,,,88202-170867:Elmer Soderblom,88202-170867,W,Elmer,Elmer Soderblom,Soderblom,7.123809814,21,3400,FLA@DET,DET,FLA,,,,,,W/UTIL
,,,,,,,,,,,,,88202-97153:Logan O'Connor,88202-97153,W,Logan,Logan O'Connor,O'Connor,6.217646879,68,3400,CHI@COL,COL,CHI,,,,,,W/UTIL
,,,,,,,,,,,,,88202-119693:Drew O'Connor,88202-119693,W,Drew,Drew O'Connor,O'Connor,5.097142683,35,3400,OTT@PIT,PIT,OTT,,,,,,W/UTIL
,,,,,,,,,,,,,88202-8178:Milan Lucic,88202-8178,W,Milan,Milan Lucic,Lucic,4.133333148,66,3400,CGY@LA,CGY,LA,,,,,,W/UTIL
,,,,,,,,,,,,,88202-66561:Evgeny Svechnikov,88202-66561,W,Evgeny,Evgeny Svechnikov,Svechnikov,5.041509664,53,3300,SJ@EDM,SJ,EDM,DTD,Undisclosed,,,,W/UTIL
,,,,,,,,,,,,,88202-79898:Colin White,88202-79898,W,Colin,Colin White,White,5.090909091,55,3300,FLA@DET,FLA,DET,,,,,,W/UTIL
,,,,,,,,,,,,,88202-8340:Darren Helm,88202-8340,W,Darren,Darren Helm,Helm,1.280000019,5,3300,CHI@COL,COL,CHI,IR,Lower body,,,,W/UTIL
,,,,,,,,,,,,,88202-82114:Adam Ruzicka,88202-82114,C,Adam,Adam Ruzicka,Ruzicka,6.75909077,44,3300,CGY@LA,CGY,LA,,,,,,C/UTIL
,,,,,,,,,,,,,88202-113289:Rasmus Kupari,88202-113289,C,Rasmus,Rasmus Kupari,Kupari,4.111111111,54,3300,CGY@LA,LA,CGY,,,,,,C/UTIL
,,,,,,,,,,,,,88202-70919:Julien Gauthier,88202-70919,W,Julien,Julien Gauthier,Gauthier,4.461538462,52,3200,OTT@PIT,OTT,PIT,,,,,,W/UTIL
,,,,,,,,,,,,,88202-82192:Parker Kelly,88202-82192,W,Parker,Parker Kelly,Kelly,3.134545344,55,3200,OTT@PIT,OTT,PIT,O,Undisclosed,,,,W/UTIL
,,,,,,,,,,,,,88202-169240:Ben Meyers,88202-169240,W,Ben,Ben Meyers,Meyers,2.206060699,33,3200,CHI@COL,COL,CHI,,,,,,W/UTIL
,,,,,,,,,,,,,88202-102807:Reese Johnson,88202-102807,C,Reese,Reese Johnson,Johnson,3.370212636,47,3200,CHI@COL,CHI,COL,IR,Concussion,,,,C/UTIL
,,,,,,,,,,,,,88202-82808:Brett Seney,88202-82808,W,Brett,Brett Seney,Seney,4.685714177,7,3200,CHI@COL,CHI,COL,,,,,,W/UTIL
,,,,,,,,,,,,,88202-38995:Buddy Robinson,88202-38995,W,Buddy,Buddy Robinson,Robinson,0.800000012,4,3100,CHI@COL,CHI,COL,,,,,,W/UTIL
,,,,,,,,,,,,,88202-82047:Aleksi Heponiemi,88202-82047,W,Aleksi,Aleksi Heponiemi,Heponiemi,3.920000076,10,3100,FLA@DET,FLA,DET,,,,,,W/UTIL
,,,,,,,,,,,,,88202-135673:Grigori Denisenko,88202-135673,W,Grigori,Grigori Denisenko,Denisenko,3.466666751,18,3100,FLA@DET,FLA,DET,,,,,,W/UTIL
,,,,,,,,,,,,,88202-148094:Mike Hardman,88202-148094,W,Mike,Mike Hardman,Hardman,2.133333365,3,3100,CHI@COL,CHI,COL,,,,,,W/UTIL
,,,,,,,,,,,,,88202-97152:Martin Kaut,88202-97152,W,Martin,Martin Kaut,Kaut,3.251613002,31,3100,SJ@EDM,SJ,EDM,,,,,,W/UTIL
,,,,,,,,,,,,,88202-11162:Zac Dalpe,88202-11162,C,Zac,Zac Dalpe,Dalpe,5.485714504,14,3100,FLA@DET,FLA,DET,,,,,,C/UTIL
,,,,,,,,,,,,,88202-43015:Jacob Doty,88202-43015,C,Jacob,Jacob Doty,Doty,,,3000,CGY@LA,LA,CGY,,,,,,C/UTIL
,,,,,,,,,,,,,88202-11284:Cody Eakin,88202-11284,C,Cody,Cody Eakin,Eakin,3.997142683,70,3000,CGY@LA,CGY,LA,,,,,,C/UTIL
,,,,,,,,,,,,,88202-68658:Danny O'Regan,88202-68658,C,Danny,Danny O'Regan,O'Regan,3.520000076,5,3000,FLA@DET,DET,FLA,,,,,,C/UTIL
,,,,,,,,,,,,,88202-161858:Kaleb Lawrence,88202-161858,C,Kaleb,Kaleb Lawrence,Lawrence,,,3000,CGY@LA,LA,CGY,,,,,,C/UTIL
,,,,,,,,,,,,,88202-66642:Austin Wagner,88202-66642,W,Austin,Austin Wagner,Wagner,,,3000,CHI@COL,CHI,COL,O,Undisclosed,,,,W/UTIL
,,,,,,,,,,,,,88202-149591:Jacob Peterson,88202-149591,C,Jacob,Jacob Peterson,Peterson,1.600000024,2,3000,SJ@EDM,SJ,EDM,,,,,,C/UTIL
,,,,,,,,,,,,,88202-82011:Ben Jones,88202-82011,C,Ben,Ben Jones,Jones,1.600000024,2,3000,CGY@LA,CGY,LA,,,,,,C/UTIL
,,,,,,,,,,,,,88202-180347:James Stefan,88202-180347,W,James,James Stefan,Stefan,,,3000,CGY@LA,LA,CGY,,,,,,W/UTIL
,,,,,,,,,,,,,88202-180350:Riley Fiddler-Schultz,88202-180350,C,Riley,Riley Fiddler-Schultz,Fiddler-Schultz,,,3000,CGY@LA,LA,CGY,,,,,,C/UTIL
,,,,,,,,,,,,,88202-180349:Eric Alarie,88202-180349,W,Eric,Eric Alarie,Alarie,,,3000,CGY@LA,LA,CGY,,,,,,W/UTIL
,,,,,,,,,,,,,88202-116887:Sam Poulin,88202-116887,W,Sam,Sam Poulin,Poulin,1.900000027,7,3000,OTT@PIT,PIT,OTT,,,,,,W/UTIL
,,,,,,,,,,,,,88202-12438:Riley Nash,88202-12438,C,Riley,Riley Nash,Nash,2.329824615,57,3000,FLA@DET,FLA,DET,,,,,,C/UTIL
,,,,,,,,,,,,,88202-82083:Lias Andersson,88202-82083,W,Lias,Lias Andersson,Andersson,1.600000024,1,3000,CGY@LA,LA,CGY,,,,,,W/UTIL
,,,,,,,,,,,,,88202-43196:Alan Quine,88202-43196,W,Alan,Alan Quine,Quine,,,3000,CGY@LA,LA,CGY,,,,,,W/UTIL
,,,,,,,,,,,,,88202-82123:Gerry Mayhew,88202-82123,W,Gerry,Gerry Mayhew,Mayhew,6.672499847,40,3000,FLA@DET,FLA,DET,,,,,,W/UTIL
,,,,,,,,,,,,,88202-73930:Connor Bunnaman,88202-73930,C,Connor,Connor Bunnaman,Bunnaman,1.280000051,15,3000,FLA@DET,FLA,DET,,,,,,C/UTIL
,,,,,,,,,,,,,88202-54479:T.J. Tynan,88202-54479,W,T.J.,T.J. Tynan,Tynan,4,2,3000,CGY@LA,LA,CGY,,,,,,W/UTIL
,,,,,,,,,,,,,88202-167128:Taylor Ward,88202-167128,W,Taylor,Taylor Ward,Ward,,,3000,CGY@LA,LA,CGY,,,,,,W/UTIL
,,,,,,,,,,,,,88202-73966:Jeffrey Viel,88202-73966,W,Jeffrey,Jeffrey Viel,Viel,3.200000048,1,3000,SJ@EDM,SJ,EDM,,,,,,W/UTIL
,,,,,,,,,,,,,88202-73970:Colin Blackwell,88202-73970,W,Colin,Colin Blackwell,Blackwell,3.740740741,54,3000,CHI@COL,CHI,COL,O,Groin,,,,W/UTIL
,,,,,,,,,,,,,88202-21755:Alex Chiasson,88202-21755,W,Alex,Alex Chiasson,Chiasson,10.45714242,7,3000,FLA@DET,DET,FLA,,,,,,W/UTIL
,,,,,,,,,,,,,88202-70913:Luke Kunin,88202-70913,W,Luke,Luke Kunin,Kunin,8.451612903,31,3000,SJ@EDM,SJ,EDM,IR,Knee,,,,W/UTIL
,,,,,,,,,,,,,88202-168192:Andre Lee,88202-168192,W,Andre,Andre Lee,Lee,,,3000,CGY@LA,LA,CGY,,,,,,W/UTIL
,,,,,,,,,,,,,88202-82191:Alex Formenton,88202-82191,W,Alex,Alex Formenton,Formenton,8.070885767,79,3000,OTT@PIT,OTT,PIT,O,Contract dispute,,,,W/UTIL
,,,,,,,,,,,,,88202-70930:Tyler Benson,88202-70930,W,Tyler,Tyler Benson,Benson,0,2,3000,SJ@EDM,EDM,SJ,,,,,,W/UTIL
,,,,,,,,,,,,,88202-74007:Kyle Criscuolo,88202-74007,C,Kyle,Kyle Criscuolo,Criscuolo,4.26666673,6,3000,SJ@EDM,SJ,EDM,,,,,,C/UTIL
,,,,,,,,,,,,,88202-74008:Givani Smith,88202-74008,W,Givani,Givani Smith,Smith,3.5,24,3000,FLA@DET,FLA,DET,IR,Face,,,,W/UTIL
,,,,,,,,,,,,,88202-152885:Viktor Lodin,88202-152885,C,Viktor,Viktor Lodin,Lodin,4.800000191,1,3000,OTT@PIT,OTT,PIT,,,,,,C/UTIL
,,,,,,,,,,,,,88202-82232:Chase Pearson,88202-82232,W,Chase,Chase Pearson,Pearson,1.066666683,3,3000,FLA@DET,DET,FLA,,,,,,W/UTIL
,,,,,,,,,,,,,88202-170302:Gustav Rydahl,88202-170302,C,Gustav,Gustav Rydahl,Rydahl,,,3000,CHI@COL,COL,CHI,,,,,,C/UTIL
,,,,,,,,,,,,,88202-149828:Valtteri Puustinen,88202-149828,W,Valtteri,Valtteri Puustinen,Puustinen,9.600000381,1,3000,OTT@PIT,PIT,OTT,,,,,,W/UTIL
,,,,,,,,,,,,,88202-74067:Kevin Rooney,88202-74067,C,Kevin,Kevin Rooney,Rooney,2.577777863,18,3000,CGY@LA,CGY,LA,,,,,,C/UTIL
,,,,,,,,,,,,,88202-117087:Cole Schwindt,88202-117087,W,Cole,Cole Schwindt,Schwindt,2.666666667,3,3000,CGY@LA,CGY,LA,,,,,,W/UTIL
,,,,,,,,,,,,,88202-39271:Seth Griffith,88202-39271,W,Seth,Seth Griffith,Griffith,0,1,3000,SJ@EDM,EDM,SJ,,,,,,W/UTIL
,,,,,,,,,,,,,88202-74099:Matt Luff,88202-74099,W,Matt,Matt Luff,Luff,3.542857034,7,3000,FLA@DET,DET,FLA,,,,,,W/UTIL
,,,,,,,,,,,,,88202-12672:Greg McKegg,88202-12672,C,Greg,Greg McKegg,McKegg,2.911627836,43,3000,SJ@EDM,EDM,SJ,,,,,,C/UTIL
,,,,,,,,,,,,,88202-149888:Adam Raska,88202-149888,W,Adam,Adam Raska,Raska,0.64000001,5,3000,SJ@EDM,SJ,EDM,,,,,,W/UTIL
,,,,,,,,,,,,,88202-161189:Jasper Weatherby,88202-161189,W,Jasper,Jasper Weatherby,Weatherby,4.387999878,50,3000,FLA@DET,DET,FLA,,,,,,W/UTIL
,,,,,,,,,,,,,88202-151977:Jean-Luc Foudy,88202-151977,C,Jean-Luc,Jean-Luc Foudy,Foudy,2.488888847,9,3000,CHI@COL,COL,CHI,,,,,,C/UTIL
,,,,,,,,,,,,,88202-169397:Thomas Bordeleau,88202-169397,C,Thomas,Thomas Bordeleau,Bordeleau,8.462499619,8,3000,SJ@EDM,SJ,EDM,,,,,,C/UTIL
,,,,,,,,,,,,,88202-162267:Justin Nachbaur,88202-162267,W,Justin,Justin Nachbaur,Nachbaur,,,3000,CGY@LA,LA,CGY,,,,,,W/UTIL
,,,,,,,,,,,,,88202-162270:Martin Chromiak,88202-162270,W,Martin,Martin Chromiak,Chromiak,,,3000,CGY@LA,LA,CGY,,,,,,W/UTIL
,,,,,,,,,,,,,88202-162271:Brett Kemp,88202-162271,C,Brett,Brett Kemp,Kemp,,,3000,CGY@LA,LA,CGY,,,,,,C/UTIL
,,,,,,,,,,,,,88202-162269:Francesco Pinelli,88202-162269,C,Francesco,Francesco Pinelli,Pinelli,,,3000,CGY@LA,LA,CGY,,,,,,C/UTIL
,,,,,,,,,,,,,88202-135660:Cameron Hillis,88202-135660,C,Cameron,Cameron Hillis,Hillis,3.200000048,1,3000,CHI@COL,CHI,COL,,,,,,C/UTIL
,,,,,,,,,,,,,88202-103935:Filip Hallander,88202-103935,C,Filip,Filip Hallander,Hallander,2.400000095,2,3000,OTT@PIT,PIT,OTT,,,,,,C/UTIL
,,,,,,,,,,,,,88202-8765:Patric Hornqvist,88202-8765,W,Patric,Patric Hornqvist,Hornqvist,4.786363775,22,3000,FLA@DET,FLA,DET,IR,Concussion,,,,W/UTIL
,,,,,,,,,,,,,88202-102997:Taro Hirose,88202-102997,W,Taro,Taro Hirose,Hirose,3.746666718,15,3000,FLA@DET,DET,FLA,,,,,,W/UTIL
,,,,,,,,,,,,,88202-113274:Samuel Fagemo,88202-113274,W,Samuel,Samuel Fagemo,Fagemo,5.511110942,9,3000,CGY@LA,LA,CGY,,,,,,W/UTIL
,,,,,,,,,,,,,88202-8829:Nate Thompson,88202-8829,C,Nate,Nate Thompson,Thompson,2.933333426,33,3000,CGY@LA,LA,CGY,,,,,,C/UTIL
,,,,,,,,,,,,,88202-42628:Andrew Agozzino,88202-42628,W,Andrew,Andrew Agozzino,Agozzino,1.600000024,1,3000,SJ@EDM,SJ,EDM,,,,,,W/UTIL
,,,,,,,,,,,,,88202-23233:Alex Galchenyuk,88202-23233,W,Alex,Alex Galchenyuk,Galchenyuk,1.142857143,7,3000,CHI@COL,COL,CHI,,,,,,W/UTIL
,,,,,,,,,,,,,88202-148204:Sampo Ranta,88202-148204,W,Sampo,Sampo Ranta,Ranta,2.133333365,6,3000,CHI@COL,COL,CHI,,,,,,W/UTIL
,,,,,,,,,,,,,88202-119549:Tyler Madden,88202-119549,C,Tyler,Tyler Madden,Madden,,,3000,CGY@LA,LA,CGY,,,,,,C/UTIL
,,,,,,,,,,,,,88202-97049:Egor Sokolov,88202-97049,W,Egor,Egor Sokolov,Sokolov,2.400000095,8,3000,OTT@PIT,OTT,PIT,,,,,,W/UTIL
,,,,,,,,,,,,,88202-70472:Drake Caggiula,88202-70472,W,Drake,Drake Caggiula,Caggiula,0.960000038,5,3000,OTT@PIT,PIT,OTT,,,,,,W/UTIL
,,,,,,,,,,,,,88202-59222:Clark Bishop,88202-59222,W,Clark,Clark Bishop,Bishop,2.844444487,9,3000,CGY@LA,CGY,LA,,,,,,W/UTIL
,,,,,,,,,,,,,88202-14177:Brad Malone,88202-14177,C,Brad,Brad Malone,Malone,1.760000038,10,3000,SJ@EDM,EDM,SJ,,,,,,C/UTIL
,,,,,,,,,,,,,88202-183143:Alexandre Doucet,88202-183143,C,Alexandre,Alexandre Doucet,Doucet,,,3000,FLA@DET,DET,FLA,,,,,,C/UTIL
,,,,,,,,,,,,,88202-149357:Cole Reinhardt,88202-149357,W,Cole,Cole Reinhardt,Reinhardt,1.600000024,1,3000,OTT@PIT,OTT,PIT,,,,,,W/UTIL
,,,,,,,,,,,,,88202-59251:Michael Dal Colle,88202-59251,W,Michael,Michael Dal Colle,Dal Colle,3.200000048,1,3000,OTT@PIT,OTT,PIT,,,,,,W/UTIL
,,,,,,,,,,,,,88202-97159:Akil Thomas,88202-97159,C,Akil,Akil Thomas,Thomas,,,3000,CGY@LA,LA,CGY,O,Shoulder,,,,C/UTIL
,,,,,,,,,,,,,88202-97160:Aidan Dudas,88202-97160,C,Aidan,Aidan Dudas,Dudas,,,3000,CGY@LA,LA,CGY,,,,,,C/UTIL
,,,,,,,,,,,,,88202-159628:Samuel Helenius,88202-159628,C,Samuel,Samuel Helenius,Helenius,,,3000,CGY@LA,LA,CGY,,,,,,C/UTIL
,,,,,,,,,,,,,88202-101263:C.J. Suess,88202-101263,W,C.J.,C.J. Suess,Suess,0,1,3000,SJ@EDM,SJ,EDM,,,,,,W/UTIL
,,,,,,,,,,,,,88202-42918:Scott Sabourin,88202-42918,W,Scott,Scott Sabourin,Sabourin,4.114285605,7,3000,OTT@PIT,OTT,PIT,,,,,,W/UTIL
,,,,,,,,,,,,,88202-148408:Ryder Rolston,88202-148408,W,Ryder,Ryder Rolston,Rolston,,,3000,CHI@COL,CHI,COL,,,,,,W/UTIL
,,,,,,,,,,,,,88202-119745:Alex Turcotte,88202-119745,C,Alex,Alex Turcotte,Turcotte,0.800000012,4,3000,CGY@LA,LA,CGY,,,,,,C/UTIL
,,,,,,,,,,,,,88202-97236:Mikhail Maltsev,88202-97236,W,Mikhail,Mikhail Maltsev,Maltsev,1.920000076,5,3000,CHI@COL,COL,CHI,,,,,,W/UTIL
,,,,,,,,,,,,,88202-42984:Justin Bailey,88202-42984,W,Justin,Justin Bailey,Bailey,2.514285769,14,3000,SJ@EDM,EDM,SJ,,,,,,W/UTIL
,,,,,,,,,,,,,88202-68603:Dryden Hunt,88202-68603,W,Dryden,Dryden Hunt,Hunt,2.140540458,37,3000,CGY@LA,CGY,LA,,,,,,W/UTIL
