Position,Name + ID,Name,ID,Roster Position,Salary,Game Info,TeamAbbrev,AvgPointsPerGame
C,Auston Matthews (27149932),Auston Matthews,27149932,C/UTIL,9500,TOR@NYI 03/21/2023 07:30PM ET,TOR,17.51
RW,David Pastrnak (27150228),David Pastrnak,27150228,W/UTIL,9400,OTT@BOS 03/21/2023 07:00PM ET,BOS,18.88
D,Roman Josi (27150910),Roman Josi,27150910,D/UTIL,9200,NSH@BUF 03/21/2023 07:00PM ET,NSH,17.24
RW,Matthew Tkachuk (27150230),Matthew Tkachuk,27150230,W/UTIL,8600,FLA@PHI 03/21/2023 07:00PM ET,FLA,17.11
C,Elias Pettersson (27149934),Elias Pettersson,27149934,C/UTIL,8600,VGK@VAN 03/21/2023 10:00PM ET,VAN,16.27
G,Linus Ullmark (27151430),Linus Ullmark,27151430,G,8500,OTT@BOS 03/21/2023 07:00PM ET,BOS,18.39
G,Andrei Vasilevskiy (27151431),Andrei Vasilevskiy,27151431,G,8400,TB@MON 03/21/2023 07:00PM ET,TB,15.44
C,Jack Hughes (27149936),Jack Hughes,27149936,C/UTIL,8400,MIN@NJ 03/21/2023 07:00PM ET,NJ,16.80
LW,Alex Ovechkin (27150232),Alex Ovechkin,27150232,W/UTIL,8400,CLS@WAS 03/21/2023 07:00PM ET,WAS,15.92
G,Jeremy Swayman (27151432),Jeremy Swayman,27151432,G,8300,OTT@BOS 03/21/2023 07:00PM ET,BOS,13.75
C,Tage Thompson (27149938),Tage Thompson,27149938,C/UTIL,8300,NSH@BUF 03/21/2023 07:00PM ET,BUF,16.05
G,Jonathan Quick (27151433),Jonathan Quick,27151433,G,8300,VGK@VAN 03/21/2023 10:00PM ET,VGK,8.51
G,Jiri Patera (27151434),Jiri Patera,27151434,G,8300,VGK@VAN 03/21/2023 10:00PM ET,VGK,21.5
G,Brian Elliott (27151437),Brian Elliott,27151437,G,8200,TB@MON 03/21/2023 07:00PM ET,TB,12.61
LW,Kirill Kaprizov (27150234),Kirill Kaprizov,27150234,W/UTIL,8200,MIN@NJ 03/21/2023 07:00PM ET,MIN,15.81
G,Darcy Kuemper (27151435),Darcy Kuemper,27151435,G,8200,CLS@WAS 03/21/2023 07:00PM ET,WAS,13.02
G,Charlie Lindgren (27151436),Charlie Lindgren,27151436,G,8200,CLS@WAS 03/21/2023 07:00PM ET,WAS,10.85
G,Jacob Markstrom (27151438),Jacob Markstrom,27151438,G,8100,CGY@ANH 03/21/2023 10:00PM ET,CGY,9.14
G,Dan Vladar (27151439),Dan Vladar,27151439,G,8100,CGY@ANH 03/21/2023 10:00PM ET,CGY,9.56
G,Laurent Brossoit (27151440),Laurent Brossoit,27151440,G,8100,VGK@VAN 03/21/2023 10:00PM ET,VGK,21.2
RW,Nikita Kucherov (27150236),Nikita Kucherov,27150236,W/UTIL,8000,TB@MON 03/21/2023 07:00PM ET,TB,15.13
G,Connor Hellebuyck (27151441),Connor Hellebuyck,27151441,G,8000,ARI@WPG 03/21/2023 08:00PM ET,WPG,15.22
G,Sergei Bobrovsky (27151442),Sergei Bobrovsky,27151442,G,7900,FLA@PHI 03/21/2023 07:00PM ET,FLA,12.30
LW,Jason Robertson (27150238),Jason Robertson,27150238,W/UTIL,7800,SEA@DAL 03/21/2023 08:30PM ET,DAL,16.12
G,Ilya Samsonov (27151444),Ilya Samsonov,27151444,G,7800,TOR@NYI 03/21/2023 07:30PM ET,TOR,14.88
G,David Rittich (27151443),David Rittich,27151443,G,7800,ARI@WPG 03/21/2023 08:00PM ET,WPG,9.95
G,Frederik Andersen (27151447),Frederik Andersen,27151447,G,7700,CAR@NYR 03/21/2023 07:00PM ET,CAR,11.62
G,Pyotr Kochetkov (27151448),Pyotr Kochetkov,27151448,G,7700,CAR@NYR 03/21/2023 07:00PM ET,CAR,12.63
LW,Timo Meier (27150240),Timo Meier,27150240,W/UTIL,7700,MIN@NJ 03/21/2023 07:00PM ET,NJ,14.97
G,Vitek Vanecek (27151445),Vitek Vanecek,27151445,G,7700,MIN@NJ 03/21/2023 07:00PM ET,NJ,12.82
G,Akira Schmid (27151446),Akira Schmid,27151446,G,7700,MIN@NJ 03/21/2023 07:00PM ET,NJ,12.74
G,Alex Lyon (27151449),Alex Lyon,27151449,G,7700,FLA@PHI 03/21/2023 07:00PM ET,FLA,11.92
G,Juuse Saros (27151451),Juuse Saros,27151451,G,7600,NSH@BUF 03/21/2023 07:00PM ET,NSH,15.23
G,Kevin Lankinen (27151452),Kevin Lankinen,27151452,G,7600,NSH@BUF 03/21/2023 07:00PM ET,NSH,13.89
G,Jake Oettinger (27151453),Jake Oettinger,27151453,G,7600,SEA@DAL 03/21/2023 08:30PM ET,DAL,14.83
G,Matt Murray (27151450),Matt Murray,27151450,G,7600,TOR@NYI 03/21/2023 07:30PM ET,TOR,13.27
C,Mika Zibanejad (27149940),Mika Zibanejad,27149940,C/UTIL,7600,CAR@NYR 03/21/2023 07:00PM ET,NYR,14.05
RW,Jordan Kyrou (27150242),Jordan Kyrou,27150242,W/UTIL,7600,DET@STL 03/21/2023 08:00PM ET,STL,13.77
C,Tim Stuetzle (27149942),Tim Stuetzle,27149942,C/UTIL,7500,OTT@BOS 03/21/2023 07:00PM ET,OTT,13.93
RW,Travis Konecny (27150244),Travis Konecny,27150244,W/UTIL,7500,FLA@PHI 03/21/2023 07:00PM ET,PHI,13.95
G,Jordan Binnington (27151454),Jordan Binnington,27151454,G,7500,DET@STL 03/21/2023 08:00PM ET,STL,10.78
G,Thomas Greiss (27151455),Thomas Greiss,27151455,G,7500,DET@STL 03/21/2023 08:00PM ET,STL,11.58
G,Joel Hofer (27151456),Joel Hofer,27151456,G,7500,DET@STL 03/21/2023 08:00PM ET,STL,25.25
G,Ville Husso (27151457),Ville Husso,27151457,G,7500,DET@STL 03/21/2023 08:00PM ET,DET,11.68
G,Lukas Dostal (27151458),Lukas Dostal,27151458,G,7400,CGY@ANH 03/21/2023 10:00PM ET,ANH,14.48
LW,Brady Tkachuk (27150246),Brady Tkachuk,27150246,W/UTIL,7400,OTT@BOS 03/21/2023 07:00PM ET,OTT,14.46
G,Ukko-Pekka Luukkonen (27151461),Ukko-Pekka Luukkonen,27151461,G,7400,NSH@BUF 03/21/2023 07:00PM ET,BUF,11.86
G,Craig Anderson (27151462),Craig Anderson,27151462,G,7400,NSH@BUF 03/21/2023 07:00PM ET,BUF,14.48
G,Philipp Grubauer (27151459),Philipp Grubauer,27151459,G,7400,SEA@DAL 03/21/2023 08:30PM ET,SEA,9.16
G,Martin Jones (27151460),Martin Jones,27151460,G,7400,SEA@DAL 03/21/2023 08:30PM ET,SEA,9.26
G,Matt Murray (27151463),Matt Murray,27151463,G,7400,SEA@DAL 03/21/2023 08:30PM ET,DAL,2.3
G,Scott Wedgewood (27151464),Scott Wedgewood,27151464,G,7400,SEA@DAL 03/21/2023 08:30PM ET,DAL,13.45
C,Jack Eichel (27149944),Jack Eichel,27149944,C/UTIL,7400,VGK@VAN 03/21/2023 10:00PM ET,VGK,13.73
C,Brayden Point (27149946),Brayden Point,27149946,C/UTIL,7300,TB@MON 03/21/2023 07:00PM ET,TB,13.40
RW,William Nylander (27150248),William Nylander,27150248,W/UTIL,7300,TOR@NYI 03/21/2023 07:30PM ET,TOR,14.24
G,Igor Shesterkin (27151465),Igor Shesterkin,27151465,G,7300,CAR@NYR 03/21/2023 07:00PM ET,NYR,14.44
G,Filip Gustavsson (27151467),Filip Gustavsson,27151467,G,7300,MIN@NJ 03/21/2023 07:00PM ET,MIN,15.88
G,Magnus Hellberg (27151466),Magnus Hellberg,27151466,G,7300,DET@STL 03/21/2023 08:00PM ET,DET,9.79
C,Steven Stamkos (27149948),Steven Stamkos,27149948,C/UTIL,7200,TB@MON 03/21/2023 07:00PM ET,TB,13.14
G,Ilya Sorokin (27151469),Ilya Sorokin,27151469,G,7200,TOR@NYI 03/21/2023 07:30PM ET,NYI,15.59
D,Dougie Hamilton (27150912),Dougie Hamilton,27150912,D/UTIL,7200,MIN@NJ 03/21/2023 07:00PM ET,NJ,13.43
G,Carter Hart (27151468),Carter Hart,27151468,G,7200,FLA@PHI 03/21/2023 07:00PM ET,PHI,12.63
LW,Kyle Connor (27150250),Kyle Connor,27150250,W/UTIL,7200,ARI@WPG 03/21/2023 08:00PM ET,WPG,13.24
G,John Gibson (27151473),John Gibson,27151473,G,7100,CGY@ANH 03/21/2023 10:00PM ET,ANH,14.65
D,Rasmus Dahlin (27150914),Rasmus Dahlin,27150914,D/UTIL,7100,NSH@BUF 03/21/2023 07:00PM ET,BUF,13.45
G,Jaroslav Halak (27151474),Jaroslav Halak,27151474,G,7100,CAR@NYR 03/21/2023 07:00PM ET,NYR,11.45
G,Marc-Andre Fleury (27151475),Marc-Andre Fleury,27151475,G,7100,MIN@NJ 03/21/2023 07:00PM ET,MIN,13.45
C,Aleksander Barkov (27149950),Aleksander Barkov,27149950,C/UTIL,7100,FLA@PHI 03/21/2023 07:00PM ET,FLA,13.20
LW,Clayton Keller (27150252),Clayton Keller,27150252,W/UTIL,7100,ARI@WPG 03/21/2023 08:00PM ET,ARI,12
G,Karel Vejmelka (27151470),Karel Vejmelka,27151470,G,7100,ARI@WPG 03/21/2023 08:00PM ET,ARI,13.78
G,Connor Ingram (27151471),Connor Ingram,27151471,G,7100,ARI@WPG 03/21/2023 08:00PM ET,ARI,14.98
G,Ivan Prosvetov (27151472),Ivan Prosvetov,27151472,G,7100,ARI@WPG 03/21/2023 08:00PM ET,ARI,24.5
RW,Alex Tuch (27150254),Alex Tuch,27150254,W/UTIL,7000,NSH@BUF 03/21/2023 07:00PM ET,BUF,12.74
C,John Tavares (27149952),John Tavares,27149952,C/UTIL,7000,TOR@NYI 03/21/2023 07:30PM ET,TOR,13.39
G,Semyon Varlamov (27151480),Semyon Varlamov,27151480,G,7000,TOR@NYI 03/21/2023 07:30PM ET,NYI,14.30
G,Felix Sandstrom (27151479),Felix Sandstrom,27151479,G,7000,FLA@PHI 03/21/2023 07:00PM ET,PHI,6.93
G,Thatcher Demko (27151478),Thatcher Demko,27151478,G,7000,VGK@VAN 03/21/2023 10:00PM ET,VAN,11.63
G,Michael Hutchinson (27151476),Michael Hutchinson,27151476,G,7000,CLS@WAS 03/21/2023 07:00PM ET,CLS,5.63
G,Daniil Tarasov (27151477),Daniil Tarasov,27151477,G,7000,CLS@WAS 03/21/2023 07:00PM ET,CLS,10.22
G,Mads Sogaard (27151483),Mads Sogaard,27151483,G,6900,OTT@BOS 03/21/2023 07:00PM ET,OTT,8.68
G,Dylan Ferguson (27151484),Dylan Ferguson,27151484,G,6900,OTT@BOS 03/21/2023 07:00PM ET,OTT,39.1
G,Jake Allen (27151481),Jake Allen,27151481,G,6900,TB@MON 03/21/2023 07:00PM ET,MON,11.00
G,Sam Montembeault (27151482),Sam Montembeault,27151482,G,6900,TB@MON 03/21/2023 07:00PM ET,MON,13.68
RW,Mitchell Marner (27150256),Mitchell Marner,27150256,W/UTIL,6900,TOR@NYI 03/21/2023 07:30PM ET,TOR,13.04
C,Dylan Larkin (27149954),Dylan Larkin,27149954,C/UTIL,6900,DET@STL 03/21/2023 08:00PM ET,DET,12.41
D,John Carlson (27150916),John Carlson,27150916,D/UTIL,6900,CLS@WAS 03/21/2023 07:00PM ET,WAS,14.78
LW,Carter Verhaeghe (27150258),Carter Verhaeghe,27150258,W/UTIL,6800,FLA@PHI 03/21/2023 07:00PM ET,FLA,12.86
G,Collin Delia (27151486),Collin Delia,27151486,G,6800,VGK@VAN 03/21/2023 10:00PM ET,VAN,8.69
C,Patrik Laine (27149956),Patrik Laine,27149956,C/UTIL,6800,CLS@WAS 03/21/2023 07:00PM ET,CLS,12.9
G,Elvis Merzlikins (27151485),Elvis Merzlikins,27151485,G,6800,CLS@WAS 03/21/2023 07:00PM ET,CLS,7.99
D,Josh Morrissey (27150918),Josh Morrissey,27150918,D/UTIL,6800,ARI@WPG 03/21/2023 08:00PM ET,WPG,12.25
LW,Jeff Skinner (27150260),Jeff Skinner,27150260,W/UTIL,6700,NSH@BUF 03/21/2023 07:00PM ET,BUF,12.01
C,Boone Jenner (27149958),Boone Jenner,27149958,C/UTIL,6700,CLS@WAS 03/21/2023 07:00PM ET,CLS,12.27
LW,Brad Marchand (27150262),Brad Marchand,27150262,W/UTIL,6600,OTT@BOS 03/21/2023 07:00PM ET,BOS,11.11
C,Bo Horvat (27149960),Bo Horvat,27149960,C/UTIL,6600,TOR@NYI 03/21/2023 07:30PM ET,NYI,12.86
D,Alex Pietrangelo (27150920),Alex Pietrangelo,27150920,D/UTIL,6600,VGK@VAN 03/21/2023 10:00PM ET,VGK,12.59
G,Anthony Stolarz (27151498),Anthony Stolarz,27151498,G,6500,CGY@ANH 03/21/2023 10:00PM ET,ANH,9.61
G,Olle Eriksson Ek (27151499),Olle Eriksson Ek,27151499,G,6500,CGY@ANH 03/21/2023 10:00PM ET,ANH,0
D,Jakob Chychrun (27150922),Jakob Chychrun,27150922,D/UTIL,6500,OTT@BOS 03/21/2023 07:00PM ET,OTT,12.05
G,Kevin Mandolese (27151487),Kevin Mandolese,27151487,G,6500,OTT@BOS 03/21/2023 07:00PM ET,OTT,16.77
G,Cam Talbot (27151519),Cam Talbot,27151519,G,6500,OTT@BOS 03/21/2023 07:00PM ET,OTT,11.6
G,Anton Forsberg (27151520),Anton Forsberg,27151520,G,6500,OTT@BOS 03/21/2023 07:00PM ET,OTT,11.64
G,Yaroslav Askarov (27151514),Yaroslav Askarov,27151514,G,6500,NSH@BUF 03/21/2023 07:00PM ET,NSH,7.7
G,Eric Comrie (27151516),Eric Comrie,27151516,G,6500,NSH@BUF 03/21/2023 07:00PM ET,BUF,9.46
G,Ben Bishop (27151517),Ben Bishop,27151517,G,6500,NSH@BUF 03/21/2023 07:00PM ET,BUF,0
G,Michael Houser (27151518),Michael Houser,27151518,G,6500,NSH@BUF 03/21/2023 07:00PM ET,BUF,0
G,Joey Daccord (27151507),Joey Daccord,27151507,G,6500,SEA@DAL 03/21/2023 08:30PM ET,SEA,20.2
G,Chris Driedger (27151508),Chris Driedger,27151508,G,6500,SEA@DAL 03/21/2023 08:30PM ET,SEA,0
G,Carey Price (27151489),Carey Price,27151489,G,6500,TB@MON 03/21/2023 07:00PM ET,MON,0
G,Cayden Primeau (27151490),Cayden Primeau,27151490,G,6500,TB@MON 03/21/2023 07:00PM ET,MON,0.7
G,Cory Schneider (27151505),Cory Schneider,27151505,G,6500,TOR@NYI 03/21/2023 07:30PM ET,NYI,0
G,Joseph Woll (27151509),Joseph Woll,27151509,G,6500,TOR@NYI 03/21/2023 07:30PM ET,TOR,19
G,Keith Petruzzelli (27151510),Keith Petruzzelli,27151510,G,6500,TOR@NYI 03/21/2023 07:30PM ET,TOR,0
G,Erik Kallgren (27151511),Erik Kallgren,27151511,G,6500,TOR@NYI 03/21/2023 07:30PM ET,TOR,9.62
C,Sebastian Aho (27149964),Sebastian Aho,27149964,C/UTIL,6500,CAR@NYR 03/21/2023 07:00PM ET,CAR,12.69
G,Antti Raanta (27151504),Antti Raanta,27151504,G,6500,CAR@NYR 03/21/2023 07:00PM ET,CAR,12.41
C,Nico Hischier (27149962),Nico Hischier,27149962,C/UTIL,6500,MIN@NJ 03/21/2023 07:00PM ET,NJ,13.43
RW,Mats Zuccarello (27150264),Mats Zuccarello,27150264,W/UTIL,6500,MIN@NJ 03/21/2023 07:00PM ET,MIN,11.38
G,MacKenzie Blackwood (27151495),MacKenzie Blackwood,27151495,G,6500,MIN@NJ 03/21/2023 07:00PM ET,NJ,11.38
G,Jonathan Bernier (27151496),Jonathan Bernier,27151496,G,6500,MIN@NJ 03/21/2023 07:00PM ET,NJ,0
G,Nico Daws (27151497),Nico Daws,27151497,G,6500,MIN@NJ 03/21/2023 07:00PM ET,NJ,0
G,Zane McIntyre (27151521),Zane McIntyre,27151521,G,6500,MIN@NJ 03/21/2023 07:00PM ET,MIN,0
G,Samuel Ersson (27151500),Samuel Ersson,27151500,G,6500,FLA@PHI 03/21/2023 07:00PM ET,PHI,11.28
G,Spencer Knight (27151512),Spencer Knight,27151512,G,6500,FLA@PHI 03/21/2023 07:00PM ET,FLA,12.36
G,Mack Guzda (27151513),Mack Guzda,27151513,G,6500,FLA@PHI 03/21/2023 07:00PM ET,FLA,0
G,Alex Nedeljkovic (27151515),Alex Nedeljkovic,27151515,G,6500,DET@STL 03/21/2023 08:00PM ET,DET,9.49
G,Spencer Martin (27151491),Spencer Martin,27151491,G,6500,VGK@VAN 03/21/2023 10:00PM ET,VAN,7.09
G,Arturs Silovs (27151492),Arturs Silovs,27151492,G,6500,VGK@VAN 03/21/2023 10:00PM ET,VAN,13.72
G,Adin Hill (27151501),Adin Hill,27151501,G,6500,VGK@VAN 03/21/2023 10:00PM ET,VGK,13.31
G,Logan Thompson (27151502),Logan Thompson,27151502,G,6500,VGK@VAN 03/21/2023 10:00PM ET,VGK,14.51
G,Robin Lehner (27151503),Robin Lehner,27151503,G,6500,VGK@VAN 03/21/2023 10:00PM ET,VGK,0
G,Jet Greaves (27151488),Jet Greaves,27151488,G,6500,CLS@WAS 03/21/2023 07:00PM ET,CLS,0
G,Zach Fucale (27151493),Zach Fucale,27151493,G,6500,CLS@WAS 03/21/2023 07:00PM ET,WAS,0
G,Hunter Shepard (27151494),Hunter Shepard,27151494,G,6500,CLS@WAS 03/21/2023 07:00PM ET,WAS,0
G,Arvid Holm (27151506),Arvid Holm,27151506,G,6500,ARI@WPG 03/21/2023 08:00PM ET,WPG,0
RW,Tyler Toffoli (27150266),Tyler Toffoli,27150266,W/UTIL,6400,CGY@ANH 03/21/2023 10:00PM ET,CGY,11.49
C,Patrice Bergeron (27149966),Patrice Bergeron,27149966,C/UTIL,6400,OTT@BOS 03/21/2023 07:00PM ET,BOS,12.06
C,Roope Hintz (27149968),Roope Hintz,27149968,C/UTIL,6400,SEA@DAL 03/21/2023 08:30PM ET,DAL,12.65
D,Brandon Montour (27150924),Brandon Montour,27150924,D/UTIL,6400,FLA@PHI 03/21/2023 07:00PM ET,FLA,11.91
LW,Filip Forsberg (27150268),Filip Forsberg,27150268,W/UTIL,6300,NSH@BUF 03/21/2023 07:00PM ET,NSH,11.90
D,Brent Burns (27150926),Brent Burns,27150926,D/UTIL,6300,CAR@NYR 03/21/2023 07:00PM ET,CAR,11.47
C,Joel Eriksson Ek (27149972),Joel Eriksson Ek,27149972,C/UTIL,6300,MIN@NJ 03/21/2023 07:00PM ET,MIN,11.85
C,J.T. Miller (27149970),J.T. Miller,27149970,C/UTIL,6300,VGK@VAN 03/21/2023 10:00PM ET,VAN,11.96
LW,Artemi Panarin (27150270),Artemi Panarin,27150270,W/UTIL,6200,CAR@NYR 03/21/2023 07:00PM ET,NYR,11.68
RW,Patrick Kane (27150272),Patrick Kane,27150272,W/UTIL,6200,CAR@NYR 03/21/2023 07:00PM ET,NYR,11.35
D,Aaron Ekblad (27150928),Aaron Ekblad,27150928,D/UTIL,6200,FLA@PHI 03/21/2023 07:00PM ET,FLA,10.91
C,Mark Scheifele (27149974),Mark Scheifele,27149974,C/UTIL,6200,ARI@WPG 03/21/2023 08:00PM ET,WPG,11.4
C,Pierre-Luc Dubois (27149976),Pierre-Luc Dubois,27149976,C/UTIL,6200,ARI@WPG 03/21/2023 08:00PM ET,WPG,11.45
C,Brock Nelson (27149978),Brock Nelson,27149978,C/UTIL,6100,TOR@NYI 03/21/2023 07:30PM ET,NYI,11.74
LW,Max Pacioretty (27150276),Max Pacioretty,27150276,W/UTIL,6100,CAR@NYR 03/21/2023 07:00PM ET,CAR,11.36
D,Shea Theodore (27150930),Shea Theodore,27150930,D/UTIL,6100,VGK@VAN 03/21/2023 10:00PM ET,VGK,11.00
LW,Johnny Gaudreau (27150274),Johnny Gaudreau,27150274,W/UTIL,6100,CLS@WAS 03/21/2023 07:00PM ET,CLS,10.4
RW,Troy Terry (27150278),Troy Terry,27150278,W/UTIL,6000,CGY@ANH 03/21/2023 10:00PM ET,ANH,10.40
D,Adam Fox (27150932),Adam Fox,27150932,D/UTIL,6000,CAR@NYR 03/21/2023 07:00PM ET,NYR,11.25
C,Pavel Buchnevich (27149980),Pavel Buchnevich,27149980,C/UTIL,6000,DET@STL 03/21/2023 08:00PM ET,STL,11.22
LW,Nikolaj Ehlers (27150280),Nikolaj Ehlers,27150280,W/UTIL,6000,ARI@WPG 03/21/2023 08:00PM ET,WPG,10.62
RW,Jake DeBrusk (27150282),Jake DeBrusk,27150282,W/UTIL,5900,OTT@BOS 03/21/2023 07:00PM ET,BOS,11.62
RW,Claude Giroux (27150284),Claude Giroux,27150284,W/UTIL,5900,OTT@BOS 03/21/2023 07:00PM ET,OTT,11.1
C,Dylan Cozens (27149982),Dylan Cozens,27149982,C/UTIL,5900,NSH@BUF 03/21/2023 07:00PM ET,BUF,10.85
D,Miro Heiskanen (27150936),Miro Heiskanen,27150936,D/UTIL,5900,SEA@DAL 03/21/2023 08:30PM ET,DAL,11.37
D,Jacob Trouba (27150934),Jacob Trouba,27150934,D/UTIL,5900,CAR@NYR 03/21/2023 07:00PM ET,NYR,11.53
RW,Matt Boldy (27150286),Matt Boldy,27150286,W/UTIL,5900,MIN@NJ 03/21/2023 07:00PM ET,MIN,10.70
LW,Alex DeBrincat (27150290),Alex DeBrincat,27150290,W/UTIL,5800,OTT@BOS 03/21/2023 07:00PM ET,OTT,11.40
LW,Jamie Benn (27150292),Jamie Benn,27150292,W/UTIL,5800,SEA@DAL 03/21/2023 08:30PM ET,DAL,11.03
D,Victor Hedman (27150940),Victor Hedman,27150940,D/UTIL,5800,TB@MON 03/21/2023 07:00PM ET,TB,10.85
D,Noah Dobson (27150938),Noah Dobson,27150938,D/UTIL,5800,TOR@NYI 03/21/2023 07:30PM ET,NYI,10.48
C,Sam Bennett (27149984),Sam Bennett,27149984,C/UTIL,5800,FLA@PHI 03/21/2023 07:00PM ET,FLA,10.17
RW,Jonathan Marchessault (27150288),Jonathan Marchessault,27150288,W/UTIL,5800,VGK@VAN 03/21/2023 10:00PM ET,VGK,10.54
RW,Joe Pavelski (27150296),Joe Pavelski,27150296,W/UTIL,5700,SEA@DAL 03/21/2023 08:30PM ET,DAL,10.98
D,Mikhail Sergachev (27150942),Mikhail Sergachev,27150942,D/UTIL,5700,TB@MON 03/21/2023 07:00PM ET,TB,10.72
C,Vincent Trocheck (27149986),Vincent Trocheck,27149986,C/UTIL,5700,CAR@NYR 03/21/2023 07:00PM ET,NYR,10.76
LW,Chris Kreider (27150294),Chris Kreider,27150294,W/UTIL,5700,CAR@NYR 03/21/2023 07:00PM ET,NYR,11.14
C,Nazem Kadri (27149988),Nazem Kadri,27149988,C/UTIL,5600,CGY@ANH 03/21/2023 10:00PM ET,CGY,10.76
D,Thomas Chabot (27150946),Thomas Chabot,27150946,D/UTIL,5600,OTT@BOS 03/21/2023 07:00PM ET,OTT,11.08
RW,Martin Necas (27150300),Martin Necas,27150300,W/UTIL,5600,CAR@NYR 03/21/2023 07:00PM ET,CAR,11.83
RW,Owen Tippett (27150298),Owen Tippett,27150298,W/UTIL,5600,FLA@PHI 03/21/2023 07:00PM ET,PHI,10.82
D,Moritz Seider (27150944),Moritz Seider,27150944,D/UTIL,5600,DET@STL 03/21/2023 08:00PM ET,DET,10.22
C,Mikael Backlund (27149990),Mikael Backlund,27149990,C/UTIL,5500,CGY@ANH 03/21/2023 10:00PM ET,CGY,10.72
D,Rasmus Andersson (27150948),Rasmus Andersson,27150948,D/UTIL,5500,CGY@ANH 03/21/2023 10:00PM ET,CGY,10.80
LW,Jared McCann (27150304),Jared McCann,27150304,W/UTIL,5500,SEA@DAL 03/21/2023 08:30PM ET,SEA,10.62
LW,Anders Lee (27150302),Anders Lee,27150302,W/UTIL,5500,TOR@NYI 03/21/2023 07:30PM ET,NYI,9.88
RW,Sam Reinhart (27150306),Sam Reinhart,27150306,W/UTIL,5500,FLA@PHI 03/21/2023 07:00PM ET,FLA,10.61
C,Trevor Zegras (27149992),Trevor Zegras,27149992,C/UTIL,5400,CGY@ANH 03/21/2023 10:00PM ET,ANH,9.78
LW,Frank Vatrano (27150310),Frank Vatrano,27150310,W/UTIL,5400,CGY@ANH 03/21/2023 10:00PM ET,ANH,9.41
D,Mike Matheson (27150950),Mike Matheson,27150950,D/UTIL,5400,TB@MON 03/21/2023 07:00PM ET,MON,10.32
LW,Andrei Kuzmenko (27150308),Andrei Kuzmenko,27150308,W/UTIL,5400,VGK@VAN 03/21/2023 10:00PM ET,VAN,9.74
D,Quinn Hughes (27150952),Quinn Hughes,27150952,D/UTIL,5400,VGK@VAN 03/21/2023 10:00PM ET,VAN,9.93
RW,Drake Batherson (27150316),Drake Batherson,27150316,W/UTIL,5300,OTT@BOS 03/21/2023 07:00PM ET,OTT,10.55
D,Charlie McAvoy (27150954),Charlie McAvoy,27150954,D/UTIL,5300,OTT@BOS 03/21/2023 07:00PM ET,BOS,10.63
C,Ryan Hartman (27149994),Ryan Hartman,27149994,C/UTIL,5300,MIN@NJ 03/21/2023 07:00PM ET,MIN,9.41
D,Jared Spurgeon (27150956),Jared Spurgeon,27150956,D/UTIL,5300,MIN@NJ 03/21/2023 07:00PM ET,MIN,10.18
RW,Mark Stone (27150314),Mark Stone,27150314,W/UTIL,5300,VGK@VAN 03/21/2023 10:00PM ET,VGK,11.13
RW,Nick Schmaltz (27150312),Nick Schmaltz,27150312,W/UTIL,5300,ARI@WPG 03/21/2023 08:00PM ET,ARI,10.25
LW,Adam Henrique (27150318),Adam Henrique,27150318,W/UTIL,5200,CGY@ANH 03/21/2023 10:00PM ET,ANH,8.62
C,Tommy Novak (27149996),Tommy Novak,27149996,C/UTIL,5200,NSH@BUF 03/21/2023 07:00PM ET,NSH,8.90
LW,Brandon Hagel (27150320),Brandon Hagel,27150320,W/UTIL,5200,TB@MON 03/21/2023 07:00PM ET,TB,10.47
RW,Vladimir Tarasenko (27150322),Vladimir Tarasenko,27150322,W/UTIL,5200,CAR@NYR 03/21/2023 07:00PM ET,NYR,9.78
D,Justin Faulk (27150958),Justin Faulk,27150958,D/UTIL,5200,DET@STL 03/21/2023 08:00PM ET,STL,9.77
D,Cam Fowler (27150962),Cam Fowler,27150962,D/UTIL,5100,CGY@ANH 03/21/2023 10:00PM ET,ANH,7.79
RW,Matt Duchene (27150326),Matt Duchene,27150326,W/UTIL,5100,NSH@BUF 03/21/2023 07:00PM ET,NSH,9.50
LW,Rafael Harvey-Pinard (27150324),Rafael Harvey-Pinard,27150324,W/UTIL,5100,TB@MON 03/21/2023 07:00PM ET,MON,10.17
C,Kevin Hayes (27149998),Kevin Hayes,27149998,C/UTIL,5100,FLA@PHI 03/21/2023 07:00PM ET,PHI,9.73
D,Trevor van Riemsdyk (27150960),Trevor van Riemsdyk,27150960,D/UTIL,5100,CLS@WAS 03/21/2023 07:00PM ET,WAS,7.94
C,Elias Lindholm (27150002),Elias Lindholm,27150002,C/UTIL,5000,CGY@ANH 03/21/2023 10:00PM ET,CGY,9.96
D,Noah Hanifin (27150964),Noah Hanifin,27150964,D/UTIL,5000,CGY@ANH 03/21/2023 10:00PM ET,CGY,9.13
RW,Mathew Barzal (27150330),Mathew Barzal,27150330,W/UTIL,5000,TOR@NYI 03/21/2023 07:30PM ET,NYI,10.24
RW,Jesper Bratt (27150328),Jesper Bratt,27150328,W/UTIL,5000,MIN@NJ 03/21/2023 07:00PM ET,NJ,10.92
D,Jake Walman (27150966),Jake Walman,27150966,D/UTIL,5000,DET@STL 03/21/2023 08:00PM ET,DET,8.69
C,Evgeny Kuznetsov (27150000),Evgeny Kuznetsov,27150000,C/UTIL,5000,CLS@WAS 03/21/2023 07:00PM ET,WAS,8.56
D,Tyson Barrie (27150970),Tyson Barrie,27150970,D/UTIL,4900,NSH@BUF 03/21/2023 07:00PM ET,NSH,8.44
C,Nick Suzuki (27150004),Nick Suzuki,27150004,C/UTIL,4900,TB@MON 03/21/2023 07:00PM ET,MON,9.08
C,Kirby Dach (27150006),Kirby Dach,27150006,C/UTIL,4900,TB@MON 03/21/2023 07:00PM ET,MON,8.10
D,Morgan Rielly (27150968),Morgan Rielly,27150968,D/UTIL,4900,TOR@NYI 03/21/2023 07:30PM ET,TOR,8.88
LW,Jakub Vrana (27150332),Jakub Vrana,27150332,W/UTIL,4900,DET@STL 03/21/2023 08:00PM ET,STL,9.66
LW,T.J. Oshie (27150334),T.J. Oshie,27150334,W/UTIL,4900,CLS@WAS 03/21/2023 07:00PM ET,WAS,8.76
D,Tony DeAngelo (27150972),Tony DeAngelo,27150972,D/UTIL,4800,FLA@PHI 03/21/2023 07:00PM ET,PHI,9.28
D,Gustav Forsling (27150974),Gustav Forsling,27150974,D/UTIL,4800,FLA@PHI 03/21/2023 07:00PM ET,FLA,9.15
RW,Brock Boeser (27150336),Brock Boeser,27150336,W/UTIL,4800,VGK@VAN 03/21/2023 10:00PM ET,VAN,8.9
C,Dylan Strome (27150008),Dylan Strome,27150008,C/UTIL,4800,CLS@WAS 03/21/2023 07:00PM ET,WAS,8.32
RW,Blake Wheeler (27150338),Blake Wheeler,27150338,W/UTIL,4800,ARI@WPG 03/21/2023 08:00PM ET,WPG,8.46
LW,Taylor Hall (27150340),Taylor Hall,27150340,W/UTIL,4700,OTT@BOS 03/21/2023 07:00PM ET,BOS,9.13
D,Hampus Lindholm (27150976),Hampus Lindholm,27150976,D/UTIL,4700,OTT@BOS 03/21/2023 07:00PM ET,BOS,9.27
D,Dmitry Orlov (27150978),Dmitry Orlov,27150978,D/UTIL,4700,OTT@BOS 03/21/2023 07:00PM ET,BOS,8.42
D,Vince Dunn (27150980),Vince Dunn,27150980,D/UTIL,4700,SEA@DAL 03/21/2023 08:30PM ET,SEA,9.05
RW,Dawson Mercer (27150342),Dawson Mercer,27150342,W/UTIL,4700,MIN@NJ 03/21/2023 07:00PM ET,NJ,9.27
C,Robert Thomas (27150010),Robert Thomas,27150010,C/UTIL,4700,DET@STL 03/21/2023 08:00PM ET,STL,8.37
LW,Reilly Smith (27150344),Reilly Smith,27150344,W/UTIL,4700,VGK@VAN 03/21/2023 10:00PM ET,VGK,9.36
C,Mason McTavish (27150012),Mason McTavish,27150012,C/UTIL,4600,CGY@ANH 03/21/2023 10:00PM ET,ANH,7.79
D,Kevin Shattenkirk (27150984),Kevin Shattenkirk,27150984,D/UTIL,4600,CGY@ANH 03/21/2023 10:00PM ET,ANH,7.79
D,Shayne Gostisbehere (27150986),Shayne Gostisbehere,27150986,D/UTIL,4600,CAR@NYR 03/21/2023 07:00PM ET,CAR,9.21
RW,David Perron (27150350),David Perron,27150350,W/UTIL,4600,DET@STL 03/21/2023 08:00PM ET,DET,8.28
D,Torey Krug (27150982),Torey Krug,27150982,D/UTIL,4600,DET@STL 03/21/2023 08:00PM ET,STL,8.61
RW,Anthony Beauvillier (27150348),Anthony Beauvillier,27150348,W/UTIL,4600,VGK@VAN 03/21/2023 10:00PM ET,VAN,7.79
RW,Kirill Marchenko (27150346),Kirill Marchenko,27150346,W/UTIL,4600,CLS@WAS 03/21/2023 07:00PM ET,CLS,8.27
C,Brayden Schenn (27150014),Brayden Schenn,27150014,C/UTIL,4500,DET@STL 03/21/2023 08:00PM ET,STL,8.01
D,Filip Hronek (27150988),Filip Hronek,27150988,D/UTIL,4500,VGK@VAN 03/21/2023 10:00PM ET,VAN,8.51
RW,Tom Wilson (27150352),Tom Wilson,27150352,W/UTIL,4500,CLS@WAS 03/21/2023 07:00PM ET,WAS,8.46
D,Rasmus Sandin (27150990),Rasmus Sandin,27150990,D/UTIL,4500,CLS@WAS 03/21/2023 07:00PM ET,WAS,6.36
C,Barrett Hayton (27150016),Barrett Hayton,27150016,C/UTIL,4500,ARI@WPG 03/21/2023 08:00PM ET,ARI,7.61
RW,Nino Niederreiter (27150354),Nino Niederreiter,27150354,W/UTIL,4500,ARI@WPG 03/21/2023 08:00PM ET,WPG,8.10
D,Juuso Valimaki (27150992),Juuso Valimaki,27150992,D/UTIL,4500,ARI@WPG 03/21/2023 08:00PM ET,ARI,6.36
C,David Krejci (27150018),David Krejci,27150018,C/UTIL,4400,OTT@BOS 03/21/2023 07:00PM ET,BOS,8.65
LW,Max Domi (27150358),Max Domi,27150358,W/UTIL,4400,SEA@DAL 03/21/2023 08:30PM ET,DAL,9.12
RW,Tyler Seguin (27150360),Tyler Seguin,27150360,W/UTIL,4400,SEA@DAL 03/21/2023 08:30PM ET,DAL,8.74
C,Filip Chytil (27150020),Filip Chytil,27150020,C/UTIL,4400,CAR@NYR 03/21/2023 07:00PM ET,NYR,8.76
LW,Scott Laughton (27150356),Scott Laughton,27150356,W/UTIL,4400,FLA@PHI 03/21/2023 07:00PM ET,PHI,9.06
D,Ivan Provorov (27150994),Ivan Provorov,27150994,D/UTIL,4400,FLA@PHI 03/21/2023 07:00PM ET,PHI,7.86
D,Ben Chiarot (27151000),Ben Chiarot,27151000,D/UTIL,4400,DET@STL 03/21/2023 08:00PM ET,DET,8.02
D,Alec Martinez (27150996),Alec Martinez,27150996,D/UTIL,4400,VGK@VAN 03/21/2023 10:00PM ET,VGK,8.53
D,Neal Pionk (27150998),Neal Pionk,27150998,D/UTIL,4400,ARI@WPG 03/21/2023 08:00PM ET,WPG,7.84
C,Anthony Cirelli (27150022),Anthony Cirelli,27150022,C/UTIL,4300,TB@MON 03/21/2023 07:00PM ET,TB,8.08
RW,Alex Killorn (27150364),Alex Killorn,27150364,W/UTIL,4300,TB@MON 03/21/2023 07:00PM ET,TB,8.39
D,David Savard (27151002),David Savard,27151002,D/UTIL,4300,TB@MON 03/21/2023 07:00PM ET,MON,8.46
LW,Zach Parise (27150362),Zach Parise,27150362,W/UTIL,4300,TOR@NYI 03/21/2023 07:30PM ET,NYI,8.56
D,John Klingberg (27151004),John Klingberg,27151004,D/UTIL,4300,MIN@NJ 03/21/2023 07:00PM ET,MIN,7.35
D,MacKenzie Weegar (27151006),MacKenzie Weegar,27151006,D/UTIL,4200,CGY@ANH 03/21/2023 10:00PM ET,CGY,7.10
RW,Luke Evangelista (27150368),Luke Evangelista,27150368,W/UTIL,4200,NSH@BUF 03/21/2023 07:00PM ET,NSH,6.98
D,Ryan McDonagh (27151008),Ryan McDonagh,27151008,D/UTIL,4200,NSH@BUF 03/21/2023 07:00PM ET,NSH,6.78
C,Sean Monahan (27150024),Sean Monahan,27150024,C/UTIL,4200,TB@MON 03/21/2023 07:00PM ET,MON,8.20
RW,Anthony Duclair (27150366),Anthony Duclair,27150366,W/UTIL,4200,FLA@PHI 03/21/2023 07:00PM ET,FLA,7.36
RW,Lucas Raymond (27150370),Lucas Raymond,27150370,W/UTIL,4200,DET@STL 03/21/2023 08:00PM ET,DET,7.49
C,William Karlsson (27150026),William Karlsson,27150026,C/UTIL,4200,VGK@VAN 03/21/2023 10:00PM ET,VGK,7.87
LW,Jonathan Huberdeau (27150372),Jonathan Huberdeau,27150372,W/UTIL,4100,CGY@ANH 03/21/2023 10:00PM ET,CGY,7.30
C,Matty Beniers (27150028),Matty Beniers,27150028,C/UTIL,4100,SEA@DAL 03/21/2023 08:30PM ET,SEA,8.57
RW,Oliver Bjorkstrand (27150376),Oliver Bjorkstrand,27150376,W/UTIL,4100,SEA@DAL 03/21/2023 08:30PM ET,SEA,8.62
LW,Andre Burakovsky (27150378),Andre Burakovsky,27150378,W/UTIL,4100,SEA@DAL 03/21/2023 08:30PM ET,SEA,8.83
C,Ryan O'Reilly (27150030),Ryan O'Reilly,27150030,C/UTIL,4100,TOR@NYI 03/21/2023 07:30PM ET,TOR,7.92
RW,Kyle Palmieri (27150374),Kyle Palmieri,27150374,W/UTIL,4100,TOR@NYI 03/21/2023 07:30PM ET,NYI,7.64
D,Mark Giordano (27151012),Mark Giordano,27151012,D/UTIL,4100,TOR@NYI 03/21/2023 07:30PM ET,TOR,7.31
LW,Dominik Kubalik (27150380),Dominik Kubalik,27150380,W/UTIL,4100,DET@STL 03/21/2023 08:00PM ET,DET,8.07
D,Colton Parayko (27151010),Colton Parayko,27151010,D/UTIL,4100,DET@STL 03/21/2023 08:00PM ET,STL,7.72
C,Pavel Zacha (27150032),Pavel Zacha,27150032,C/UTIL,4000,OTT@BOS 03/21/2023 07:00PM ET,BOS,7.09
D,Jake Sanderson (27151018),Jake Sanderson,27151018,D/UTIL,4000,OTT@BOS 03/21/2023 07:00PM ET,OTT,8.10
RW,Josh Anderson (27150382),Josh Anderson,27150382,W/UTIL,4000,TB@MON 03/21/2023 07:00PM ET,MON,8.37
LW,Michael Bunting (27150386),Michael Bunting,27150386,W/UTIL,4000,TOR@NYI 03/21/2023 07:30PM ET,TOR,7.78
D,Scott Mayfield (27151014),Scott Mayfield,27151014,D/UTIL,4000,TOR@NYI 03/21/2023 07:30PM ET,NYI,7.55
D,Ryan Pulock (27151016),Ryan Pulock,27151016,D/UTIL,4000,TOR@NYI 03/21/2023 07:30PM ET,NYI,6.85
D,Brady Skjei (27151020),Brady Skjei,27151020,D/UTIL,4000,CAR@NYR 03/21/2023 07:00PM ET,CAR,8.01
LW,Ivan Barbashev (27150384),Ivan Barbashev,27150384,W/UTIL,4000,VGK@VAN 03/21/2023 10:00PM ET,VGK,6.68
RW,Ryan Strome (27150388),Ryan Strome,27150388,W/UTIL,3900,CGY@ANH 03/21/2023 10:00PM ET,ANH,6.09
C,Charlie Coyle (27150034),Charlie Coyle,27150034,C/UTIL,3900,OTT@BOS 03/21/2023 07:00PM ET,BOS,7.43
LW,Philip Tomasino (27150392),Philip Tomasino,27150392,W/UTIL,3900,NSH@BUF 03/21/2023 07:00PM ET,NSH,7.18
RW,Victor Olofsson (27150394),Victor Olofsson,27150394,W/UTIL,3900,NSH@BUF 03/21/2023 07:00PM ET,BUF,7.87
RW,Jordan Eberle (27150390),Jordan Eberle,27150390,W/UTIL,3900,SEA@DAL 03/21/2023 08:30PM ET,SEA,8.62
D,Adam Larsson (27151028),Adam Larsson,27151028,D/UTIL,3900,SEA@DAL 03/21/2023 08:30PM ET,SEA,9.06
D,Joel Edmundson (27151022),Joel Edmundson,27151022,D/UTIL,3900,TB@MON 03/21/2023 07:00PM ET,MON,8.08
D,Nick Perbix (27151030),Nick Perbix,27151030,D/UTIL,3900,TB@MON 03/21/2023 07:00PM ET,TB,6.05
D,Jaccob Slavin (27151026),Jaccob Slavin,27151026,D/UTIL,3900,CAR@NYR 03/21/2023 07:00PM ET,CAR,7.53
D,Ethan Bear (27151024),Ethan Bear,27151024,D/UTIL,3900,VGK@VAN 03/21/2023 10:00PM ET,VAN,6.13
LW,Andrew Mangiapane (27150398),Andrew Mangiapane,27150398,W/UTIL,3800,CGY@ANH 03/21/2023 10:00PM ET,CGY,7.02
RW,Blake Coleman (27150400),Blake Coleman,27150400,W/UTIL,3800,CGY@ANH 03/21/2023 10:00PM ET,CGY,8.03
D,Dante Fabbro (27151038),Dante Fabbro,27151038,D/UTIL,3800,NSH@BUF 03/21/2023 07:00PM ET,NSH,5.44
D,Owen Power (27151042),Owen Power,27151042,D/UTIL,3800,NSH@BUF 03/21/2023 07:00PM ET,BUF,6.47
C,Jean-Gabriel Pageau (27150038),Jean-Gabriel Pageau,27150038,C/UTIL,3800,TOR@NYI 03/21/2023 07:30PM ET,NYI,7.88
D,K'Andre Miller (27151040),K'Andre Miller,27151040,D/UTIL,3800,CAR@NYR 03/21/2023 07:00PM ET,NYR,7.63
D,Ryan Graves (27151034),Ryan Graves,27151034,D/UTIL,3800,MIN@NJ 03/21/2023 07:00PM ET,NJ,8.08
LW,Eetu Luostarinen (27150402),Eetu Luostarinen,27150402,W/UTIL,3800,FLA@PHI 03/21/2023 07:00PM ET,FLA,7.03
D,Rasmus Ristolainen (27151036),Rasmus Ristolainen,27151036,D/UTIL,3800,FLA@PHI 03/21/2023 07:00PM ET,PHI,6.59
C,Chandler Stephenson (27150036),Chandler Stephenson,27150036,C/UTIL,3800,VGK@VAN 03/21/2023 10:00PM ET,VGK,7.89
D,Adam Boqvist (27151032),Adam Boqvist,27151032,D/UTIL,3800,CLS@WAS 03/21/2023 07:00PM ET,CLS,6.80
RW,Lawson Crouse (27150396),Lawson Crouse,27150396,W/UTIL,3800,ARI@WPG 03/21/2023 08:00PM ET,ARI,8.23
C,Cody Glass (27150040),Cody Glass,27150040,C/UTIL,3700,NSH@BUF 03/21/2023 07:00PM ET,NSH,6.59
C,Ryan Johansen (27150042),Ryan Johansen,27150042,C/UTIL,3700,NSH@BUF 03/21/2023 07:00PM ET,NSH,6.27
D,Adam Pelech (27151050),Adam Pelech,27151050,D/UTIL,3700,TOR@NYI 03/21/2023 07:30PM ET,NYI,6.89
LW,Seth Jarvis (27150408),Seth Jarvis,27150408,W/UTIL,3700,CAR@NYR 03/21/2023 07:00PM ET,CAR,7.54
D,Jonas Brodin (27151052),Jonas Brodin,27151052,D/UTIL,3700,MIN@NJ 03/21/2023 07:00PM ET,MIN,7.36
C,Andrew Copp (27150044),Andrew Copp,27150044,C/UTIL,3700,DET@STL 03/21/2023 08:00PM ET,DET,6.30
RW,Conor Garland (27150406),Conor Garland,27150406,W/UTIL,3700,VGK@VAN 03/21/2023 10:00PM ET,VAN,7.07
D,Tyler Myers (27151046),Tyler Myers,27151046,D/UTIL,3700,VGK@VAN 03/21/2023 10:00PM ET,VAN,6.29
D,Brayden McNabb (27151054),Brayden McNabb,27151054,D/UTIL,3700,VGK@VAN 03/21/2023 10:00PM ET,VGK,7.34
RW,Jack Roslovic (27150404),Jack Roslovic,27150404,W/UTIL,3700,CLS@WAS 03/21/2023 07:00PM ET,CLS,6.78
D,Nick Blankenburg (27151044),Nick Blankenburg,27151044,D/UTIL,3700,CLS@WAS 03/21/2023 07:00PM ET,CLS,6.67
D,Martin Fehervary (27151048),Martin Fehervary,27151048,D/UTIL,3700,CLS@WAS 03/21/2023 07:00PM ET,WAS,6.79
LW,Tyler Bertuzzi (27150410),Tyler Bertuzzi,27150410,W/UTIL,3600,OTT@BOS 03/21/2023 07:00PM ET,BOS,7.00
D,Travis Hamonic (27151066),Travis Hamonic,27151066,D/UTIL,3600,OTT@BOS 03/21/2023 07:00PM ET,OTT,7.87
D,Esa Lindell (27151064),Esa Lindell,27151064,D/UTIL,3600,SEA@DAL 03/21/2023 08:30PM ET,DAL,7.36
D,Ian Cole (27151062),Ian Cole,27151062,D/UTIL,3600,TB@MON 03/21/2023 07:00PM ET,TB,6.18
RW,Calle Jarnkrok (27150422),Calle Jarnkrok,27150422,W/UTIL,3600,TOR@NYI 03/21/2023 07:30PM ET,TOR,6.58
LW,Jordan Martinook (27150416),Jordan Martinook,27150416,W/UTIL,3600,CAR@NYR 03/21/2023 07:00PM ET,CAR,6.54
LW,Teuvo Teravainen (27150418),Teuvo Teravainen,27150418,W/UTIL,3600,CAR@NYR 03/21/2023 07:00PM ET,CAR,7.78
LW,Erik Haula (27150414),Erik Haula,27150414,W/UTIL,3600,MIN@NJ 03/21/2023 07:00PM ET,NJ,7.01
D,Jake Middleton (27151056),Jake Middleton,27151056,D/UTIL,3600,MIN@NJ 03/21/2023 07:00PM ET,MIN,6.10
C,Morgan Frost (27150046),Morgan Frost,27150046,C/UTIL,3600,FLA@PHI 03/21/2023 07:00PM ET,PHI,7.03
C,Anton Lundell (27150048),Anton Lundell,27150048,C/UTIL,3600,FLA@PHI 03/21/2023 07:00PM ET,FLA,7.04
D,Cam York (27151060),Cam York,27151060,D/UTIL,3600,FLA@PHI 03/21/2023 07:00PM ET,PHI,5.22
D,Oliver Ekman-Larsson (27151058),Oliver Ekman-Larsson,27151058,D/UTIL,3600,VGK@VAN 03/21/2023 10:00PM ET,VAN,6.02
RW,Conor Sheary (27150412),Conor Sheary,27150412,W/UTIL,3600,CLS@WAS 03/21/2023 07:00PM ET,WAS,6.40
LW,Cole Perfetti (27150420),Cole Perfetti,27150420,W/UTIL,3600,ARI@WPG 03/21/2023 08:00PM ET,WPG,6.88
C,Derek Grant (27150050),Derek Grant,27150050,C/UTIL,3500,CGY@ANH 03/21/2023 10:00PM ET,ANH,5.78
LW,Brock McGinn (27150428),Brock McGinn,27150428,W/UTIL,3500,CGY@ANH 03/21/2023 10:00PM ET,ANH,4.83
LW,Jakob Pelletier (27150430),Jakob Pelletier,27150430,W/UTIL,3500,CGY@ANH 03/21/2023 10:00PM ET,CGY,5.71
D,Mattias Samuelsson (27151078),Mattias Samuelsson,27151078,D/UTIL,3500,NSH@BUF 03/21/2023 07:00PM ET,BUF,6.15
C,Wyatt Johnston (27150054),Wyatt Johnston,27150054,C/UTIL,3500,SEA@DAL 03/21/2023 08:30PM ET,DAL,7.15
LW,Denis Gurianov (27150426),Denis Gurianov,27150426,W/UTIL,3500,TB@MON 03/21/2023 07:00PM ET,MON,5.18
RW,Nicholas Paul (27150432),Nicholas Paul,27150432,W/UTIL,3500,TB@MON 03/21/2023 07:00PM ET,TB,6.41
LW,Ross Colton (27150434),Ross Colton,27150434,W/UTIL,3500,TB@MON 03/21/2023 07:00PM ET,TB,6.25
LW,Michael Eyssimont (27150436),Michael Eyssimont,27150436,W/UTIL,3500,TB@MON 03/21/2023 07:00PM ET,TB,5.97
LW,Alexander Kerfoot (27150438),Alexander Kerfoot,27150438,W/UTIL,3500,TOR@NYI 03/21/2023 07:30PM ET,TOR,5.82
D,Erik Gustafsson (27151074),Erik Gustafsson,27151074,D/UTIL,3500,TOR@NYI 03/21/2023 07:30PM ET,TOR,7.84
C,Noah Cates (27150052),Noah Cates,27150052,C/UTIL,3500,FLA@PHI 03/21/2023 07:00PM ET,PHI,5.81
RW,Kasperi Kapanen (27150424),Kasperi Kapanen,27150424,W/UTIL,3500,DET@STL 03/21/2023 08:00PM ET,STL,6.44
D,Olli Maatta (27151076),Olli Maatta,27151076,D/UTIL,3500,DET@STL 03/21/2023 08:00PM ET,DET,5.83
D,Andrew Peeke (27151068),Andrew Peeke,27151068,D/UTIL,3500,CLS@WAS 03/21/2023 07:00PM ET,CLS,6.72
D,Nick Jensen (27151070),Nick Jensen,27151070,D/UTIL,3500,CLS@WAS 03/21/2023 07:00PM ET,WAS,7.02
D,Nate Schmidt (27151072),Nate Schmidt,27151072,D/UTIL,3500,ARI@WPG 03/21/2023 08:00PM ET,WPG,5.87
C,Shane Pinto (27150060),Shane Pinto,27150060,C/UTIL,3400,OTT@BOS 03/21/2023 07:00PM ET,OTT,6.84
RW,Jack Quinn (27150452),Jack Quinn,27150452,W/UTIL,3400,NSH@BUF 03/21/2023 07:00PM ET,BUF,6.08
C,Yanni Gourde (27150058),Yanni Gourde,27150058,C/UTIL,3400,SEA@DAL 03/21/2023 08:30PM ET,SEA,7.36
LW,Eeli Tolvanen (27150450),Eeli Tolvanen,27150450,W/UTIL,3400,SEA@DAL 03/21/2023 08:30PM ET,SEA,8.12
LW,Mason Marchment (27150454),Mason Marchment,27150454,W/UTIL,3400,SEA@DAL 03/21/2023 08:30PM ET,DAL,7.32
C,Christian Dvorak (27150056),Christian Dvorak,27150056,C/UTIL,3400,TB@MON 03/21/2023 07:00PM ET,MON,6.59
RW,Mike Hoffman (27150442),Mike Hoffman,27150442,W/UTIL,3400,TB@MON 03/21/2023 07:00PM ET,MON,7.97
D,Erik Cernak (27151090),Erik Cernak,27151090,D/UTIL,3400,TB@MON 03/21/2023 07:00PM ET,TB,5.59
D,Brett Pesce (27151088),Brett Pesce,27151088,D/UTIL,3400,CAR@NYR 03/21/2023 07:00PM ET,CAR,7.07
RW,Tomas Tatar (27150446),Tomas Tatar,27150446,W/UTIL,3400,MIN@NJ 03/21/2023 07:00PM ET,NJ,7.24
LW,Ondrej Palat (27150448),Ondrej Palat,27150448,W/UTIL,3400,MIN@NJ 03/21/2023 07:00PM ET,NJ,7.18
D,Damon Severson (27151084),Damon Severson,27151084,D/UTIL,3400,MIN@NJ 03/21/2023 07:00PM ET,NJ,6.74
D,Travis Sanheim (27151086),Travis Sanheim,27151086,D/UTIL,3400,FLA@PHI 03/21/2023 07:00PM ET,PHI,6.67
LW,Justin Danforth (27150440),Justin Danforth,27150440,W/UTIL,3400,CLS@WAS 03/21/2023 07:00PM ET,CLS,6.88
D,Erik Gudbranson (27151080),Erik Gudbranson,27151080,D/UTIL,3400,CLS@WAS 03/21/2023 07:00PM ET,CLS,6.63
D,Jake Bean (27151082),Jake Bean,27151082,D/UTIL,3400,CLS@WAS 03/21/2023 07:00PM ET,CLS,6.49
LW,Brett Ritchie (27150444),Brett Ritchie,27150444,W/UTIL,3400,ARI@WPG 03/21/2023 08:00PM ET,ARI,4.75
LW,Dillon Dube (27150456),Dillon Dube,27150456,W/UTIL,3300,CGY@ANH 03/21/2023 10:00PM ET,CGY,6.86
D,Scott Harrington (27151098),Scott Harrington,27151098,D/UTIL,3300,CGY@ANH 03/21/2023 10:00PM ET,ANH,6.04
C,Casey Mittelstadt (27150064),Casey Mittelstadt,27150064,C/UTIL,3300,NSH@BUF 03/21/2023 07:00PM ET,BUF,6.24
LW,Yakov Trenin (27150462),Yakov Trenin,27150462,W/UTIL,3300,NSH@BUF 03/21/2023 07:00PM ET,NSH,5.78
LW,Jaden Schwartz (27150460),Jaden Schwartz,27150460,W/UTIL,3300,SEA@DAL 03/21/2023 08:30PM ET,SEA,8.31
D,Kaiden Guhle (27151092),Kaiden Guhle,27151092,D/UTIL,3300,TB@MON 03/21/2023 07:00PM ET,MON,7.09
D,Alexander Romanov (27151102),Alexander Romanov,27151102,D/UTIL,3300,TOR@NYI 03/21/2023 07:30PM ET,NYI,6.6
LW,Alexis Lafreniere (27150464),Alexis Lafreniere,27150464,W/UTIL,3300,CAR@NYR 03/21/2023 07:00PM ET,NYR,6.18
C,Frederick Gaudreau (27150066),Frederick Gaudreau,27150066,C/UTIL,3300,MIN@NJ 03/21/2023 07:00PM ET,MIN,6.58
LW,Marcus Johansson (27150468),Marcus Johansson,27150468,W/UTIL,3300,MIN@NJ 03/21/2023 07:00PM ET,MIN,6.32
LW,Joel Farabee (27150458),Joel Farabee,27150458,W/UTIL,3300,FLA@PHI 03/21/2023 07:00PM ET,PHI,6.06
D,Nick Seeler (27151100),Nick Seeler,27151100,D/UTIL,3300,FLA@PHI 03/21/2023 07:00PM ET,PHI,6.3
D,Radko Gudas (27151106),Radko Gudas,27151106,D/UTIL,3300,FLA@PHI 03/21/2023 07:00PM ET,FLA,6.49
RW,Robby Fabbri (27150466),Robby Fabbri,27150466,W/UTIL,3300,DET@STL 03/21/2023 08:00PM ET,DET,6.62
RW,Pavel Dorofeyev (27150470),Pavel Dorofeyev,27150470,W/UTIL,3300,VGK@VAN 03/21/2023 10:00PM ET,VGK,8.84
C,Nicklas Backstrom (27150062),Nicklas Backstrom,27150062,C/UTIL,3300,CLS@WAS 03/21/2023 07:00PM ET,WAS,6.28
D,J.J. Moser (27151094),J.J. Moser,27151094,D/UTIL,3300,ARI@WPG 03/21/2023 08:00PM ET,ARI,6.21
D,Victor Soderstrom (27151096),Victor Soderstrom,27151096,D/UTIL,3300,ARI@WPG 03/21/2023 08:00PM ET,ARI,6.43
D,Dylan DeMelo (27151104),Dylan DeMelo,27151104,D/UTIL,3300,ARI@WPG 03/21/2023 08:00PM ET,WPG,6.16
D,Simon Benoit (27151112),Simon Benoit,27151112,D/UTIL,3200,CGY@ANH 03/21/2023 10:00PM ET,ANH,5.38
D,Oliver Kylington (27151114),Oliver Kylington,27151114,D/UTIL,3200,CGY@ANH 03/21/2023 10:00PM ET,CGY,0
RW,Brendan Gallagher (27150476),Brendan Gallagher,27150476,W/UTIL,3200,TB@MON 03/21/2023 07:00PM ET,MON,6.56
D,Zach Bogosian (27151118),Zach Bogosian,27151118,D/UTIL,3200,TB@MON 03/21/2023 07:00PM ET,TB,4.19
D,Ryan Lindgren (27151120),Ryan Lindgren,27151120,D/UTIL,3200,CAR@NYR 03/21/2023 07:00PM ET,NYR,6.00
C,Eric Staal (27150072),Eric Staal,27150072,C/UTIL,3200,FLA@PHI 03/21/2023 07:00PM ET,FLA,6.02
RW,James van Riemsdyk (27150480),James van Riemsdyk,27150480,W/UTIL,3200,FLA@PHI 03/21/2023 07:00PM ET,PHI,6.82
RW,Alex Chiasson (27150472),Alex Chiasson,27150472,W/UTIL,3200,DET@STL 03/21/2023 08:00PM ET,DET,6.85
D,Calle Rosen (27151108),Calle Rosen,27151108,D/UTIL,3200,DET@STL 03/21/2023 08:00PM ET,STL,6.15
LW,Phillip Di Giuseppe (27150478),Phillip Di Giuseppe,27150478,W/UTIL,3200,VGK@VAN 03/21/2023 10:00PM ET,VAN,6.25
LW,William Carrier (27150482),William Carrier,27150482,W/UTIL,3200,VGK@VAN 03/21/2023 10:00PM ET,VGK,7.06
D,Noah Juulsen (27151110),Noah Juulsen,27151110,D/UTIL,3200,VGK@VAN 03/21/2023 10:00PM ET,VAN,3.11
C,Nic Dowd (27150068),Nic Dowd,27150068,C/UTIL,3200,CLS@WAS 03/21/2023 07:00PM ET,WAS,5.78
RW,Emil Bemstrom (27150474),Emil Bemstrom,27150474,W/UTIL,3200,CLS@WAS 03/21/2023 07:00PM ET,CLS,5.70
C,Adam Lowry (27150070),Adam Lowry,27150070,C/UTIL,3200,ARI@WPG 03/21/2023 08:00PM ET,WPG,5.91
D,Brenden Dillon (27151116),Brenden Dillon,27151116,D/UTIL,3200,ARI@WPG 03/21/2023 08:00PM ET,WPG,5.30
RW,Jakob Silfverberg (27150490),Jakob Silfverberg,27150490,W/UTIL,3100,CGY@ANH 03/21/2023 10:00PM ET,ANH,5.72
D,Matt Grzelcyk (27151124),Matt Grzelcyk,27151124,D/UTIL,3100,OTT@BOS 03/21/2023 07:00PM ET,BOS,6.11
C,Colton Sissons (27150074),Colton Sissons,27150074,C/UTIL,3100,NSH@BUF 03/21/2023 07:00PM ET,NSH,5.25
LW,Jordan Greenway (27150494),Jordan Greenway,27150494,W/UTIL,3100,NSH@BUF 03/21/2023 07:00PM ET,BUF,3.95
D,Johnathan Kovacevic (27151126),Johnathan Kovacevic,27151126,D/UTIL,3100,TB@MON 03/21/2023 07:00PM ET,MON,4.37
D,T.J. Brodie (27151130),T.J. Brodie,27151130,D/UTIL,3100,TOR@NYI 03/21/2023 07:30PM ET,TOR,6.41
D,Justin Holl (27151132),Justin Holl,27151132,D/UTIL,3100,TOR@NYI 03/21/2023 07:30PM ET,TOR,5.60
D,Jake McCabe (27151134),Jake McCabe,27151134,D/UTIL,3100,TOR@NYI 03/21/2023 07:30PM ET,TOR,7.26
D,Matt Dumba (27151136),Matt Dumba,27151136,D/UTIL,3100,MIN@NJ 03/21/2023 07:00PM ET,MIN,5.44
D,Alex Goligoski (27151138),Alex Goligoski,27151138,D/UTIL,3100,MIN@NJ 03/21/2023 07:00PM ET,MIN,5.77
LW,Brandon Saad (27150486),Brandon Saad,27150486,W/UTIL,3100,DET@STL 03/21/2023 08:00PM ET,STL,7.05
LW,Pius Suter (27150492),Pius Suter,27150492,W/UTIL,3100,DET@STL 03/21/2023 08:00PM ET,DET,5.00
D,Nick Leddy (27151122),Nick Leddy,27151122,D/UTIL,3100,DET@STL 03/21/2023 08:00PM ET,STL,5.10
D,Guillaume Brisebois (27151128),Guillaume Brisebois,27151128,D/UTIL,3100,VGK@VAN 03/21/2023 10:00PM ET,VAN,5.51
LW,Kent Johnson (27150484),Kent Johnson,27150484,W/UTIL,3100,CLS@WAS 03/21/2023 07:00PM ET,CLS,6.21
LW,Anthony Mantha (27150488),Anthony Mantha,27150488,W/UTIL,3100,CLS@WAS 03/21/2023 07:00PM ET,WAS,5.98
D,Chris Tanev (27151150),Chris Tanev,27151150,D/UTIL,3000,CGY@ANH 03/21/2023 10:00PM ET,CGY,6.52
D,Brandon Carlo (27151140),Brandon Carlo,27151140,D/UTIL,3000,OTT@BOS 03/21/2023 07:00PM ET,BOS,6.08
D,Artem Zub (27151156),Artem Zub,27151156,D/UTIL,3000,OTT@BOS 03/21/2023 07:00PM ET,OTT,4.51
D,Justin Schultz (27151154),Justin Schultz,27151154,D/UTIL,3000,SEA@DAL 03/21/2023 08:30PM ET,SEA,6.55
RW,Jesse Ylonen (27150498),Jesse Ylonen,27150498,W/UTIL,3000,TB@MON 03/21/2023 07:00PM ET,MON,5.46
D,Jordan Harris (27151142),Jordan Harris,27151142,D/UTIL,3000,TB@MON 03/21/2023 07:00PM ET,MON,5.6
C,Sam Lafferty (27150080),Sam Lafferty,27150080,C/UTIL,3000,TOR@NYI 03/21/2023 07:30PM ET,TOR,5.82
RW,Simon Holmstrom (27150500),Simon Holmstrom,27150500,W/UTIL,3000,TOR@NYI 03/21/2023 07:30PM ET,NYI,2.66
RW,Hudson Fasching (27150502),Hudson Fasching,27150502,W/UTIL,3000,TOR@NYI 03/21/2023 07:30PM ET,NYI,4.86
D,Sebastian Aho (27151152),Sebastian Aho,27151152,D/UTIL,3000,TOR@NYI 03/21/2023 07:30PM ET,NYI,5.36
LW,Sam Steel (27150506),Sam Steel,27150506,W/UTIL,3000,MIN@NJ 03/21/2023 07:00PM ET,MIN,4.86
D,Jonas Siegenthaler (27151148),Jonas Siegenthaler,27151148,D/UTIL,3000,MIN@NJ 03/21/2023 07:00PM ET,NJ,6.65
LW,Alexey Toropchenko (27150496),Alexey Toropchenko,27150496,W/UTIL,3000,DET@STL 03/21/2023 08:00PM ET,STL,4.16
C,Sheldon Dries (27150076),Sheldon Dries,27150076,C/UTIL,3000,VGK@VAN 03/21/2023 10:00PM ET,VAN,5.58
C,Nicolas Roy (27150078),Nicolas Roy,27150078,C/UTIL,3000,VGK@VAN 03/21/2023 10:00PM ET,VGK,6.21
D,Alexander Alexeyev (27151144),Alexander Alexeyev,27151144,D/UTIL,3000,CLS@WAS 03/21/2023 07:00PM ET,WAS,4.81
D,Matt Irwin (27151146),Matt Irwin,27151146,D/UTIL,3000,CLS@WAS 03/21/2023 07:00PM ET,WAS,4.63
LW,Vladislav Namestnikov (27150504),Vladislav Namestnikov,27150504,W/UTIL,3000,ARI@WPG 03/21/2023 08:00PM ET,WPG,4.76
D,Michael Stone (27151164),Michael Stone,27151164,D/UTIL,2900,CGY@ANH 03/21/2023 10:00PM ET,CGY,6.61
D,Alexandre Carrier (27151166),Alexandre Carrier,27151166,D/UTIL,2900,NSH@BUF 03/21/2023 07:00PM ET,NSH,5.35
C,Alex Wennberg (27150086),Alex Wennberg,27150086,C/UTIL,2900,SEA@DAL 03/21/2023 08:30PM ET,SEA,6.17
D,Colin Miller (27151170),Colin Miller,27151170,D/UTIL,2900,SEA@DAL 03/21/2023 08:30PM ET,DAL,4.61
RW,Joel Armia (27150508),Joel Armia,27150508,W/UTIL,2900,TB@MON 03/21/2023 07:00PM ET,MON,5.43
RW,Josh Bailey (27150516),Josh Bailey,27150516,W/UTIL,2900,TOR@NYI 03/21/2023 07:30PM ET,NYI,4.90
RW,Jesse Puljujarvi (27150514),Jesse Puljujarvi,27150514,W/UTIL,2900,CAR@NYR 03/21/2023 07:00PM ET,CAR,4.41
D,Braden Schneider (27151168),Braden Schneider,27151168,D/UTIL,2900,CAR@NYR 03/21/2023 07:00PM ET,NYR,5.72
D,Calen Addison (27151172),Calen Addison,27151172,D/UTIL,2900,MIN@NJ 03/21/2023 07:00PM ET,MIN,5.42
RW,Wade Allison (27150512),Wade Allison,27150512,W/UTIL,2900,FLA@PHI 03/21/2023 07:00PM ET,PHI,5.60
LW,Sonny Milano (27150510),Sonny Milano,27150510,W/UTIL,2900,CLS@WAS 03/21/2023 07:00PM ET,WAS,5.75
D,Gavin Bayreuther (27151158),Gavin Bayreuther,27151158,D/UTIL,2900,CLS@WAS 03/21/2023 07:00PM ET,CLS,5.79
C,Jack McBain (27150082),Jack McBain,27150082,C/UTIL,2900,ARI@WPG 03/21/2023 08:00PM ET,ARI,4.57
C,Travis Boyd (27150084),Travis Boyd,27150084,C/UTIL,2900,ARI@WPG 03/21/2023 08:00PM ET,ARI,5.54
RW,Mason Appleton (27150518),Mason Appleton,27150518,W/UTIL,2900,ARI@WPG 03/21/2023 08:00PM ET,WPG,4.80
LW,Morgan Barron (27150520),Morgan Barron,27150520,W/UTIL,2900,ARI@WPG 03/21/2023 08:00PM ET,WPG,5.45
D,Patrik Nemeth (27151160),Patrik Nemeth,27151160,D/UTIL,2900,ARI@WPG 03/21/2023 08:00PM ET,ARI,4.41
D,Josh Brown (27151162),Josh Brown,27151162,D/UTIL,2900,ARI@WPG 03/21/2023 08:00PM ET,ARI,4.98
LW,Max Jones (27150526),Max Jones,27150526,W/UTIL,2800,CGY@ANH 03/21/2023 10:00PM ET,ANH,4.32
RW,Trent Frederic (27150524),Trent Frederic,27150524,W/UTIL,2800,OTT@BOS 03/21/2023 07:00PM ET,BOS,6.09
LW,JJ Peterka (27150532),JJ Peterka,27150532,W/UTIL,2800,NSH@BUF 03/21/2023 07:00PM ET,BUF,5.19
D,Jordan Gross (27151188),Jordan Gross,27151188,D/UTIL,2800,NSH@BUF 03/21/2023 07:00PM ET,NSH,7.38
D,Kale Clague (27151192),Kale Clague,27151192,D/UTIL,2800,NSH@BUF 03/21/2023 07:00PM ET,BUF,2.60
RW,Evgenii Dadonov (27150534),Evgenii Dadonov,27150534,W/UTIL,2800,SEA@DAL 03/21/2023 08:30PM ET,DAL,5.80
D,Darren Raddysh (27151174),Darren Raddysh,27151174,D/UTIL,2800,TB@MON 03/21/2023 07:00PM ET,TB,4.11
D,Justin Barron (27151176),Justin Barron,27151176,D/UTIL,2800,TB@MON 03/21/2023 07:00PM ET,MON,5.57
LW,Pierre Engvall (27150528),Pierre Engvall,27150528,W/UTIL,2800,TOR@NYI 03/21/2023 07:30PM ET,NYI,5.58
D,Timothy Liljegren (27151182),Timothy Liljegren,27151182,D/UTIL,2800,TOR@NYI 03/21/2023 07:30PM ET,TOR,6.08
D,Luke Schenn (27151184),Luke Schenn,27151184,D/UTIL,2800,TOR@NYI 03/21/2023 07:30PM ET,TOR,6.27
C,Jesperi Kotkaniemi (27150090),Jesperi Kotkaniemi,27150090,C/UTIL,2800,CAR@NYR 03/21/2023 07:00PM ET,CAR,5.79
C,Jordan Staal (27150092),Jordan Staal,27150092,C/UTIL,2800,CAR@NYR 03/21/2023 07:00PM ET,CAR,5.94
D,Niko Mikkola (27151190),Niko Mikkola,27151190,D/UTIL,2800,CAR@NYR 03/21/2023 07:00PM ET,NYR,3.62
RW,Sammy Walker (27150536),Sammy Walker,27150536,W/UTIL,2800,MIN@NJ 03/21/2023 07:00PM ET,MIN,2.54
D,Marc Staal (27151186),Marc Staal,27151186,D/UTIL,2800,FLA@PHI 03/21/2023 07:00PM ET,FLA,4.51
RW,Sammy Blais (27150522),Sammy Blais,27150522,W/UTIL,2800,DET@STL 03/21/2023 08:00PM ET,STL,3.71
RW,Jonatan Berggren (27150530),Jonatan Berggren,27150530,W/UTIL,2800,DET@STL 03/21/2023 08:00PM ET,DET,5.46
D,Zach Whitecloud (27151178),Zach Whitecloud,27151178,D/UTIL,2800,VGK@VAN 03/21/2023 10:00PM ET,VGK,5.72
C,Sean Kuraly (27150088),Sean Kuraly,27150088,C/UTIL,2800,CLS@WAS 03/21/2023 07:00PM ET,CLS,5.37
D,Dylan Samberg (27151180),Dylan Samberg,27151180,D/UTIL,2800,ARI@WPG 03/21/2023 08:00PM ET,WPG,4.92
C,Isac Lundestrom (27150098),Isac Lundestrom,27150098,C/UTIL,2700,CGY@ANH 03/21/2023 10:00PM ET,ANH,4.22
LW,Nick Ritchie (27150544),Nick Ritchie,27150544,W/UTIL,2700,CGY@ANH 03/21/2023 10:00PM ET,CGY,5.27
D,Connor Clifton (27151196),Connor Clifton,27151196,D/UTIL,2700,OTT@BOS 03/21/2023 07:00PM ET,BOS,5.93
LW,Kiefer Sherwood (27150550),Kiefer Sherwood,27150550,W/UTIL,2700,NSH@BUF 03/21/2023 07:00PM ET,NSH,5.12
RW,Kyle Okposo (27150554),Kyle Okposo,27150554,W/UTIL,2700,NSH@BUF 03/21/2023 07:00PM ET,BUF,6.26
D,Jeremy Lauzon (27151194),Jeremy Lauzon,27151194,D/UTIL,2700,NSH@BUF 03/21/2023 07:00PM ET,NSH,4.64
D,Henri Jokiharju (27151210),Henri Jokiharju,27151210,D/UTIL,2700,NSH@BUF 03/21/2023 07:00PM ET,BUF,4.46
D,Jacob Bryson (27151212),Jacob Bryson,27151212,D/UTIL,2700,NSH@BUF 03/21/2023 07:00PM ET,BUF,3.74
RW,Daniel Sprong (27150548),Daniel Sprong,27150548,W/UTIL,2700,SEA@DAL 03/21/2023 08:30PM ET,SEA,8.01
D,Nils Lundkvist (27150556),Nils Lundkvist,27150556,D/UTIL,2700,SEA@DAL 03/21/2023 08:30PM ET,DAL,5.74
D,Jamie Oleksiak (27151202),Jamie Oleksiak,27151202,D/UTIL,2700,SEA@DAL 03/21/2023 08:30PM ET,SEA,6.50
D,Will Borgen (27151204),Will Borgen,27151204,D/UTIL,2700,SEA@DAL 03/21/2023 08:30PM ET,SEA,4.54
D,Ryan Suter (27151214),Ryan Suter,27151214,D/UTIL,2700,SEA@DAL 03/21/2023 08:30PM ET,DAL,5.49
C,Alex Belzile (27150094),Alex Belzile,27150094,C/UTIL,2700,TB@MON 03/21/2023 07:00PM ET,MON,6.23
C,Jonathan Drouin (27150096),Jonathan Drouin,27150096,C/UTIL,2700,TB@MON 03/21/2023 07:00PM ET,MON,5.66
C,Casey Cizikas (27150100),Casey Cizikas,27150100,C/UTIL,2700,TOR@NYI 03/21/2023 07:30PM ET,NYI,4.67
RW,Kaapo Kakko (27150552),Kaapo Kakko,27150552,W/UTIL,2700,CAR@NYR 03/21/2023 07:00PM ET,NYR,5.69
RW,Yegor Sharangovich (27150542),Yegor Sharangovich,27150542,W/UTIL,2700,MIN@NJ 03/21/2023 07:00PM ET,NJ,6.56
D,John Marino (27151200),John Marino,27151200,D/UTIL,2700,MIN@NJ 03/21/2023 07:00PM ET,NJ,5.42
D,Robert Hagg (27151206),Robert Hagg,27151206,D/UTIL,2700,DET@STL 03/21/2023 08:00PM ET,DET,4.78
D,Gustav Lindstrom (27151208),Gustav Lindstrom,27151208,D/UTIL,2700,DET@STL 03/21/2023 08:00PM ET,DET,3.41
RW,Michael Amadio (27150546),Michael Amadio,27150546,W/UTIL,2700,VGK@VAN 03/21/2023 10:00PM ET,VGK,5.56
D,Kyle Burroughs (27151198),Kyle Burroughs,27151198,D/UTIL,2700,VGK@VAN 03/21/2023 10:00PM ET,VAN,5.02
RW,Craig Smith (27150538),Craig Smith,27150538,W/UTIL,2700,CLS@WAS 03/21/2023 07:00PM ET,WAS,3.93
LW,Matias Maccelli (27150540),Matias Maccelli,27150540,W/UTIL,2700,ARI@WPG 03/21/2023 08:00PM ET,ARI,5.91
D,Colton White (27151220),Colton White,27151220,D/UTIL,2600,CGY@ANH 03/21/2023 10:00PM ET,ANH,3.10
D,Nathan Beaulieu (27151222),Nathan Beaulieu,27151222,D/UTIL,2600,CGY@ANH 03/21/2023 10:00PM ET,ANH,4.34
D,Nikita Zadorov (27151224),Nikita Zadorov,27151224,D/UTIL,2600,CGY@ANH 03/21/2023 10:00PM ET,CGY,5.11
C,Ridly Greig (27150110),Ridly Greig,27150110,C/UTIL,2600,OTT@BOS 03/21/2023 07:00PM ET,OTT,4.67
C,Juuso Parssinen (27150104),Juuso Parssinen,27150104,C/UTIL,2600,NSH@BUF 03/21/2023 07:00PM ET,NSH,5.4
C,Tyson Jost (27150108),Tyson Jost,27150108,C/UTIL,2600,NSH@BUF 03/21/2023 07:00PM ET,BUF,5.16
D,Ilya Lyubushkin (27151230),Ilya Lyubushkin,27151230,D/UTIL,2600,NSH@BUF 03/21/2023 07:00PM ET,BUF,4.67
C,Radek Faksa (27150112),Radek Faksa,27150112,C/UTIL,2600,SEA@DAL 03/21/2023 08:30PM ET,DAL,4.96
RW,Brandon Tanev (27150566),Brandon Tanev,27150566,W/UTIL,2600,SEA@DAL 03/21/2023 08:30PM ET,SEA,6.39
D,Jani Hakanpaa (27151232),Jani Hakanpaa,27151232,D/UTIL,2600,SEA@DAL 03/21/2023 08:30PM ET,DAL,5.74
RW,Corey Perry (27150568),Corey Perry,27150568,W/UTIL,2600,TB@MON 03/21/2023 07:00PM ET,TB,4.99
RW,Noel Acciari (27150570),Noel Acciari,27150570,W/UTIL,2600,TOR@NYI 03/21/2023 07:30PM ET,TOR,6.10
C,Barclay Goodrow (27150106),Barclay Goodrow,27150106,C/UTIL,2600,CAR@NYR 03/21/2023 07:00PM ET,NYR,5.1
LW,Stefan Noesen (27150564),Stefan Noesen,27150564,W/UTIL,2600,CAR@NYR 03/21/2023 07:00PM ET,CAR,5.88
LW,Jimmy Vesey (27150572),Jimmy Vesey,27150572,W/UTIL,2600,CAR@NYR 03/21/2023 07:00PM ET,NYR,5.36
D,Ben Harpur (27151228),Ben Harpur,27151228,D/UTIL,2600,CAR@NYR 03/21/2023 07:00PM ET,NYR,4.56
LW,Miles Wood (27150558),Miles Wood,27150558,W/UTIL,2600,MIN@NJ 03/21/2023 07:00PM ET,NJ,6.45
RW,Oskar Sundqvist (27150576),Oskar Sundqvist,27150576,W/UTIL,2600,MIN@NJ 03/21/2023 07:00PM ET,MIN,5.01
RW,Tyson Foerster (27150560),Tyson Foerster,27150560,W/UTIL,2600,FLA@PHI 03/21/2023 07:00PM ET,PHI,8.56
LW,Filip Zadina (27150574),Filip Zadina,27150574,W/UTIL,2600,DET@STL 03/21/2023 08:00PM ET,DET,4.52
D,Marco Scandella (27151218),Marco Scandella,27151218,D/UTIL,2600,DET@STL 03/21/2023 08:00PM ET,STL,4.06
RW,Phil Kessel (27150562),Phil Kessel,27150562,W/UTIL,2600,VGK@VAN 03/21/2023 10:00PM ET,VGK,5.93
D,Nicolas Hague (27151226),Nicolas Hague,27151226,D/UTIL,2600,VGK@VAN 03/21/2023 10:00PM ET,VGK,5.85
C,Cole Sillinger (27150102),Cole Sillinger,27150102,C/UTIL,2600,CLS@WAS 03/21/2023 07:00PM ET,CLS,3.99
D,Tim Berni (27151216),Tim Berni,27151216,D/UTIL,2600,CLS@WAS 03/21/2023 07:00PM ET,CLS,3.48
C,Glenn Gawdin (27150148),Glenn Gawdin,27150148,C/UTIL,2500,CGY@ANH 03/21/2023 10:00PM ET,ANH,2.8
C,Adam Ruzicka (27150150),Adam Ruzicka,27150150,C/UTIL,2500,CGY@ANH 03/21/2023 10:00PM ET,CGY,5.30
C,Kevin Rooney (27150152),Kevin Rooney,27150152,C/UTIL,2500,CGY@ANH 03/21/2023 10:00PM ET,CGY,2.47
C,Matthew Phillips (27150154),Matthew Phillips,27150154,C/UTIL,2500,CGY@ANH 03/21/2023 10:00PM ET,CGY,0.75
RW,Sam Carrick (27150700),Sam Carrick,27150700,W/UTIL,2500,CGY@ANH 03/21/2023 10:00PM ET,ANH,2.89
LW,Max Comtois (27150702),Max Comtois,27150702,W/UTIL,2500,CGY@ANH 03/21/2023 10:00PM ET,ANH,4.74
RW,Jayson Megna (27150704),Jayson Megna,27150704,W/UTIL,2500,CGY@ANH 03/21/2023 10:00PM ET,ANH,2.29
RW,Brett Leason (27150706),Brett Leason,27150706,W/UTIL,2500,CGY@ANH 03/21/2023 10:00PM ET,ANH,2.92
LW,Justin Kirkland (27150708),Justin Kirkland,27150708,W/UTIL,2500,CGY@ANH 03/21/2023 10:00PM ET,ANH,1.63
LW,Pavol Regenda (27150710),Pavol Regenda,27150710,W/UTIL,2500,CGY@ANH 03/21/2023 10:00PM ET,ANH,4.78
RW,Walker Duehr (27150712),Walker Duehr,27150712,W/UTIL,2500,CGY@ANH 03/21/2023 10:00PM ET,CGY,5.11
RW,Trevor Lewis (27150714),Trevor Lewis,27150714,W/UTIL,2500,CGY@ANH 03/21/2023 10:00PM ET,CGY,5.10
LW,Milan Lucic (27150716),Milan Lucic,27150716,W/UTIL,2500,CGY@ANH 03/21/2023 10:00PM ET,CGY,3.21
D,Urho Vaakanainen (27151298),Urho Vaakanainen,27151298,D/UTIL,2500,CGY@ANH 03/21/2023 10:00PM ET,ANH,4.3
D,Jamie Drysdale (27151300),Jamie Drysdale,27151300,D/UTIL,2500,CGY@ANH 03/21/2023 10:00PM ET,ANH,2.48
D,John Moore (27151302),John Moore,27151302,D/UTIL,2500,CGY@ANH 03/21/2023 10:00PM ET,ANH,0
D,Drew Helleson (27151304),Drew Helleson,27151304,D/UTIL,2500,CGY@ANH 03/21/2023 10:00PM ET,ANH,0
D,Andrej Sustr (27151306),Andrej Sustr,27151306,D/UTIL,2500,CGY@ANH 03/21/2023 10:00PM ET,ANH,0
D,Troy Stecher (27151308),Troy Stecher,27151308,D/UTIL,2500,CGY@ANH 03/21/2023 10:00PM ET,CGY,4.20
D,Dennis Gilbert (27151310),Dennis Gilbert,27151310,D/UTIL,2500,CGY@ANH 03/21/2023 10:00PM ET,CGY,4.25
D,Nick DeSimone (27151312),Nick DeSimone,27151312,D/UTIL,2500,CGY@ANH 03/21/2023 10:00PM ET,CGY,3.55
C,Tomas Nosek (27150126),Tomas Nosek,27150126,C/UTIL,2500,OTT@BOS 03/21/2023 07:00PM ET,BOS,3.88
C,Matt Filipe (27150128),Matt Filipe,27150128,C/UTIL,2500,OTT@BOS 03/21/2023 07:00PM ET,BOS,0
C,Dylan Gambrell (27150210),Dylan Gambrell,27150210,C/UTIL,2500,OTT@BOS 03/21/2023 07:00PM ET,OTT,3.02
C,Mark Kastelic (27150212),Mark Kastelic,27150212,C/UTIL,2500,OTT@BOS 03/21/2023 07:00PM ET,OTT,3.42
C,Josh Norris (27150214),Josh Norris,27150214,C/UTIL,2500,OTT@BOS 03/21/2023 07:00PM ET,OTT,6.54
C,Rourke Chartier (27150216),Rourke Chartier,27150216,C/UTIL,2500,OTT@BOS 03/21/2023 07:00PM ET,OTT,2.65
LW,A.J. Greer (27150606),A.J. Greer,27150606,W/UTIL,2500,OTT@BOS 03/21/2023 07:00PM ET,BOS,3.49
RW,Garnet Hathaway (27150608),Garnet Hathaway,27150608,W/UTIL,2500,OTT@BOS 03/21/2023 07:00PM ET,BOS,5.51
LW,Jakub Lauko (27150610),Jakub Lauko,27150610,W/UTIL,2500,OTT@BOS 03/21/2023 07:00PM ET,BOS,3.83
RW,Nick Foligno (27150612),Nick Foligno,27150612,W/UTIL,2500,OTT@BOS 03/21/2023 07:00PM ET,BOS,5.25
RW,Vinni Lettieri (27150614),Vinni Lettieri,27150614,W/UTIL,2500,OTT@BOS 03/21/2023 07:00PM ET,BOS,0
RW,Marc McLaughlin (27150616),Marc McLaughlin,27150616,W/UTIL,2500,OTT@BOS 03/21/2023 07:00PM ET,BOS,2.25
RW,Chris Wagner (27150618),Chris Wagner,27150618,W/UTIL,2500,OTT@BOS 03/21/2023 07:00PM ET,BOS,1.3
LW,Joona Koppanen (27150620),Joona Koppanen,27150620,W/UTIL,2500,OTT@BOS 03/21/2023 07:00PM ET,BOS,2.12
LW,Derick Brassard (27150862),Derick Brassard,27150862,W/UTIL,2500,OTT@BOS 03/21/2023 07:00PM ET,OTT,5.12
RW,Julien Gauthier (27150864),Julien Gauthier,27150864,W/UTIL,2500,OTT@BOS 03/21/2023 07:00PM ET,OTT,3.55
LW,Patrick Brown (27150866),Patrick Brown,27150866,W/UTIL,2500,OTT@BOS 03/21/2023 07:00PM ET,OTT,3.69
RW,Austin Watson (27150868),Austin Watson,27150868,W/UTIL,2500,OTT@BOS 03/21/2023 07:00PM ET,OTT,3.76
LW,Mathieu Joseph (27150870),Mathieu Joseph,27150870,W/UTIL,2500,OTT@BOS 03/21/2023 07:00PM ET,OTT,4.64
LW,Parker Kelly (27150872),Parker Kelly,27150872,W/UTIL,2500,OTT@BOS 03/21/2023 07:00PM ET,OTT,2.77
RW,Jake Lucchini (27150874),Jake Lucchini,27150874,W/UTIL,2500,OTT@BOS 03/21/2023 07:00PM ET,OTT,2.8
RW,Scott Sabourin (27150876),Scott Sabourin,27150876,W/UTIL,2500,OTT@BOS 03/21/2023 07:00PM ET,OTT,0
D,Jakub Zboril (27151252),Jakub Zboril,27151252,D/UTIL,2500,OTT@BOS 03/21/2023 07:00PM ET,BOS,2.73
D,Derek Forbort (27151254),Derek Forbort,27151254,D/UTIL,2500,OTT@BOS 03/21/2023 07:00PM ET,BOS,5.35
D,Anton Stralman (27151256),Anton Stralman,27151256,D/UTIL,2500,OTT@BOS 03/21/2023 07:00PM ET,BOS,2.56
D,Mike Reilly (27151258),Mike Reilly,27151258,D/UTIL,2500,OTT@BOS 03/21/2023 07:00PM ET,BOS,3.9
D,Erik Brannstrom (27151410),Erik Brannstrom,27151410,D/UTIL,2500,OTT@BOS 03/21/2023 07:00PM ET,OTT,4.83
D,Nick Holden (27151412),Nick Holden,27151412,D/UTIL,2500,OTT@BOS 03/21/2023 07:00PM ET,OTT,4.76
D,Jacob Bernard-Docker (27151414),Jacob Bernard-Docker,27151414,D/UTIL,2500,OTT@BOS 03/21/2023 07:00PM ET,OTT,5.34
D,Lassi Thomson (27151416),Lassi Thomson,27151416,D/UTIL,2500,OTT@BOS 03/21/2023 07:00PM ET,OTT,0.75
D,Jonathan Aspirot (27151418),Jonathan Aspirot,27151418,D/UTIL,2500,OTT@BOS 03/21/2023 07:00PM ET,OTT,0
D,Jacob Larsson (27151420),Jacob Larsson,27151420,D/UTIL,2500,OTT@BOS 03/21/2023 07:00PM ET,OTT,1.97
D,Dillon Heatherington (27151422),Dillon Heatherington,27151422,D/UTIL,2500,OTT@BOS 03/21/2023 07:00PM ET,OTT,1.37
C,Mark Jankowski (27150198),Mark Jankowski,27150198,C/UTIL,2500,NSH@BUF 03/21/2023 07:00PM ET,NSH,4.42
C,Peyton Krebs (27150208),Peyton Krebs,27150208,C/UTIL,2500,NSH@BUF 03/21/2023 07:00PM ET,BUF,4.33
RW,Cole Smith (27150830),Cole Smith,27150830,W/UTIL,2500,NSH@BUF 03/21/2023 07:00PM ET,NSH,3.52
RW,Michael McCarron (27150832),Michael McCarron,27150832,W/UTIL,2500,NSH@BUF 03/21/2023 07:00PM ET,NSH,3.47
LW,Egor Afanasyev (27150834),Egor Afanasyev,27150834,W/UTIL,2500,NSH@BUF 03/21/2023 07:00PM ET,NSH,4
LW,Rasmus Asplund (27150836),Rasmus Asplund,27150836,W/UTIL,2500,NSH@BUF 03/21/2023 07:00PM ET,NSH,3.66
LW,Zach Sanford (27150838),Zach Sanford,27150838,W/UTIL,2500,NSH@BUF 03/21/2023 07:00PM ET,NSH,5.61
LW,John Leonard (27150840),John Leonard,27150840,W/UTIL,2500,NSH@BUF 03/21/2023 07:00PM ET,NSH,3.2
LW,Zemgus Girgensons (27150856),Zemgus Girgensons,27150856,W/UTIL,2500,NSH@BUF 03/21/2023 07:00PM ET,BUF,4.48
RW,Vinnie Hinostroza (27150858),Vinnie Hinostroza,27150858,W/UTIL,2500,NSH@BUF 03/21/2023 07:00PM ET,BUF,5.12
LW,Riley Sheahan (27150860),Riley Sheahan,27150860,W/UTIL,2500,NSH@BUF 03/21/2023 07:00PM ET,BUF,0.65
D,Cal Foote (27151386),Cal Foote,27151386,D/UTIL,2500,NSH@BUF 03/21/2023 07:00PM ET,NSH,3.24
D,Kevin Gravel (27151388),Kevin Gravel,27151388,D/UTIL,2500,NSH@BUF 03/21/2023 07:00PM ET,NSH,3.08
D,Mark Borowiecki (27151390),Mark Borowiecki,27151390,D/UTIL,2500,NSH@BUF 03/21/2023 07:00PM ET,NSH,0.43
D,Roland McKeown (27151392),Roland McKeown,27151392,D/UTIL,2500,NSH@BUF 03/21/2023 07:00PM ET,NSH,2.05
D,Riley Stillman (27151402),Riley Stillman,27151402,D/UTIL,2500,NSH@BUF 03/21/2023 07:00PM ET,BUF,3.54
D,Jeremy Davies (27151404),Jeremy Davies,27151404,D/UTIL,2500,NSH@BUF 03/21/2023 07:00PM ET,BUF,2.8
D,Lawrence Pilut (27151406),Lawrence Pilut,27151406,D/UTIL,2500,NSH@BUF 03/21/2023 07:00PM ET,BUF,3.72
D,Austin Strand (27151408),Austin Strand,27151408,D/UTIL,2500,NSH@BUF 03/21/2023 07:00PM ET,BUF,2.54
C,Morgan Geekie (27150184),Morgan Geekie,27150184,C/UTIL,2500,SEA@DAL 03/21/2023 08:30PM ET,SEA,4.42
C,Shane Wright (27150186),Shane Wright,27150186,C/UTIL,2500,SEA@DAL 03/21/2023 08:30PM ET,SEA,3.41
C,Luke Glendening (27150218),Luke Glendening,27150218,C/UTIL,2500,SEA@DAL 03/21/2023 08:30PM ET,DAL,3.38
C,Fredrik Karlstrom (27150220),Fredrik Karlstrom,27150220,C/UTIL,2500,SEA@DAL 03/21/2023 08:30PM ET,DAL,2.06
LW,Ryan Donato (27150782),Ryan Donato,27150782,W/UTIL,2500,SEA@DAL 03/21/2023 08:30PM ET,SEA,5.62
RW,John Hayden (27150784),John Hayden,27150784,W/UTIL,2500,SEA@DAL 03/21/2023 08:30PM ET,SEA,4.91
RW,Jesper Froden (27150786),Jesper Froden,27150786,W/UTIL,2500,SEA@DAL 03/21/2023 08:30PM ET,SEA,2.49
RW,Joonas Donskoi (27150788),Joonas Donskoi,27150788,W/UTIL,2500,SEA@DAL 03/21/2023 08:30PM ET,SEA,0
RW,Jacob Melanson (27150790),Jacob Melanson,27150790,W/UTIL,2500,SEA@DAL 03/21/2023 08:30PM ET,SEA,0
RW,Ty Dellandrea (27150878),Ty Dellandrea,27150878,W/UTIL,2500,SEA@DAL 03/21/2023 08:30PM ET,DAL,4.59
LW,Joel Kiviranta (27150880),Joel Kiviranta,27150880,W/UTIL,2500,SEA@DAL 03/21/2023 08:30PM ET,DAL,3.43
RW,Fredrik Olofsson (27150882),Fredrik Olofsson,27150882,W/UTIL,2500,SEA@DAL 03/21/2023 08:30PM ET,DAL,3.05
LW,Riley Tufte (27150884),Riley Tufte,27150884,W/UTIL,2500,SEA@DAL 03/21/2023 08:30PM ET,DAL,0.5
RW,Nick Caamano (27150886),Nick Caamano,27150886,W/UTIL,2500,SEA@DAL 03/21/2023 08:30PM ET,DAL,0
LW,Marian Studenic (27150888),Marian Studenic,27150888,W/UTIL,2500,SEA@DAL 03/21/2023 08:30PM ET,DAL,2
RW,Matej Blumel (27150890),Matej Blumel,27150890,W/UTIL,2500,SEA@DAL 03/21/2023 08:30PM ET,DAL,3.6
D,Carson Soucy (27151354),Carson Soucy,27151354,D/UTIL,2500,SEA@DAL 03/21/2023 08:30PM ET,SEA,4.55
D,Jaycob Megna (27151356),Jaycob Megna,27151356,D/UTIL,2500,SEA@DAL 03/21/2023 08:30PM ET,SEA,4.77
D,Cale Fleury (27151358),Cale Fleury,27151358,D/UTIL,2500,SEA@DAL 03/21/2023 08:30PM ET,SEA,3.9
D,Gustav Olofsson (27151360),Gustav Olofsson,27151360,D/UTIL,2500,SEA@DAL 03/21/2023 08:30PM ET,SEA,5.73
D,Joel Hanley (27151424),Joel Hanley,27151424,D/UTIL,2500,SEA@DAL 03/21/2023 08:30PM ET,DAL,3.12
C,Chris Tierney (27150130),Chris Tierney,27150130,C/UTIL,2500,TB@MON 03/21/2023 07:00PM ET,MON,3.61
C,Jake Evans (27150132),Jake Evans,27150132,C/UTIL,2500,TB@MON 03/21/2023 07:00PM ET,MON,3.88
C,Pierre-Edouard Bellemare (27150188),Pierre-Edouard Bellemare,27150188,C/UTIL,2500,TB@MON 03/21/2023 07:00PM ET,TB,3.07
LW,Rem Pitlick (27150622),Rem Pitlick,27150622,W/UTIL,2500,TB@MON 03/21/2023 07:00PM ET,MON,3.70
LW,Michael Pezzetta (27150624),Michael Pezzetta,27150624,W/UTIL,2500,TB@MON 03/21/2023 07:00PM ET,MON,3.78
RW,Anthony Richard (27150626),Anthony Richard,27150626,W/UTIL,2500,TB@MON 03/21/2023 07:00PM ET,MON,4.53
LW,Cole Caufield (27150628),Cole Caufield,27150628,W/UTIL,2500,TB@MON 03/21/2023 07:00PM ET,MON,12.49
LW,Paul Byron (27150630),Paul Byron,27150630,W/UTIL,2500,TB@MON 03/21/2023 07:00PM ET,MON,0
RW,Juraj Slafkovsky (27150632),Juraj Slafkovsky,27150632,W/UTIL,2500,TB@MON 03/21/2023 07:00PM ET,MON,4.13
LW,Emil Heineman (27150634),Emil Heineman,27150634,W/UTIL,2500,TB@MON 03/21/2023 07:00PM ET,MON,0
LW,Tanner Jeannot (27150792),Tanner Jeannot,27150792,W/UTIL,2500,TB@MON 03/21/2023 07:00PM ET,TB,5.24
RW,Pat Maroon (27150794),Pat Maroon,27150794,W/UTIL,2500,TB@MON 03/21/2023 07:00PM ET,TB,2.31
LW,Rudolfs Balcers (27150796),Rudolfs Balcers,27150796,W/UTIL,2500,TB@MON 03/21/2023 07:00PM ET,TB,4.51
LW,Cole Koepke (27150798),Cole Koepke,27150798,W/UTIL,2500,TB@MON 03/21/2023 07:00PM ET,TB,1.94
D,Chris Wideman (27151260),Chris Wideman,27151260,D/UTIL,2500,TB@MON 03/21/2023 07:00PM ET,MON,4.05
D,Arber Xhekaj (27151262),Arber Xhekaj,27151262,D/UTIL,2500,TB@MON 03/21/2023 07:00PM ET,MON,5.29
D,Frederic Allard (27151264),Frederic Allard,27151264,D/UTIL,2500,TB@MON 03/21/2023 07:00PM ET,MON,3
D,Corey Schueneman (27151266),Corey Schueneman,27151266,D/UTIL,2500,TB@MON 03/21/2023 07:00PM ET,MON,7.55
D,Haydn Fleury (27151362),Haydn Fleury,27151362,D/UTIL,2500,TB@MON 03/21/2023 07:00PM ET,TB,3.12
D,Brent Seabrook (27151364),Brent Seabrook,27151364,D/UTIL,2500,TB@MON 03/21/2023 07:00PM ET,TB,0
D,Philippe Myers (27151366),Philippe Myers,27151366,D/UTIL,2500,TB@MON 03/21/2023 07:00PM ET,TB,5.53
C,Otto Koivula (27150174),Otto Koivula,27150174,C/UTIL,2500,TOR@NYI 03/21/2023 07:30PM ET,NYI,2.84
C,Cole Bardreau (27150176),Cole Bardreau,27150176,C/UTIL,2500,TOR@NYI 03/21/2023 07:30PM ET,NYI,0
C,David Kampf (27150190),David Kampf,27150190,C/UTIL,2500,TOR@NYI 03/21/2023 07:30PM ET,TOR,4.70
C,Pontus Holmberg (27150192),Pontus Holmberg,27150192,C/UTIL,2500,TOR@NYI 03/21/2023 07:30PM ET,TOR,4.12
C,Semyon Der-Arguchintsev (27150194),Semyon Der-Arguchintsev,27150194,C/UTIL,2500,TOR@NYI 03/21/2023 07:30PM ET,TOR,0
RW,Cal Clutterbuck (27150754),Cal Clutterbuck,27150754,W/UTIL,2500,TOR@NYI 03/21/2023 07:30PM ET,NYI,3.80
LW,Matt Martin (27150756),Matt Martin,27150756,W/UTIL,2500,TOR@NYI 03/21/2023 07:30PM ET,NYI,4.09
LW,Ross Johnston (27150758),Ross Johnston,27150758,W/UTIL,2500,TOR@NYI 03/21/2023 07:30PM ET,NYI,1.22
LW,Oliver Wahlstrom (27150760),Oliver Wahlstrom,27150760,W/UTIL,2500,TOR@NYI 03/21/2023 07:30PM ET,NYI,6.8
RW,William Dufour (27150762),William Dufour,27150762,W/UTIL,2500,TOR@NYI 03/21/2023 07:30PM ET,NYI,0
LW,Andy Andreoff (27150764),Andy Andreoff,27150764,W/UTIL,2500,TOR@NYI 03/21/2023 07:30PM ET,NYI,2.6
LW,Arnaud Durandeau (27150766),Arnaud Durandeau,27150766,W/UTIL,2500,TOR@NYI 03/21/2023 07:30PM ET,NYI,4.02
RW,Nikita Soshnikov (27150768),Nikita Soshnikov,27150768,W/UTIL,2500,TOR@NYI 03/21/2023 07:30PM ET,NYI,2
LW,Bobby McMann (27150800),Bobby McMann,27150800,W/UTIL,2500,TOR@NYI 03/21/2023 07:30PM ET,TOR,3
LW,Zach Aston-Reese (27150802),Zach Aston-Reese,27150802,W/UTIL,2500,TOR@NYI 03/21/2023 07:30PM ET,TOR,3.59
RW,Wayne Simmonds (27150804),Wayne Simmonds,27150804,W/UTIL,2500,TOR@NYI 03/21/2023 07:30PM ET,TOR,1.76
LW,Nicholas Robertson (27150806),Nicholas Robertson,27150806,W/UTIL,2500,TOR@NYI 03/21/2023 07:30PM ET,TOR,5.64
RW,Rodion Amirov (27150808),Rodion Amirov,27150808,W/UTIL,2500,TOR@NYI 03/21/2023 07:30PM ET,TOR,0
LW,Alex Steeves (27150810),Alex Steeves,27150810,W/UTIL,2500,TOR@NYI 03/21/2023 07:30PM ET,TOR,1.5
LW,Kyle Clifford (27150812),Kyle Clifford,27150812,W/UTIL,2500,TOR@NYI 03/21/2023 07:30PM ET,TOR,4
D,Parker Wotherspoon (27151340),Parker Wotherspoon,27151340,D/UTIL,2500,TOR@NYI 03/21/2023 07:30PM ET,NYI,2.42
D,Dennis Cholowski (27151342),Dennis Cholowski,27151342,D/UTIL,2500,TOR@NYI 03/21/2023 07:30PM ET,NYI,0.65
D,Samuel Bolduc (27151344),Samuel Bolduc,27151344,D/UTIL,2500,TOR@NYI 03/21/2023 07:30PM ET,NYI,4.5
D,Robin Salo (27151346),Robin Salo,27151346,D/UTIL,2500,TOR@NYI 03/21/2023 07:30PM ET,NYI,5.49
D,Conor Timmins (27151368),Conor Timmins,27151368,D/UTIL,2500,TOR@NYI 03/21/2023 07:30PM ET,TOR,5.24
D,Victor Mete (27151370),Victor Mete,27151370,D/UTIL,2500,TOR@NYI 03/21/2023 07:30PM ET,TOR,2.93
D,Carl Dahlstrom (27151372),Carl Dahlstrom,27151372,D/UTIL,2500,TOR@NYI 03/21/2023 07:30PM ET,TOR,0
D,Jake Muzzin (27151374),Jake Muzzin,27151374,D/UTIL,2500,TOR@NYI 03/21/2023 07:30PM ET,TOR,8.25
D,Jordie Benn (27151376),Jordie Benn,27151376,D/UTIL,2500,TOR@NYI 03/21/2023 07:30PM ET,TOR,6.64
D,Mac Hollowell (27151378),Mac Hollowell,27151378,D/UTIL,2500,TOR@NYI 03/21/2023 07:30PM ET,TOR,4.47
C,Jack Drury (27150170),Jack Drury,27150170,C/UTIL,2500,CAR@NYR 03/21/2023 07:00PM ET,CAR,3.80
C,Paul Stastny (27150172),Paul Stastny,27150172,C/UTIL,2500,CAR@NYR 03/21/2023 07:00PM ET,CAR,4.11
C,Jake Leschyshyn (27150200),Jake Leschyshyn,27150200,C/UTIL,2500,CAR@NYR 03/21/2023 07:00PM ET,NYR,1.74
C,Ryan Carpenter (27150202),Ryan Carpenter,27150202,C/UTIL,2500,CAR@NYR 03/21/2023 07:00PM ET,NYR,2.65
RW,Jesper Fast (27150746),Jesper Fast,27150746,W/UTIL,2500,CAR@NYR 03/21/2023 07:00PM ET,CAR,4.38
RW,Derek Stepan (27150748),Derek Stepan,27150748,W/UTIL,2500,CAR@NYR 03/21/2023 07:00PM ET,CAR,3.67
LW,Andrei Svechnikov (27150750),Andrei Svechnikov,27150750,W/UTIL,2500,CAR@NYR 03/21/2023 07:00PM ET,CAR,11.78
RW,Ondrej Kase (27150752),Ondrej Kase,27150752,W/UTIL,2500,CAR@NYR 03/21/2023 07:00PM ET,CAR,0
RW,Tyler Motte (27150842),Tyler Motte,27150842,W/UTIL,2500,CAR@NYR 03/21/2023 07:00PM ET,NYR,5.96
RW,Jonny Brodzinski (27150844),Jonny Brodzinski,27150844,W/UTIL,2500,CAR@NYR 03/21/2023 07:00PM ET,NYR,3.48
LW,Will Cuylle (27150846),Will Cuylle,27150846,W/UTIL,2500,CAR@NYR 03/21/2023 07:00PM ET,NYR,0.38
D,Jalen Chatfield (27151328),Jalen Chatfield,27151328,D/UTIL,2500,CAR@NYR 03/21/2023 07:00PM ET,CAR,4.39
D,Dylan Coghlan (27151330),Dylan Coghlan,27151330,D/UTIL,2500,CAR@NYR 03/21/2023 07:00PM ET,CAR,4.13
D,Calvin de Haan (27151332),Calvin de Haan,27151332,D/UTIL,2500,CAR@NYR 03/21/2023 07:00PM ET,CAR,4.14
D,Jake Gardiner (27151334),Jake Gardiner,27151334,D/UTIL,2500,CAR@NYR 03/21/2023 07:00PM ET,CAR,0
D,Cavan Fitzgerald (27151336),Cavan Fitzgerald,27151336,D/UTIL,2500,CAR@NYR 03/21/2023 07:00PM ET,CAR,0
D,Maxime Lajoie (27151338),Maxime Lajoie,27151338,D/UTIL,2500,CAR@NYR 03/21/2023 07:00PM ET,CAR,1
D,Libor Hajek (27151394),Libor Hajek,27151394,D/UTIL,2500,CAR@NYR 03/21/2023 07:00PM ET,NYR,3.75
D,Zac Jones (27151396),Zac Jones,27151396,D/UTIL,2500,CAR@NYR 03/21/2023 07:00PM ET,NYR,3.74
C,Jesper Boqvist (27150144),Jesper Boqvist,27150144,C/UTIL,2500,MIN@NJ 03/21/2023 07:00PM ET,NJ,3.61
C,Michael McLeod (27150146),Michael McLeod,27150146,C/UTIL,2500,MIN@NJ 03/21/2023 07:00PM ET,NJ,4.50
C,Connor Dewar (27150222),Connor Dewar,27150222,C/UTIL,2500,MIN@NJ 03/21/2023 07:00PM ET,MIN,4.08
C,Marco Rossi (27150224),Marco Rossi,27150224,C/UTIL,2500,MIN@NJ 03/21/2023 07:00PM ET,MIN,1.91
C,Joseph Cramarossa (27150226),Joseph Cramarossa,27150226,C/UTIL,2500,MIN@NJ 03/21/2023 07:00PM ET,MIN,2.82
LW,Nolan Foote (27150690),Nolan Foote,27150690,W/UTIL,2500,MIN@NJ 03/21/2023 07:00PM ET,NJ,3.85
RW,Curtis Lazar (27150692),Curtis Lazar,27150692,W/UTIL,2500,MIN@NJ 03/21/2023 07:00PM ET,NJ,4.15
RW,Nathan Bastian (27150694),Nathan Bastian,27150694,W/UTIL,2500,MIN@NJ 03/21/2023 07:00PM ET,NJ,5.97
RW,Tyce Thompson (27150696),Tyce Thompson,27150696,W/UTIL,2500,MIN@NJ 03/21/2023 07:00PM ET,NJ,2.05
RW,Alexander Holtz (27150698),Alexander Holtz,27150698,W/UTIL,2500,MIN@NJ 03/21/2023 07:00PM ET,NJ,3.54
LW,Brandon Duhaime (27150892),Brandon Duhaime,27150892,W/UTIL,2500,MIN@NJ 03/21/2023 07:00PM ET,MIN,4.51
RW,Ryan Reaves (27150894),Ryan Reaves,27150894,W/UTIL,2500,MIN@NJ 03/21/2023 07:00PM ET,MIN,2.66
LW,Mason Shaw (27150896),Mason Shaw,27150896,W/UTIL,2500,MIN@NJ 03/21/2023 07:00PM ET,MIN,5.09
LW,Marcus Foligno (27150898),Marcus Foligno,27150898,W/UTIL,2500,MIN@NJ 03/21/2023 07:00PM ET,MIN,5.02
RW,Gustav Nyquist (27150900),Gustav Nyquist,27150900,W/UTIL,2500,MIN@NJ 03/21/2023 07:00PM ET,MIN,7.11
LW,Adam Beckman (27150902),Adam Beckman,27150902,W/UTIL,2500,MIN@NJ 03/21/2023 07:00PM ET,MIN,2.29
RW,Steven Fogarty (27150904),Steven Fogarty,27150904,W/UTIL,2500,MIN@NJ 03/21/2023 07:00PM ET,MIN,0
LW,Nic Petan (27150906),Nic Petan,27150906,W/UTIL,2500,MIN@NJ 03/21/2023 07:00PM ET,MIN,2.86
RW,Pavel Novak (27150908),Pavel Novak,27150908,W/UTIL,2500,MIN@NJ 03/21/2023 07:00PM ET,MIN,0
D,Kevin Bahl (27151292),Kevin Bahl,27151292,D/UTIL,2500,MIN@NJ 03/21/2023 07:00PM ET,NJ,3.34
D,Brendan Smith (27151294),Brendan Smith,27151294,D/UTIL,2500,MIN@NJ 03/21/2023 07:00PM ET,NJ,4.04
D,Tyler Wotherspoon (27151296),Tyler Wotherspoon,27151296,D/UTIL,2500,MIN@NJ 03/21/2023 07:00PM ET,NJ,0
D,Jon Merrill (27151426),Jon Merrill,27151426,D/UTIL,2500,MIN@NJ 03/21/2023 07:00PM ET,MIN,4.11
D,Dakota Mermis (27151428),Dakota Mermis,27151428,D/UTIL,2500,MIN@NJ 03/21/2023 07:00PM ET,MIN,2.7
C,Tanner Laczynski (27150156),Tanner Laczynski,27150156,C/UTIL,2500,FLA@PHI 03/21/2023 07:00PM ET,PHI,2.59
C,Sean Couturier (27150158),Sean Couturier,27150158,C/UTIL,2500,FLA@PHI 03/21/2023 07:00PM ET,PHI,0
C,Ryan Fitzgerald (27150160),Ryan Fitzgerald,27150160,C/UTIL,2500,FLA@PHI 03/21/2023 07:00PM ET,PHI,0
C,Lukas Sedlak (27150162),Lukas Sedlak,27150162,C/UTIL,2500,FLA@PHI 03/21/2023 07:00PM ET,PHI,5.39
C,Jackson Cates (27150164),Jackson Cates,27150164,C/UTIL,2500,FLA@PHI 03/21/2023 07:00PM ET,PHI,1.46
C,Aleksi Heponiemi (27150196),Aleksi Heponiemi,27150196,C/UTIL,2500,FLA@PHI 03/21/2023 07:00PM ET,FLA,2.88
LW,Brendan Lemieux (27150718),Brendan Lemieux,27150718,W/UTIL,2500,FLA@PHI 03/21/2023 07:00PM ET,PHI,3.32
LW,Nicolas Deslauriers (27150720),Nicolas Deslauriers,27150720,W/UTIL,2500,FLA@PHI 03/21/2023 07:00PM ET,PHI,2.88
LW,Cam Atkinson (27150722),Cam Atkinson,27150722,W/UTIL,2500,FLA@PHI 03/21/2023 07:00PM ET,PHI,0
RW,Kieffer Bellows (27150724),Kieffer Bellows,27150724,W/UTIL,2500,FLA@PHI 03/21/2023 07:00PM ET,PHI,3.35
RW,Bobby Brink (27150726),Bobby Brink,27150726,W/UTIL,2500,FLA@PHI 03/21/2023 07:00PM ET,PHI,0
LW,Elliot Desnoyers (27150728),Elliot Desnoyers,27150728,W/UTIL,2500,FLA@PHI 03/21/2023 07:00PM ET,PHI,3.18
RW,Olle Lycksell (27150730),Olle Lycksell,27150730,W/UTIL,2500,FLA@PHI 03/21/2023 07:00PM ET,PHI,3.08
LW,Max Willman (27150732),Max Willman,27150732,W/UTIL,2500,FLA@PHI 03/21/2023 07:00PM ET,PHI,2.37
LW,Ryan Lomberg (27150814),Ryan Lomberg,27150814,W/UTIL,2500,FLA@PHI 03/21/2023 07:00PM ET,FLA,4.35
RW,Colin White (27150816),Colin White,27150816,W/UTIL,2500,FLA@PHI 03/21/2023 07:00PM ET,FLA,3.9
LW,Nick Cousins (27150818),Nick Cousins,27150818,W/UTIL,2500,FLA@PHI 03/21/2023 07:00PM ET,FLA,4.78
LW,Givani Smith (27150820),Givani Smith,27150820,W/UTIL,2500,FLA@PHI 03/21/2023 07:00PM ET,FLA,2.80
RW,Patric Hornqvist (27150822),Patric Hornqvist,27150822,W/UTIL,2500,FLA@PHI 03/21/2023 07:00PM ET,FLA,4.18
LW,Anton Levtchi (27150824),Anton Levtchi,27150824,W/UTIL,2500,FLA@PHI 03/21/2023 07:00PM ET,FLA,0.75
RW,Zac Dalpe (27150826),Zac Dalpe,27150826,W/UTIL,2500,FLA@PHI 03/21/2023 07:00PM ET,FLA,4.31
LW,Grigori Denisenko (27150828),Grigori Denisenko,27150828,W/UTIL,2500,FLA@PHI 03/21/2023 07:00PM ET,FLA,2.74
D,Ryan Ellis (27151314),Ryan Ellis,27151314,D/UTIL,2500,FLA@PHI 03/21/2023 07:00PM ET,PHI,0
D,Justin Braun (27151316),Justin Braun,27151316,D/UTIL,2500,FLA@PHI 03/21/2023 07:00PM ET,PHI,2.90
D,Egor Zamula (27151318),Egor Zamula,27151318,D/UTIL,2500,FLA@PHI 03/21/2023 07:00PM ET,PHI,2.67
D,Josh Mahura (27151380),Josh Mahura,27151380,D/UTIL,2500,FLA@PHI 03/21/2023 07:00PM ET,FLA,4.03
D,Casey Fitzgerald (27151382),Casey Fitzgerald,27151382,D/UTIL,2500,FLA@PHI 03/21/2023 07:00PM ET,FLA,2.04
D,Matt Kiersted (27151384),Matt Kiersted,27151384,D/UTIL,2500,FLA@PHI 03/21/2023 07:00PM ET,FLA,2.68
C,Logan Brown (27150120),Logan Brown,27150120,C/UTIL,2500,DET@STL 03/21/2023 08:00PM ET,STL,2.49
C,Nikita Alexandrov (27150122),Nikita Alexandrov,27150122,C/UTIL,2500,DET@STL 03/21/2023 08:00PM ET,STL,3.84
C,Tanner Dickinson (27150124),Tanner Dickinson,27150124,C/UTIL,2500,DET@STL 03/21/2023 08:00PM ET,STL,0
C,Joe Veleno (27150204),Joe Veleno,27150204,C/UTIL,2500,DET@STL 03/21/2023 08:00PM ET,DET,3.88
C,Austin Czarnik (27150206),Austin Czarnik,27150206,C/UTIL,2500,DET@STL 03/21/2023 08:00PM ET,DET,2.99
RW,Josh Leivo (27150592),Josh Leivo,27150592,W/UTIL,2500,DET@STL 03/21/2023 08:00PM ET,STL,5.19
LW,Nathan Walker (27150594),Nathan Walker,27150594,W/UTIL,2500,DET@STL 03/21/2023 08:00PM ET,STL,3.04
RW,Tyler Pitlick (27150596),Tyler Pitlick,27150596,W/UTIL,2500,DET@STL 03/21/2023 08:00PM ET,STL,3.54
RW,Jake Neighbours (27150598),Jake Neighbours,27150598,W/UTIL,2500,DET@STL 03/21/2023 08:00PM ET,STL,4.13
LW,Matthew Peca (27150600),Matthew Peca,27150600,W/UTIL,2500,DET@STL 03/21/2023 08:00PM ET,STL,0
RW,Will Bitten (27150602),Will Bitten,27150602,W/UTIL,2500,DET@STL 03/21/2023 08:00PM ET,STL,1.25
RW,Matthew Highmore (27150604),Matthew Highmore,27150604,W/UTIL,2500,DET@STL 03/21/2023 08:00PM ET,STL,1.5
LW,Adam Erne (27150848),Adam Erne,27150848,W/UTIL,2500,DET@STL 03/21/2023 08:00PM ET,DET,4.94
LW,Michael Rasmussen (27150850),Michael Rasmussen,27150850,W/UTIL,2500,DET@STL 03/21/2023 08:00PM ET,DET,7.11
RW,Matt Luff (27150852),Matt Luff,27150852,W/UTIL,2500,DET@STL 03/21/2023 08:00PM ET,DET,3.27
LW,Elmer Soderblom (27150854),Elmer Soderblom,27150854,W/UTIL,2500,DET@STL 03/21/2023 08:00PM ET,DET,5.70
D,Robert Bortuzzo (27151242),Robert Bortuzzo,27151242,D/UTIL,2500,DET@STL 03/21/2023 08:00PM ET,STL,3.18
D,Tyler Tucker (27151244),Tyler Tucker,27151244,D/UTIL,2500,DET@STL 03/21/2023 08:00PM ET,STL,3.65
D,Dmitri Samorukov (27151246),Dmitri Samorukov,27151246,D/UTIL,2500,DET@STL 03/21/2023 08:00PM ET,STL,0
D,Scott Perunovich (27151248),Scott Perunovich,27151248,D/UTIL,2500,DET@STL 03/21/2023 08:00PM ET,STL,0
D,Steven Santini (27151250),Steven Santini,27151250,D/UTIL,2500,DET@STL 03/21/2023 08:00PM ET,STL,7.88
D,Jordan Oesterle (27151398),Jordan Oesterle,27151398,D/UTIL,2500,DET@STL 03/21/2023 08:00PM ET,DET,4.71
D,Mark Pysyk (27151400),Mark Pysyk,27151400,D/UTIL,2500,DET@STL 03/21/2023 08:00PM ET,DET,0
C,Nils Aman (27150134),Nils Aman,27150134,C/UTIL,2500,VGK@VAN 03/21/2023 10:00PM ET,VAN,3.55
C,Aatu Raty (27150136),Aatu Raty,27150136,C/UTIL,2500,VGK@VAN 03/21/2023 10:00PM ET,VAN,3.5
C,Teddy Blueger (27150166),Teddy Blueger,27150166,C/UTIL,2500,VGK@VAN 03/21/2023 10:00PM ET,VGK,4.81
C,Byron Froese (27150168),Byron Froese,27150168,C/UTIL,2500,VGK@VAN 03/21/2023 10:00PM ET,VGK,5.06
LW,Dakota Joshua (27150636),Dakota Joshua,27150636,W/UTIL,2500,VGK@VAN 03/21/2023 10:00PM ET,VAN,3.56
LW,Vitali Kravtsov (27150638),Vitali Kravtsov,27150638,W/UTIL,2500,VGK@VAN 03/21/2023 10:00PM ET,VAN,3.23
RW,Vasily Podkolzin (27150640),Vasily Podkolzin,27150640,W/UTIL,2500,VGK@VAN 03/21/2023 10:00PM ET,VAN,3.21
LW,Tanner Pearson (27150642),Tanner Pearson,27150642,W/UTIL,2500,VGK@VAN 03/21/2023 10:00PM ET,VAN,4.14
RW,Jack Studnicka (27150644),Jack Studnicka,27150644,W/UTIL,2500,VGK@VAN 03/21/2023 10:00PM ET,VAN,3.85
RW,Micheal Ferland (27150646),Micheal Ferland,27150646,W/UTIL,2500,VGK@VAN 03/21/2023 10:00PM ET,VAN,0
LW,Ilya Mikheyev (27150648),Ilya Mikheyev,27150648,W/UTIL,2500,VGK@VAN 03/21/2023 10:00PM ET,VAN,7.46
LW,Nils Hoglander (27150650),Nils Hoglander,27150650,W/UTIL,2500,VGK@VAN 03/21/2023 10:00PM ET,VAN,4.38
LW,Aidan McDonough (27150652),Aidan McDonough,27150652,W/UTIL,2500,VGK@VAN 03/21/2023 10:00PM ET,VAN,0
LW,Paul Cotter (27150734),Paul Cotter,27150734,W/UTIL,2500,VGK@VAN 03/21/2023 10:00PM ET,VGK,5.36
LW,Brett Howden (27150736),Brett Howden,27150736,W/UTIL,2500,VGK@VAN 03/21/2023 10:00PM ET,VGK,3.94
RW,Keegan Kolesar (27150738),Keegan Kolesar,27150738,W/UTIL,2500,VGK@VAN 03/21/2023 10:00PM ET,VGK,3.49
LW,Nolan Patrick (27150740),Nolan Patrick,27150740,W/UTIL,2500,VGK@VAN 03/21/2023 10:00PM ET,VGK,0
LW,Jonas Rondbjerg (27150742),Jonas Rondbjerg,27150742,W/UTIL,2500,VGK@VAN 03/21/2023 10:00PM ET,VGK,2.82
RW,Sheldon Rempal (27150744),Sheldon Rempal,27150744,W/UTIL,2500,VGK@VAN 03/21/2023 10:00PM ET,VGK,0
D,Christian Wolanin (27151268),Christian Wolanin,27151268,D/UTIL,2500,VGK@VAN 03/21/2023 10:00PM ET,VAN,3.91
D,Tucker Poolman (27151270),Tucker Poolman,27151270,D/UTIL,2500,VGK@VAN 03/21/2023 10:00PM ET,VAN,4.03
D,Travis Dermott (27151272),Travis Dermott,27151272,D/UTIL,2500,VGK@VAN 03/21/2023 10:00PM ET,VAN,3.18
D,Jack Rathbone (27151274),Jack Rathbone,27151274,D/UTIL,2500,VGK@VAN 03/21/2023 10:00PM ET,VAN,3.23
D,Ben Hutton (27151320),Ben Hutton,27151320,D/UTIL,2500,VGK@VAN 03/21/2023 10:00PM ET,VGK,5.46
D,Daniil Miromanov (27151322),Daniil Miromanov,27151322,D/UTIL,2500,VGK@VAN 03/21/2023 10:00PM ET,VGK,6.42
D,Brayden Pachal (27151324),Brayden Pachal,27151324,D/UTIL,2500,VGK@VAN 03/21/2023 10:00PM ET,VGK,5.41
D,Kaedan Korczak (27151326),Kaedan Korczak,27151326,D/UTIL,2500,VGK@VAN 03/21/2023 10:00PM ET,VGK,5.04
C,Lane Pederson (27150114),Lane Pederson,27150114,C/UTIL,2500,CLS@WAS 03/21/2023 07:00PM ET,CLS,3.26
C,Brendan Gaunce (27150116),Brendan Gaunce,27150116,C/UTIL,2500,CLS@WAS 03/21/2023 07:00PM ET,CLS,4.22
C,Josh Dunne (27150118),Josh Dunne,27150118,C/UTIL,2500,CLS@WAS 03/21/2023 07:00PM ET,CLS,0
LW,Liam Foudy (27150578),Liam Foudy,27150578,W/UTIL,2500,CLS@WAS 03/21/2023 07:00PM ET,CLS,3.28
RW,Mathieu Olivier (27150580),Mathieu Olivier,27150580,W/UTIL,2500,CLS@WAS 03/21/2023 07:00PM ET,CLS,4.50
LW,Eric Robinson (27150582),Eric Robinson,27150582,W/UTIL,2500,CLS@WAS 03/21/2023 07:00PM ET,CLS,4.98
RW,Carson Meyer (27150584),Carson Meyer,27150584,W/UTIL,2500,CLS@WAS 03/21/2023 07:00PM ET,CLS,2.45
LW,Yegor Chinakhov (27150586),Yegor Chinakhov,27150586,W/UTIL,2500,CLS@WAS 03/21/2023 07:00PM ET,CLS,5.77
LW,Joona Luoto (27150588),Joona Luoto,27150588,W/UTIL,2500,CLS@WAS 03/21/2023 07:00PM ET,CLS,0
RW,Trey Fix-Wolansky (27150590),Trey Fix-Wolansky,27150590,W/UTIL,2500,CLS@WAS 03/21/2023 07:00PM ET,CLS,3.55
RW,Nicolas Aube-Kubel (27150654),Nicolas Aube-Kubel,27150654,W/UTIL,2500,CLS@WAS 03/21/2023 07:00PM ET,WAS,3.73
LW,Aliaksei Protas (27150656),Aliaksei Protas,27150656,W/UTIL,2500,CLS@WAS 03/21/2023 07:00PM ET,WAS,3.91
RW,Connor Brown (27150658),Connor Brown,27150658,W/UTIL,2500,CLS@WAS 03/21/2023 07:00PM ET,WAS,1.08
LW,Carl Hagelin (27150660),Carl Hagelin,27150660,W/UTIL,2500,CLS@WAS 03/21/2023 07:00PM ET,WAS,0
LW,Joe Snively (27150662),Joe Snively,27150662,W/UTIL,2500,CLS@WAS 03/21/2023 07:00PM ET,WAS,4.8
LW,Beck Malenstyn (27150664),Beck Malenstyn,27150664,W/UTIL,2500,CLS@WAS 03/21/2023 07:00PM ET,WAS,4.42
LW,Connor McMichael (27150666),Connor McMichael,27150666,W/UTIL,2500,CLS@WAS 03/21/2023 07:00PM ET,WAS,1.65
RW,Kody Clark (27150668),Kody Clark,27150668,W/UTIL,2500,CLS@WAS 03/21/2023 07:00PM ET,WAS,0
D,Zach Werenski (27151234),Zach Werenski,27151234,D/UTIL,2500,CLS@WAS 03/21/2023 07:00PM ET,CLS,12.4
D,Billy Sweezey (27151236),Billy Sweezey,27151236,D/UTIL,2500,CLS@WAS 03/21/2023 07:00PM ET,CLS,0
D,Jake Christiansen (27151238),Jake Christiansen,27151238,D/UTIL,2500,CLS@WAS 03/21/2023 07:00PM ET,CLS,4.01
D,Marcus Bjork (27151240),Marcus Bjork,27151240,D/UTIL,2500,CLS@WAS 03/21/2023 07:00PM ET,CLS,6.39
D,Gabriel Carlsson (27151276),Gabriel Carlsson,27151276,D/UTIL,2500,CLS@WAS 03/21/2023 07:00PM ET,WAS,3.16
D,Lucas Johansen (27151278),Lucas Johansen,27151278,D/UTIL,2500,CLS@WAS 03/21/2023 07:00PM ET,WAS,4.2
D,Vincent Iorio (27151280),Vincent Iorio,27151280,D/UTIL,2500,CLS@WAS 03/21/2023 07:00PM ET,WAS,4.47
D,Dylan McIlrath (27151282),Dylan McIlrath,27151282,D/UTIL,2500,CLS@WAS 03/21/2023 07:00PM ET,WAS,3.1
C,Laurent Dauphin (27150138),Laurent Dauphin,27150138,C/UTIL,2500,ARI@WPG 03/21/2023 08:00PM ET,ARI,2.67
C,Bryan Little (27150140),Bryan Little,27150140,C/UTIL,2500,ARI@WPG 03/21/2023 08:00PM ET,ARI,0
C,Jean-Sebastien Dea (27150142),Jean-Sebastien Dea,27150142,C/UTIL,2500,ARI@WPG 03/21/2023 08:00PM ET,ARI,0.7
C,Kevin Stenlund (27150178),Kevin Stenlund,27150178,C/UTIL,2500,ARI@WPG 03/21/2023 08:00PM ET,WPG,3.99
C,Karson Kuhlman (27150180),Karson Kuhlman,27150180,C/UTIL,2500,ARI@WPG 03/21/2023 08:00PM ET,WPG,3.13
C,Sam Gagner (27150182),Sam Gagner,27150182,C/UTIL,2500,ARI@WPG 03/21/2023 08:00PM ET,WPG,4.92
RW,Christian Fischer (27150670),Christian Fischer,27150670,W/UTIL,2500,ARI@WPG 03/21/2023 08:00PM ET,ARI,5.39
RW,Zack Kassian (27150672),Zack Kassian,27150672,W/UTIL,2500,ARI@WPG 03/21/2023 08:00PM ET,ARI,1.27
LW,Liam O'Brien (27150674),Liam O'Brien,27150674,W/UTIL,2500,ARI@WPG 03/21/2023 08:00PM ET,ARI,2.56
LW,Andrew Ladd (27150676),Andrew Ladd,27150676,W/UTIL,2500,ARI@WPG 03/21/2023 08:00PM ET,ARI,0
LW,Jakub Voracek (27150678),Jakub Voracek,27150678,W/UTIL,2500,ARI@WPG 03/21/2023 08:00PM ET,ARI,6.19
RW,Dylan Guenther (27150680),Dylan Guenther,27150680,W/UTIL,2500,ARI@WPG 03/21/2023 08:00PM ET,ARI,5.93
LW,Bokondji Imama (27150682),Bokondji Imama,27150682,W/UTIL,2500,ARI@WPG 03/21/2023 08:00PM ET,ARI,0.65
RW,Milos Kelemen (27150684),Milos Kelemen,27150684,W/UTIL,2500,ARI@WPG 03/21/2023 08:00PM ET,ARI,2.3
RW,Jan Jenik (27150686),Jan Jenik,27150686,W/UTIL,2500,ARI@WPG 03/21/2023 08:00PM ET,ARI,1.3
LW,Michael Carcone (27150688),Michael Carcone,27150688,W/UTIL,2500,ARI@WPG 03/21/2023 08:00PM ET,ARI,5.09
RW,Saku Maenalanen (27150770),Saku Maenalanen,27150770,W/UTIL,2500,ARI@WPG 03/21/2023 08:00PM ET,WPG,3.51
LW,David Gustafsson (27150772),David Gustafsson,27150772,W/UTIL,2500,ARI@WPG 03/21/2023 08:00PM ET,WPG,2.80
LW,Axel Jonsson-Fjallby (27150774),Axel Jonsson-Fjallby,27150774,W/UTIL,2500,ARI@WPG 03/21/2023 08:00PM ET,WPG,3.89
RW,Kristian Reichel (27150776),Kristian Reichel,27150776,W/UTIL,2500,ARI@WPG 03/21/2023 08:00PM ET,WPG,3.25
RW,Jansen Harkins (27150778),Jansen Harkins,27150778,W/UTIL,2500,ARI@WPG 03/21/2023 08:00PM ET,WPG,3.49
LW,Dominic Toninato (27150780),Dominic Toninato,27150780,W/UTIL,2500,ARI@WPG 03/21/2023 08:00PM ET,WPG,3.45
D,Connor Mackey (27151284),Connor Mackey,27151284,D/UTIL,2500,ARI@WPG 03/21/2023 08:00PM ET,ARI,4.17
D,Shea Weber (27151286),Shea Weber,27151286,D/UTIL,2500,ARI@WPG 03/21/2023 08:00PM ET,ARI,0
D,Michael Kesselring (27151288),Michael Kesselring,27151288,D/UTIL,2500,ARI@WPG 03/21/2023 08:00PM ET,ARI,3.18
D,Vladislav Kolyachonok (27151290),Vladislav Kolyachonok,27151290,D/UTIL,2500,ARI@WPG 03/21/2023 08:00PM ET,ARI,2.8
D,Kyle Capobianco (27151348),Kyle Capobianco,27151348,D/UTIL,2500,ARI@WPG 03/21/2023 08:00PM ET,WPG,3.52
D,Logan Stanley (27151350),Logan Stanley,27151350,D/UTIL,2500,ARI@WPG 03/21/2023 08:00PM ET,WPG,3.69
D,Ville Heinola (27151352),Ville Heinola,27151352,D/UTIL,2500,ARI@WPG 03/21/2023 08:00PM ET,WPG,2.16
